Kod;Nazwa;ogółem-2003-[osoba];ogółem-2004-[osoba];ogółem-2005-[osoba];ogółem-2006-[osoba];ogółem-2007-[osoba];ogółem-2008-[osoba];ogółem-2009-[osoba];ogółem-2010-[osoba];ogółem-2011-[osoba];ogółem-2012-[osoba];ogółem-2013-[osoba];ogółem-2014-[osoba];ogółem-2015-[osoba];ogółem-2016-[osoba];ogółem-2017-[osoba];ogółem-2018-[osoba];ogółem-2019-[osoba];ogółem-2020-[osoba];ogółem-2021-[osoba];ogółem-2022-[osoba];ogółem-2023-[osoba];ogółem-2024-[osoba];ogółem-2025-[osoba]
0000000;POLSKA;3175674;2999601;2773000;2309410;1746573;1473752;1892680;1954706;1982676;2136815;2157883;1825180;1563339;1335155;1081746;968888;866374;1046432;895203;812301;788229;786179;887865
0200000;DOLNOŚLĄSKIE;278271;257129;233352;185417;127457;113890;146260;150282;143575;157369;153558;121562;99952;85984;68813;62842;56022;68822;58738;53952;52970;55474;63758
0201000;Powiat bolesławiecki;8803;7966;7066;5310;4049;3428;4782;4552;3788;4369;4000;2799;2375;1852;1389;1283;1293;1885;1570;973;886;960;1205
0201011;Bolesławiec;3736;3285;2835;2083;1673;1529;1979;1966;1700;1865;1694;1177;994;747;557;498;516;761;622;399;364;433;528
0201022;Bolesławiec;1173;1080;992;694;533;544;712;685;567;661;608;454;363;273;209;212;198;286;253;148;134;153;217
0201032;Gromadka;724;640;557;437;314;173;301;300;254;272;249;196;188;160;93;93;76;119;124;68;45;58;53
0201043;Nowogrodziec;1475;1398;1245;947;662;609;874;693;501;673;595;412;378;308;249;215;234;342;254;157;151;123;158
0201052;Osiecznica;809;740;681;571;383;226;398;408;365;420;387;255;227;174;140;132;133;175;147;96;91;86;103
0201062;Warta Bolesławiecka;886;823;756;578;484;347;518;500;401;478;467;305;225;190;141;133;136;202;170;105;101;107;146
0202000;Powiat dzierżoniowski;12436;12085;12292;10466;8083;7220;8089;7359;6191;6504;6280;4803;3436;2877;2123;1754;1468;1949;1511;1510;1593;1739;2117
0202011;Bielawa;3744;3541;3854;3364;2291;2295;2504;2167;1832;1834;1724;1278;888;746;479;398;325;437;373;418;427;482;609
0202021;Dzierżoniów;4009;3882;3843;3304;2742;2337;2619;2434;1992;2086;1986;1497;1102;935;733;571;515;687;505;487;487;540;678
0202031;Pieszyce;1079;1088;1086;910;742;652;772;741;602;621;612;513;365;282;208;196;154;205;142;147;162;173;211
0202041;Piława Górna;1026;977;933;676;572;528;595;568;501;577;534;413;297;244;187;148;136;168;130;141;138;142;162
0202052;Dzierżoniów;1116;1116;1155;1023;774;641;720;682;595;597;660;507;374;305;236;189;146;199;159;140;183;178;200
0202062;Łagiewniki;730;754;728;579;462;361;458;409;311;384;382;293;199;166;136;123;102;125;106;105;124;123;131
0202073;Niemcza;732;727;693;610;500;406;421;358;358;405;382;302;211;199;144;129;90;128;96;72;72;101;126
0203000;Powiat głogowski;9009;7974;7255;5760;4123;3596;4589;4528;4360;4774;4558;4139;3674;2995;2638;2602;2036;2232;2083;1747;1761;1776;1988
0203011;Głogów;6910;6000;5414;4219;2977;2501;3251;3186;3045;3384;3193;2907;2545;2091;1816;1774;1414;1565;1456;1227;1238;1254;1413
0203022;Głogów;575;530;482;384;297;284;370;338;367;384;331;307;300;236;214;223;154;182;178;124;134;132;154
0203032;Jerzmanowa;299;297;273;223;164;153;186;199;192;209;204;180;172;138;118;123;115;120;109;87;110;109;110
0203042;Kotla;484;447;413;363;253;249;301;310;301;319;316;288;258;212;205;190;136;162;140;127;118;130;129
0203052;Pęcław;339;313;307;257;179;178;215;211;198;202;224;208;182;143;135;129;99;89;77;79;75;63;84
0203062;Żukowice;402;387;366;314;253;231;266;284;257;276;290;249;217;175;150;163;118;114;123;103;86;88;98
0204000;Powiat górowski;4561;4270;3992;3418;2401;2113;2863;3287;3195;3369;3415;2712;2565;2059;1816;1671;1530;1713;1521;1282;1302;1307;1458
0204013;Góra;2570;2403;2256;1947;1309;1237;1651;1904;1839;1943;1942;1494;1408;1129;1003;897;855;947;857;731;740;721;843
0204022;Jemielno;419;378;372;318;258;215;289;329;319;335;342;274;268;222;187;165;144;164;158;124;128;130;143
0204032;Niechlów;646;621;604;573;389;314;421;466;471;496;498;427;371;282;263;240;208;255;213;171;181;180;184
0204043;Wąsosz;926;868;760;580;445;347;502;588;566;595;633;517;518;426;363;369;323;347;293;256;253;276;288
0205000;Powiat jaworski;7032;6206;5834;4654;3478;2999;3909;4160;4143;4384;4171;3074;2785;2544;2154;1956;1698;1885;1635;1605;1550;1564;1729
0205011;Jawor;3038;2764;2533;1911;1339;1107;1599;1702;1628;1732;1554;1159;991;919;782;671;578;637;553;546;565;560;634
0205023;Bolków;1902;1585;1580;1411;1167;1111;1298;1266;1329;1392;1392;941;901;822;689;682;566;634;549;540;481;464;502
0205032;Męcinka;650;545;522;388;281;238;316;356;351;401;376;301;288;250;203;166;142;167;145;145;149;152;173
0205042;Mściwojów;543;486;447;355;266;216;275;362;307;333;333;257;241;209;176;152;139;156;143;125;130;132;150
0205052;Paszowice;481;421;361;312;223;173;238;264;294;263;285;227;200;184;165;138;160;161;127;140;111;147;151
0205062;Wądroże Wielkie;418;405;391;277;202;154;183;210;234;263;231;189;164;160;139;147;113;130;118;109;114;109;119
0206000;Powiat karkonoski;6364;5642;5055;4391;2866;2640;3838;4414;4124;4126;3842;3103;2490;2224;1795;1734;1594;1945;1933;1638;1613;1620;1680
0206011;Karpacz;509;490;442;386;247;171;270;324;296;270;244;195;158;148;117;105;99;126;117;91;91;94;98
0206021;Kowary;1152;1015;887;725;534;546;801;900;788;801;695;552;461;408;321;310;290;342;363;312;294;307;315
0206031;Piechowice;618;497;501;362;210;232;310;372;311;353;346;268;192;179;144;125;126;166;158;127;130;152;148
0206041;Szklarska Poręba;708;602;579;526;349;260;370;371;401;393;373;326;232;207;150;153;117;158;157;137;122;125;118
0206052;Janowice Wielkie;488;432;356;307;189;181;253;301;321;310;300;225;201;175;174;174;139;149;145;119;131;108;129
0206062;Jeżów Sudecki;573;512;471;411;273;215;334;370;371;381;370;298;223;217;158;143;145;174;177;146;154;180;189
0206072;Mysłakowice;930;778;663;635;426;464;698;801;684;702;634;522;454;410;341;345;313;384;356;327;308;287;305
0206082;Podgórzyn;791;788;700;628;385;338;443;567;562;519;524;416;330;288;224;229;220;261;252;213;221;209;236
0206092;Stara Kamienica;595;528;456;411;253;233;359;408;390;397;356;301;239;192;166;150;145;185;208;166;162;158;142
0207000;Powiat kamiennogórski;5361;4750;4306;3502;2206;2354;3401;3323;3248;3395;2997;2212;1619;1447;1016;825;776;1066;792;735;726;894;1016
0207011;Kamienna Góra;2294;1979;1859;1546;994;1108;1516;1454;1444;1548;1389;935;733;653;464;347;335;466;344;306;323;384;466
0207022;Kamienna Góra;954;798;774;606;379;452;672;634;596;629;565;456;314;287;226;174;152;218;151;143;139;180;184
0207033;Lubawka;1457;1344;1112;881;470;555;839;838;815;815;695;524;369;339;214;198;190;254;195;186;186;228;263
0207042;Marciszów;656;629;561;469;363;239;374;397;393;403;348;297;203;168;112;106;99;128;102;100;78;102;103
0208000;Powiat kłodzki;22848;21299;20481;16833;13561;12596;13528;13704;13597;14917;15024;12461;10208;8064;6136;5717;5330;6159;5682;5399;5298;5756;6005
0208011;Duszniki-Zdrój;711;603;610;494;453;430;496;475;426;442;429;312;313;199;149;138;120;132;134;124;114;117;126
0208021;Kłodzko;3413;3266;3027;2513;2106;1904;1894;1949;2073;2264;2210;1931;1582;1199;907;836;752;935;893;798;822;907;990
0208031;Kudowa-Zdrój;1565;1464;1408;1029;766;721;945;916;926;1004;1045;952;738;551;392;306;268;322;291;270;266;303;312
0208041;Nowa Ruda;2993;2921;2746;2224;1768;1496;1793;1864;1844;2069;2026;1486;1239;976;767;703;650;760;686;691;734;716;778
0208051;Polanica-Zdrój;934;818;777;639;487;478;450;510;474;578;586;477;369;273;196;179;169;187;189;181;174;192;217
0208063;Bystrzyca Kłodzka;2826;2638;2498;2339;1881;1707;1756;1788;1739;1814;1808;1585;1277;1033;847;853;790;872;746;744;732;761;743
0208072;Kłodzko;2583;2495;2376;1960;1595;1426;1415;1478;1463;1532;1632;1418;1196;975;655;598;569;668;640;628;610;697;720
0208083;Lądek-Zdrój;1145;1002;914;741;571;561;571;573;551;641;664;551;425;359;325;305;261;328;297;298;286;351;294
0208092;Lewin Kłodzki;343;285;306;215;191;171;189;201;220;230;243;219;182;139;92;76;64;87;74;80;75;82;81
0208103;Międzylesie;1221;1059;1064;886;704;788;865;773;726;818;804;643;531;480;407;378;334;348;347;330;318;330;349
0208112;Nowa Ruda;1724;1656;1568;1354;1100;928;1010;1052;1089;1251;1183;894;762;633;494;471;444;509;467;446;395;455;490
0208123;Radków;1408;1253;1172;940;699;678;755;773;795;902;950;769;614;434;350;288;311;337;339;296;298;338;371
0208133;Stronie Śląskie;952;914;865;764;657;770;790;752;691;724;764;596;464;417;317;302;359;356;296;266;243;273;276
0208143;Szczytna;1030;925;1150;735;583;538;599;600;580;648;680;628;516;396;238;284;239;318;283;247;231;234;258
0209000;Powiat legnicki;6229;5692;5208;3914;2716;2248;2959;3196;3487;3661;3723;3115;2600;2345;2100;1921;1643;1940;1734;1681;1530;1461;1608
0209011;Chojnów;1991;1819;1746;1384;1118;939;1124;1142;1229;1178;1204;1066;834;743;689;628;544;623;522;534;467;467;514
0209022;Chojnów;1334;1218;1160;879;750;616;814;809;826;889;912;740;614;548;539;494;449;462;407;400;374;342;387
0209032;Krotoszyce;331;308;243;191;74;61;97;120;142;153;137;106;114;88;93;76;60;74;88;73;74;70;58
0209042;Kunice;452;450;405;269;170;149;209;221;254;263;288;250;218;210;137;143;128;170;174;165;144;138;158
0209052;Legnickie Pole;350;342;274;206;112;94;127;165;180;192;184;157;149;112;121;106;94;99;90;82;71;80;81
0209062;Miłkowice;631;530;493;388;219;138;235;300;349;388;405;332;292;281;212;210;171;220;199;174;170;149;170
0209073;Prochowice;858;766;665;435;192;182;269;339;384;430;420;311;261;246;219;187;140;211;187;193;156;149;188
0209082;Ruja;282;259;222;162;81;69;84;100;123;168;173;153;118;117;90;77;57;81;67;60;74;66;52
0210000;Powiat lubański;6371;6100;5579;4753;3985;4090;4585;4683;4354;4328;3957;3158;2434;1938;1577;1234;1167;1511;1184;1053;1001;1057;1151
0210011;Lubań;2338;2200;1968;1581;1302;1283;1525;1629;1374;1367;1295;957;709;555;427;332;294;391;313;308;305;336;364
0210021;Świeradów-Zdrój;504;487;445;374;299;275;284;318;311;326;301;244;211;144;121;113;92;131;100;71;71;79;80
0210033;Leśna;1367;1306;1266;1114;924;927;1044;1160;1111;1080;939;823;703;543;463;331;334;391;305;293;269;260;287
0210042;Lubań;826;792;708;705;565;537;582;529;564;542;524;393;342;260;202;145;153;190;149;122;116;131;141
0210052;Olszyna;685;668;614;487;455;618;658;584;544;561;497;415;240;232;208;180;156;220;173;141;131;122;138
0210062;Platerówka;162;141;132;105;114;105;142;108;109;108;110;97;65;54;42;34;37;46;30;27;24;28;26
0210072;Siekierczyn;489;506;446;387;326;345;350;355;341;344;291;229;164;150;114;99;101;142;114;91;85;101;115
0211000;Powiat lubiński;9084;7086;5567;4051;2823;2452;3145;3778;3776;4158;4184;3311;2569;2210;1839;1765;1475;1760;1334;1298;1243;1313;1696
0211011;Lubin;6125;4683;3620;2600;1815;1583;2059;2486;2491;2712;2644;2051;1610;1339;1109;1057;892;1113;839;819;779;823;1094
0211022;Lubin;1042;854;700;501;354;288;358;451;402;503;548;446;372;292;277;259;212;279;177;204;190;206;272
0211032;Rudna;733;605;491;421;296;257;297;371;392;383;399;343;245;233;180;181;171;176;138;120;115;130;157
0211043;Ścinawa;1184;944;756;529;358;324;431;470;491;560;593;471;342;346;273;268;200;192;180;155;159;154;173
0212000;Powiat lwówecki;5737;5230;5044;4544;3549;2960;3606;3754;3745;3932;4039;3328;2803;2399;1778;1645;1477;1535;1091;1037;1034;1029;1166
0212013;Gryfów Śląski;1107;954;970;921;676;594;688;696;714;751;792;583;518;418;355;299;296;294;217;204;217;199;235
0212023;Lubomierz;764;743;641;616;507;403;501;518;521;569;594;463;391;317;250;245;207;215;133;131;126;132;160
0212033;Lwówek Śląski;2224;1927;1811;1507;1226;1023;1289;1384;1307;1355;1411;1154;902;799;533;533;482;508;371;323;345;362;417
0212043;Mirsk;1052;1042;1109;1026;768;637;739;757;765;838;842;776;702;632;454;401;353;375;255;240;214;206;236
0212053;Wleń;590;564;513;474;372;303;389;399;438;419;400;352;290;233;186;167;139;143;115;139;132;130;118
0213000;Powiat milicki;3567;3414;3099;2438;2045;1782;2209;2224;2220;2351;2398;1893;1566;1299;1020;894;854;933;723;791;778;731;889
0213012;Cieszków;514;464;511;436;330;278;321;332;329;352;346;310;239;211;160;156;135;151;121;128;128;105;116
0213022;Krośnice;711;710;643;456;372;348;454;467;463;479;500;381;297;256;207;165;167;181;142;169;161;153;194
0213033;Milicz;2342;2240;1945;1546;1343;1156;1434;1425;1428;1520;1552;1202;1030;832;653;573;552;601;460;494;489;473;579
0214000;Powiat oleśnicki;10121;8952;7795;5907;4068;4125;5420;6109;5493;5989;5993;4426;3607;2935;2236;1999;1971;2592;2147;2226;2173;2240;2705
0214011;Oleśnica;3184;2820;2359;1871;1246;1201;1655;1839;1532;1774;1812;1225;1020;849;603;494;502;764;540;559;520;588;759
0214023;Bierutów;1105;1024;949;770;563;542;666;692;732;723;675;492;406;346;344;324;323;367;308;295;288;277;286
0214032;Dobroszyce;596;538;499;360;223;239;279;299;282;310;343;223;177;139;82;80;99;133;97;89;86;86;113
0214042;Dziadowa Kłoda;430;387;376;268;183;207;277;299;257;281;305;229;184;175;150;136;123;133;116;143;117;120;140
0214053;Międzybórz;484;423;404;285;203;227;271;343;328;342;316;266;229;193;140;122;107;145;140;158;149;149;160
0214062;Oleśnica;969;967;888;691;518;433;614;692;626;676;694;480;393;312;205;185;186;278;218;186;220;223;331
0214073;Syców;1704;1510;1299;932;661;703;904;1055;948;988;1020;800;715;543;481;426;384;444;416;443;442;447;482
0214083;Twardogóra;1649;1283;1021;730;471;573;754;890;788;895;828;711;483;378;231;232;247;328;312;353;351;350;434
0215000;Powiat oławski;7361;6082;5070;3368;2261;2359;3553;3545;3456;3863;4456;3072;2768;2543;2105;2030;1622;1844;1400;1531;1443;1583;1841
0215011;Oława;3051;2546;2090;1320;970;967;1450;1505;1426;1718;1610;1384;1231;1125;978;920;739;811;593;678;674;695;783
0215022;Domaniów;531;470;422;274;172;165;272;282;262;306;294;258;242;219;167;150;123;125;127;122;98;111;141
0215033;Jelcz-Laskowice;2593;2018;1674;1174;710;798;1182;991;978;1011;1679;692;610;576;427;464;398;472;344;396;371;431;520
0215042;Oława;1186;1048;884;600;409;429;649;767;790;828;873;738;685;623;533;496;362;436;336;335;300;346;397
0216000;Powiat polkowicki;6431;5608;5098;4066;3096;2753;3199;3409;3362;3373;3306;2939;2450;2266;1795;1689;1651;1819;1708;1558;1490;1476;1592
0216013;Chocianów;1372;1192;1074;967;756;686;763;872;875;812;812;690;590;561;454;418;418;485;467;347;390;352;368
0216022;Gaworzyce;501;444;410;302;230;213;259;260;229;254;257;243;174;133;101;97;82;94;78;93;77;85;86
0216032;Grębocice;662;629;529;485;360;280;296;322;357;334;300;301;255;221;183;139;152;179;152;158;129;125;149
0216043;Polkowice;2121;1784;1591;1118;928;828;1027;1132;1031;1073;1078;919;756;719;529;561;515;594;543;535;500;559;638
0216053;Przemków;1246;1070;1050;859;633;575;623;562;612;652;620;562;503;456;370;349;349;325;335;312;291;251;244
0216062;Radwanice;529;489;444;335;189;171;231;261;258;248;239;224;172;176;158;125;135;142;133;113;103;104;107
0217000;Powiat strzeliński;5093;4990;4674;3955;2851;1905;2590;2590;2331;2801;2670;2250;1938;1795;1609;1538;1408;1622;1515;1395;1370;1382;1576
0217012;Borów;447;448;406;355;239;171;236;201;192;252;232;195;161;164;148;142;135;154;166;147;134;143;160
0217022;Kondratowice;660;663;619;500;363;237;324;372;340;371;370;297;250;219;182;203;179;194;191;174;168;177;208
0217032;Przeworno;787;788;739;660;479;258;328;322;319;367;390;320;263;233;190;197;173;204;171;157;158;142;165
0217043;Strzelin;2364;2296;2165;1833;1382;939;1288;1288;1150;1403;1297;1104;941;888;842;742;714;813;743;700;695;725;809
0217053;Wiązów;835;795;745;607;388;300;414;407;330;408;381;334;323;291;247;254;207;257;244;217;215;195;234
0218000;Powiat średzki;4175;4114;3591;2843;1777;1561;2349;2378;2286;2567;2459;1972;1552;1422;1223;1171;1068;1336;1225;1048;1025;1151;1276
0218012;Kostomłoty;639;607;494;416;266;232;325;368;331;366;365;300;252;236;217;215;184;211;208;169;163;175;190
0218022;Malczyce;450;465;476;368;202;182;272;297;304;330;314;261;172;145;109;122;117;139;122;119;123;131;144
0218032;Miękinia;953;979;805;615;424;328;544;562;523;625;614;477;380;360;306;295;271;380;340;267;268;312;336
0218043;Środa Śląska;1529;1470;1310;1049;628;603;958;879;856;938;885;727;548;478;416;392;347;445;403;361;349;394;456
0218052;Udanin;604;593;506;395;257;216;250;272;272;308;281;207;200;203;175;147;149;161;152;132;122;139;150
0219000;Powiat świdnicki;17945;16154;14340;11778;6865;6931;8361;7907;7510;8942;8138;6499;5740;4998;3969;3627;3284;4048;3256;3174;3338;3525;3994
0219011;Świdnica;6399;5588;4889;4004;2171;2017;2622;2409;2194;2819;2575;1971;1735;1497;1198;1050;949;1248;933;894;931;978;1198
0219021;Świebodzice;2648;2375;2171;1812;1106;1184;1326;1365;1206;1363;1238;1069;1045;884;692;726;669;770;721;680;703;699;773
0219032;Dobromierz;659;635;653;541;349;343;407;462;439;478;432;382;360;339;296;251;232;236;208;206;193;193;207
0219043;Jaworzyna Śląska;1144;1006;901;796;491;425;567;431;477;554;512;404;354;298;219;220;195;242;166;169;205;253;265
0219052;Marcinowice;699;575;544;466;223;222;235;234;245;306;287;200;204;196;154;140;110;135;93;97;118;97;140
0219063;Strzegom;3351;3222;2826;2255;1386;1696;1876;1816;1817;2045;1760;1440;1151;1045;831;740;679;808;705;692;746;773;812
0219072;Świdnica;1680;1507;1315;1060;560;527;700;691;615;808;783;656;572;466;351;316;281;375;279;275;274;319;390
0219083;Żarów;1365;1246;1041;844;579;517;628;499;517;569;551;377;319;273;228;184;169;234;151;161;168;213;209
0220000;Powiat trzebnicki;7339;6930;6363;5030;3399;2463;3585;3519;3415;3945;3973;3017;2523;2271;1899;1734;1526;1664;1406;1401;1442;1496;1773
0220013;Oborniki Śląskie;1351;1187;1095;801;634;414;615;632;598;743;787;626;498;455;387;308;279;313;238;245;265;274;336
0220023;Prusice;992;951;889;622;377;279;431;403;372;468;508;390;328;292;226;202;171;180;148;144;150;165;206
0220033;Trzebnica;1998;1908;1794;1414;826;585;907;902;957;1052;1042;820;666;586;463;461;384;435;357;349;377;368;480
0220042;Wisznia Mała;594;590;564;429;282;160;285;320;284;337;352;272;243;202;149;135;123;145;116;112;114;115;137
0220052;Zawonia;597;589;535;455;272;190;287;293;272;303;300;215;180;171;136;136;95;105;105;101;94;113;163
0220063;Żmigród;1807;1705;1486;1309;1008;835;1060;969;932;1042;984;694;608;565;538;492;474;486;442;450;442;461;451
0221000;Powiat wałbrzyski;22056;21034;19118;16260;10679;9863;12286;11511;11469;12517;4339;3577;2995;2531;1769;1717;1547;1842;1603;1431;1405;1402;1266
0221011;Boguszów-Gorce;2495;2149;1928;1635;1228;1069;1410;1328;1297;1493;1541;1271;1011;902;674;656;548;649;582;541;525;529;439
0221021;Jedlina-Zdrój;584;608;534;460;298;188;291;289;308;293;276;247;213;182;117;112;138;142;120;93;83;85;86
0221031;Szczawno-Zdrój;524;501;425;412;289;232;274;274;261;305;306;249;211;183;130;133;97;122;85;80;76;81;102
0221042;Czarny Bór;607;509;459;409;266;290;368;345;334;413;373;326;284;210;189;145;119;158;163;145;148;143;110
0221053;Głuszyca;1051;1051;1041;1057;740;721;861;779;720;710;666;497;430;306;170;152;155;251;192;165;165;193;171
0221063;Mieroszów;1074;975;811;764;445;442;533;502;474;493;471;385;350;284;185;181;172;177;169;162;134;115;124
0221072;Stare Bogaczowice;511;460;398;360;210;215;245;263;256;255;245;218;173;151;107;117;101;108;83;61;72;88;87
0221082;Walim;901;842;805;712;538;503;589;531;500;526;461;384;323;313;197;221;217;235;209;184;202;168;147
0221091;Wałbrzych od 2003 do 2012;14309;13939;12717;10451;6665;6203;7715;7200;7319;8029;;;;;;;;;;;;;
0222000;Powiat wołowski;4473;4128;3827;3096;2607;2519;3444;3597;3437;3881;3738;3006;2416;2429;2075;1902;1795;1995;1897;1804;1771;1634;1747
0222013;Brzeg Dolny;1337;1299;1130;886;753;666;989;998;951;1047;1029;787;603;612;421;405;353;467;414;410;402;392;490
0222022;Wińsko;934;860;848;683;484;500;686;737;729;814;800;657;559;541;517;450;422;435;433;444;433;375;387
0222033;Wołów;2202;1969;1849;1527;1370;1353;1769;1862;1757;2020;1909;1562;1254;1276;1137;1047;1020;1093;1050;950;936;867;870
0223000;Powiat wrocławski;6996;6974;6274;3989;2047;1595;2600;2792;2575;3284;3057;2429;2167;1857;1415;1334;1195;1747;1552;1299;1237;1353;1800
0223012;Czernica;554;581;514;324;195;136;238;269;262;326;320;269;239;187;157;162;139;186;193;149;124;166;197
0223022;Długołęka;1158;1133;951;640;328;279;507;534;517;638;619;446;374;329;244;240;215;387;326;244;273;293;400
0223032;Jordanów Śląski;187;196;178;109;51;32;61;76;63;109;110;64;67;70;44;39;22;34;31;31;22;17;36
0223043;Kąty Wrocławskie;1481;1436;1254;661;272;241;386;428;370;502;437;372;310;284;226;214;192;263;224;207;190;189;254
0223052;Kobierzyce;742;810;771;458;265;235;324;374;349;400;407;305;277;238;177;179;183;259;197;164;150;157;229
0223062;Mietków;307;307;273;166;75;51;83;106;88;104;93;82;77;51;54;48;50;60;50;43;44;43;46
0223073;Sobótka;1168;1136;1092;758;391;236;387;350;323;433;365;309;282;235;166;140;115;171;162;166;131;133;187
0223083;Siechnice;855;823;716;476;285;224;378;408;366;473;454;355;320;300;215;191;172;244;235;191;198;248;317
0223092;Żórawina;544;552;525;397;185;161;236;247;237;299;252;227;221;163;132;121;107;143;134;104;105;107;134
0224000;Powiat ząbkowicki;8567;8163;8010;6779;4268;4224;4670;5437;5172;5409;5260;4351;3363;3159;2600;2416;2035;2202;1806;1866;1948;1995;2205
0224013;Bardo;734;666;638;581;422;379;361;487;502;538;497;432;305;279;241;179;178;171;135;149;152;161;184
0224022;Ciepłowody;481;451;455;396;203;200;235;232;215;278;270;239;192;151;126;118;118;109;89;89;113;105;111
0224032;Kamieniec Ząbkowicki;1104;1120;1060;959;677;595;547;785;611;670;590;490;400;333;277;289;259;261;192;222;212;213;231
0224042;Stoszowice;680;652;616;510;327;409;423;474;431;401;424;361;292;291;304;270;178;165;152;156;165;150;153
0224053;Ząbkowice Śląskie;2706;2510;2513;2036;1300;1236;1504;1552;1588;1612;1491;1270;1012;1003;829;772;587;631;526;527;572;589;715
0224063;Ziębice;2247;2131;2133;1752;921;990;1201;1442;1389;1362;1457;1073;821;764;597;580;510;647;530;535;540;583;585
0224073;Złoty Stok;615;633;595;545;418;415;399;465;436;548;531;486;341;338;226;208;205;218;182;188;194;194;226
0225000;Powiat zgorzelecki;9833;9587;8286;6182;4059;3625;4687;4334;4079;4580;4666;3720;2645;2239;1539;1437;1369;1625;1440;1311;1276;1378;1445
0225011;Zawidów;508;389;290;210;163;158;205;183;171;172;198;150;102;70;34;44;60;76;52;43;43;43;39
0225021;Zgorzelec;3038;2912;2500;1737;1039;1002;1345;1319;1298;1369;1458;1101;792;653;461;428;365;474;402;399;368;403;440
0225033;Bogatynia;2565;2595;2173;1813;1189;928;1182;1082;941;1222;1161;949;570;539;355;309;315;339;346;294;269;296;326
0225043;Pieńsk;1025;986;865;636;488;477;551;515;475;484;524;449;377;306;228;200;210;234;190;173;195;214;214
0225052;Sulików;639;622;544;425;309;312;416;353;342;369;387;351;262;212;147;133;129;144;148;128;141;122;117
0225063;Węgliniec;1140;1139;1062;788;549;453;512;446;433;488;483;372;271;250;194;184;183;220;186;158;139;164;165
0225072;Zgorzelec;918;944;852;573;322;295;476;436;419;476;455;348;271;209;120;139;107;138;116;116;121;136;144
0226000;Powiat złotoryjski;6431;6110;5672;4743;3869;3526;4130;4183;4173;4262;4448;3656;3044;2682;2238;2023;1803;1902;1655;1725;1653;1724;1762
0226011;Wojcieszów;617;617;573;506;366;362;428;430;432;417;452;349;310;294;218;183;174;184;176;175;162;184;195
0226021;Złotoryja;2126;1879;1717;1433;1174;1061;1235;1219;1255;1325;1357;1025;797;699;588;548;495;478;433;474;489;509;499
0226032;Pielgrzymka;706;721;659;537;473;390;461;465;491;480;535;454;395;343;296;294;241;250;216;214;202;215;213
0226043;Świerzawa;1266;1206;1121;913;780;792;885;957;912;942;960;850;695;616;506;448;409;471;393;403;372;369;388
0226052;Zagrodno;770;751;725;619;470;421;503;489;450;501;535;442;379;343;285;243;206;232;197;197;172;171;190
0226062;Złotoryja;946;936;877;735;606;500;618;623;633;597;609;536;468;387;345;307;278;287;240;262;256;276;277
0261000;Powiat m. Jelenia Góra;6689;5654;4637;3955;2731;2381;3537;4045;3555;3673;3324;2577;1906;1545;1221;1209;1096;1541;1244;1167;1216;1277;1363
0261011;Jelenia Góra;6689;5654;4637;3955;2731;2381;3537;4045;3555;3673;3324;2577;1906;1545;1221;1209;1096;1541;1244;1167;1216;1277;1363
0262000;Powiat m. Legnica;10368;9510;8372;6145;3451;2968;4164;4426;4866;5018;4891;3893;3301;2972;2468;2279;1908;2572;2336;2270;1948;2057;2365
0262011;Legnica;10368;9510;8372;6145;3451;2968;4164;4426;4866;5018;4891;3893;3301;2972;2468;2279;1908;2572;2336;2270;1948;2057;2365
0264000;Powiat m. Wrocław;36991;35425;31447;23287;13544;10614;16182;17538;16168;18997;18552;14254;11919;10196;8227;7247;6429;9555;7915;6402;6277;6691;9185
0264011;Wrocław;36991;35425;31447;23287;13544;10614;16182;17538;16168;18997;18552;14254;11919;10196;8227;7247;6429;9555;7915;6402;6277;6691;9185
0265000;Powiat m. Wałbrzych od 2013;;;;;;;;;;;7700;5816;4494;3891;3044;2489;1974;2403;1840;1595;1643;1903;2155
0265011;Wałbrzych od 2013;;;;;;;;;;;7700;5816;4494;3891;3044;2489;1974;2403;1840;1595;1643;1903;2155
0400000;KUJAWSKO-POMORSKIE;212066;199566;188021;160061;123243;110256;134127;139401;139622;148839;150145;127111;107255;98522;81543;72655;64060;73482;61861;56484;54376;55333;59310
0401000;Powiat aleksandrowski;6505;6784;6013;5496;4249;3734;3668;4242;4402;4914;5049;4584;3765;3363;2813;2564;2419;2924;2270;2015;1938;1806;2116
0401011;Aleksandrów Kujawski;1660;1787;1464;1302;1006;1002;1038;1054;1084;1172;1196;1090;904;777;652;602;586;711;555;477;458;436;573
0401021;Ciechocinek;1102;1076;985;894;643;576;521;662;659;736;733;657;573;530;474;420;382;491;367;337;317;305;335
0401031;Nieszawa;302;333;287;289;213;185;215;242;237;242;253;223;192;166;136;128;104;124;95;72;73;64;82
0401042;Aleksandrów Kujawski;1358;1420;1328;1221;971;835;803;928;1012;1143;1157;1071;849;750;646;594;565;701;527;466;460;423;492
0401052;Bądkowo;447;474;420;349;276;226;197;225;253;281;327;289;225;203;164;132;123;130;114;116;129;110;126
0401062;Koneck;396;396;355;319;261;204;195;237;246;307;324;295;226;199;150;155;145;153;128;134;121;97;106
0401072;Raciążek;324;320;293;301;210;182;186;229;251;289;272;258;190;181;153;140;132;170;128;97;94;94;113
0401082;Waganiec;586;608;562;492;399;304;338;438;409;450;478;417;358;339;270;245;235;275;224;200;180;172;181
0401092;Zakrzewo;330;370;319;329;270;220;175;227;251;294;309;284;248;218;168;148;147;169;132;116;106;105;108
0402000;Powiat brodnicki;8329;8040;7472;6201;4383;3663;4672;4739;4397;4562;4822;4073;3518;3080;2443;2262;2218;2597;1861;1992;1912;1908;2128
0402011;Brodnica;2853;2816;2551;2046;1485;1354;1619;1709;1570;1574;1625;1319;1217;1046;831;777;768;932;652;672;687;697;827
0402022;Bobrowo;785;733;678;539;391;285;391;394;371;398;429;389;341;301;246;211;193;246;182;186;174;167;186
0402032;Brodnica;636;630;570;485;342;292;401;406;372;396;399;379;290;261;208;206;193;243;168;198;175;201;214
0402042;Brzozie;466;419;374;348;248;137;185;192;188;201;203;167;137;132;111;111;88;108;90;94;83;80;79
0402053;Górzno;394;374;360;301;180;162;215;203;200;210;212;187;140;115;92;84;77;79;61;84;78;60;70
0402062;Bartniczka;500;450;450;358;236;200;251;272;261;268;266;214;185;158;116;121;125;128;92;96;91;100;97
0402073;Jabłonowo Pomorskie;1179;1098;1040;851;571;533;669;643;581;617;692;586;476;422;318;301;322;365;241;270;263;234;266
0402082;Osiek;487;475;463;411;286;222;287;287;242;255;282;253;216;181;157;128;121;150;98;107;109;108;106
0402092;Świedziebnia;461;486;462;412;309;216;293;316;279;313;338;287;234;216;168;159;159;172;122;125;110;119;140
0402102;Zbiczno;568;559;524;450;335;262;361;317;333;330;376;292;282;248;196;164;172;174;155;160;142;142;143
0403000;Powiat bydgoski;7463;6993;6614;5386;3753;3097;4363;4677;4781;5243;5460;4699;3501;3152;2649;2370;1769;2229;1622;1423;1330;1404;1458
0403012;Białe Błota;777;737;738;595;409;299;502;556;599;650;688;597;442;393;359;360;268;339;258;204;212;240;249
0403022;Dąbrowa Chełmińska;594;588;527;496;266;211;287;293;323;378;351;341;264;247;209;189;133;166;137;130;116;135;127
0403032;Dobrcz;638;587;557;501;327;255;366;382;435;439;514;471;333;305;261;219;158;223;146;124;108;145;134
0403043;Koronowo;2528;2456;2431;2033;1549;1302;1658;1759;1835;1848;1930;1626;1266;1034;801;655;474;584;421;345;319;307;320
0403052;Nowa Wieś Wielka;514;467;450;376;242;205;308;338;334;404;424;373;243;241;204;202;145;195;159;140;136;116;134
0403062;Osielsko;430;393;403;329;208;160;281;328;309;382;409;352;267;278;240;230;178;221;147;151;145;162;174
0403072;Sicienko;634;599;538;397;262;226;317;358;391;434;448;396;285;260;218;214;185;229;163;142;130;118;128
0403083;Solec Kujawski;1348;1166;970;659;490;439;644;663;555;708;696;543;401;394;357;301;228;272;191;187;164;181;192
0404000;Powiat chełmiński;5581;5785;5735;4799;3005;3278;3699;3814;4045;4454;4595;3717;3110;2802;2441;2193;2014;2297;1967;1997;1869;1990;2097
0404011;Chełmno;2180;2284;2248;1913;1429;1427;1528;1526;1496;1635;1674;1340;1155;1062;899;838;756;834;734;769;710;734;801
0404022;Chełmno;566;570;557;472;350;308;364;385;429;460;460;352;300;267;219;216;215;261;233;241;240;251;260
0404032;Kijewo Królewskie;320;389;377;308;190;261;282;312;326;329;359;308;238;230;187;170;162;175;157;166;145;172;170
0404042;Lisewo;595;604;613;521;267;301;361;374;465;494;529;400;354;290;275;201;181;225;174;153;140;151;171
0404052;Papowo Biskupie;579;648;612;469;194;272;327;356;427;490;526;445;363;363;340;268;273;274;234;223;205;205;209
0404062;Stolno;570;607;612;486;260;319;376;393;417;463;492;397;360;298;258;254;230;255;227;225;200;229;242
0404072;Unisław;771;683;716;630;315;390;461;468;485;583;555;475;340;292;263;246;197;273;208;220;229;248;244
0405000;Powiat golubsko-dobrzyński;5210;4812;4801;3957;2971;2611;3328;3535;3765;4050;4274;3682;3057;2493;2012;1892;1855;2229;1942;1814;1742;1814;1904
0405011;Golub-Dobrzyń;1734;1608;1623;1260;940;844;1122;1226;1225;1317;1426;1137;976;831;706;651;627;725;610;550;541;539;594
0405022;Ciechocin;324;286;307;295;233;176;234;246;255;273;314;265;225;181;149;135;124;170;139;134;130;123;119
0405032;Golub-Dobrzyń;1008;964;969;815;627;504;652;637;714;721;763;704;563;449;360;365;335;412;385;370;358;404;403
0405043;Kowalewo Pomorskie;1228;1081;1051;802;593;539;674;843;811;972;958;843;686;525;413;385;403;480;431;405;385;407;410
0405052;Radomin;413;383;381;330;252;250;277;301;319;309;308;288;267;207;145;145;146;182;155;136;139;125;141
0405062;Zbójno;503;490;470;455;326;298;369;282;441;458;505;445;340;300;239;211;220;260;222;219;189;216;237
0406000;Powiat grudziądzki;5508;5272;5103;4308;3489;3255;3607;3811;3948;4064;3872;2968;2397;2388;2026;1909;1552;1900;1856;1672;1497;1570;1572
0406012;Grudziądz;1394;1332;1312;1111;802;779;874;908;915;988;885;728;593;607;541;477;368;466;428;396;388;388;415
0406022;Gruta;831;761;720;591;532;474;556;580;580;606;566;449;355;345;313;296;219;292;288;290;229;254;233
0406033;Łasin;1347;1305;1227;1022;858;795;859;913;955;963;953;645;518;520;397;406;340;405;377;344;288;324;319
0406043;Radzyń Chełmiński;679;647;627;547;422;422;451;503;531;515;487;417;355;309;268;249;215;256;277;237;206;207;228
0406052;Rogóźno;555;549;586;472;373;341;352;395;418;436;428;366;232;272;230;218;183;207;219;194;196;188;185
0406062;Świecie nad Osą;702;678;631;565;502;444;515;512;549;556;553;363;344;335;277;263;227;274;267;211;190;209;192
0407000;Powiat inowrocławski;21011;20626;20010;18382;14992;12614;14126;13927;14168;15269;15198;12408;11037;10446;8827;7581;6540;7540;6874;5793;5829;5875;6543
0407011;Inowrocław;9387;9404;9134;8265;6620;5584;6377;6419;6567;7098;6872;5569;4798;4562;3897;3318;2883;3362;3017;2527;2595;2579;2942
0407022;Dąbrowa Biskupia;669;650;661;602;486;379;452;439;445;524;480;409;371;359;294;240;236;249;237;224;224;219;231
0407033;Gniewkowo;1792;1723;1722;1569;1381;1212;1357;1329;1358;1391;1401;1140;1001;969;888;771;615;768;683;570;601;603;703
0407042;Inowrocław;1317;1379;1324;1271;1067;887;934;961;965;1062;1070;902;787;786;677;563;472;558;501;446;418;441;471
0407053;Janikowo;1774;1583;1552;1328;1092;984;1223;1080;1048;1133;1252;972;903;782;659;553;500;522;487;420;439;436;485
0407063;Kruszwica;2882;2783;2664;2458;1933;1691;1700;1654;1690;1813;1803;1492;1344;1323;1038;934;805;919;883;719;669;699;756
0407073;Pakość;1483;1440;1370;1261;1008;831;853;883;879;933;956;801;764;690;551;484;432;461;431;355;349;360;383
0407082;Rojewo;569;544;546;524;442;360;401;380;404;425;431;361;356;335;261;247;209;218;225;196;200;198;216
0407092;Złotniki Kujawskie;1138;1120;1037;1104;963;686;829;782;812;890;933;762;713;640;562;471;388;483;410;336;334;340;356
0408000;Powiat lipnowski;8005;8046;7643;7100;5661;5434;6621;7266;7152;7146;7315;6257;5161;5383;4174;3923;3540;3644;2883;2545;2557;2604;2806
0408011;Lipno;1755;1703;1646;1537;1154;1032;1271;1398;1420;1472;1502;1154;1010;1023;807;794;691;685;566;533;569;535;621
0408022;Bobrowniki;444;438;402;385;310;322;368;399;411;425;433;334;256;266;217;209;175;181;127;111;125;148;145
0408032;Chrostkowo;311;306;255;261;201;180;244;280;248;264;267;239;212;193;153;134;127;120;113;115;97;92;99
0408043;Dobrzyń nad Wisłą;875;903;940;823;670;654;828;912;861;883;914;805;699;707;608;558;477;507;418;362;334;337;342
0408052;Kikół;907;923;826;799;657;614;748;785;768;710;723;673;496;607;423;441;402;406;351;300;294;292;341
0408062;Lipno;1573;1583;1459;1304;1050;1103;1338;1470;1459;1471;1492;1237;983;1038;802;658;616;697;518;440;420;426;496
0408073;Skępe;913;950;896;855;678;616;772;839;808;828;843;749;654;682;483;504;449;461;295;238;281;288;292
0408082;Tłuchowo;467;463;469;441;351;307;388;444;443;426;463;403;324;335;252;229;220;234;191;147;141;182;167
0408092;Wielgie;760;777;750;695;590;606;664;739;734;667;678;663;527;532;429;396;383;353;304;299;296;304;303
0409000;Powiat mogileński;5919;5497;5119;4327;3665;3442;3798;3793;3514;3709;4028;3251;2722;2388;1959;1840;1657;1824;1601;1541;1534;1512;1573
0409012;Dąbrowa;605;605;556;464;390;359;396;367;352;360;395;326;269;229;192;192;167;194;165;168;163;168;154
0409022;Jeziora Wielkie;743;668;638;577;472;445;482;474;431;481;475;392;341;294;269;242;215;222;194;190;202;197;196
0409033;Mogilno;3134;2902;2622;2122;1836;1718;1896;2004;1749;1811;2019;1621;1330;1152;966;912;818;926;810;778;751;756;792
0409043;Strzelno;1437;1322;1303;1164;967;920;1024;948;982;1057;1139;912;782;713;532;494;457;482;432;405;418;391;431
0410000;Powiat nakielski;10752;10388;9637;7973;6311;5117;6264;6454;6370;6655;6703;5873;4872;4406;3677;3290;2949;3618;3007;2835;2620;2712;2743
0410013;Kcynia;1732;1811;1712;1398;1202;1068;1048;1046;1064;1152;1213;1069;871;762;606;551;471;604;495;450;399;429;420
0410023;Mrocza;1479;1460;1329;1151;921;617;787;860;838;921;869;763;654;598;506;434;437;486;430;406;393;391;401
0410033;Nakło nad Notecią;3969;3775;3480;2836;2174;1780;2363;2390;2336;2361;2384;2030;1688;1539;1326;1245;1112;1292;1100;1038;979;1027;1046
0410042;Sadki;803;773;751;681;493;402;491;491;539;600;567;523;453;425;336;302;268;316;267;262;247;265;238
0410053;Szubin;2769;2569;2365;1907;1521;1250;1575;1667;1593;1621;1670;1488;1206;1082;903;758;661;920;715;679;602;600;638
0411000;Powiat radziejowski;4794;4540;4193;4037;3414;3496;3687;3637;3810;3875;4309;3701;3441;3279;2878;2624;2611;2567;2324;2145;2180;2028;2034
0411011;Radziejów;712;659;596;597;495;533;550;505;559;520;572;483;457;429;391;352;340;348;293;287;308;279;273
0411022;Bytoń;388;345;314;303;253;266;262;308;298;283;337;319;274;244;227;208;184;196;182;180;181;173;181
0411032;Dobre;685;742;716;713;588;577;645;653;667;643;718;620;523;543;476;436;413;419;399;348;352;304;318
0411042;Osięciny;911;855;776;754;612;658;678;707;781;816;873;733;721;667;609;561;565;533;481;423;426;406;410
0411053;Piotrków Kujawski;1186;1088;997;917;804;804;840;774;826;886;968;869;779;757;643;583;632;609;557;488;495;460;449
0411062;Radziejów;402;379;367;358;313;303;331;331;323;332;381;298;321;296;242;210;209;204;183;189;176;166;171
0411072;Topólka;510;472;427;395;349;355;381;359;356;395;460;379;366;343;290;274;268;258;229;230;242;240;232
0412000;Powiat rypiński;6050;5680;5557;4545;3533;2705;3689;3367;3230;3494;3645;3112;2647;2351;1979;1896;1616;1715;1444;1301;1302;1465;1548
0412011;Rypin;2387;2220;2125;1736;1361;1058;1385;1323;1247;1334;1374;1177;964;889;775;769;668;676;554;492;501;562;601
0412022;Brzuze;592;594;581;455;360;355;447;420;419;482;499;416;355;318;263;233;204;219;181;162;154;185;158
0412032;Rogowo;709;613;631;545;413;299;433;357;359;387;400;343;293;242;197;204;165;179;138;139;139;146;171
0412042;Rypin;1015;941;920;760;567;364;595;513;487;534;573;503;415;370;301;285;214;251;223;204;216;248;258
0412052;Skrwilno;813;761;745;595;468;348;477;446;441;462;464;397;364;310;245;240;207;224;195;169;157;184;194
0412062;Wąpielsk;534;551;555;454;364;281;352;308;277;295;335;276;256;222;198;165;158;166;153;135;135;140;166
0413000;Powiat sępoleński;5356;5160;4501;3930;3191;3140;3454;3608;3603;3515;3597;3058;2760;2470;2071;1863;1723;1833;1618;1573;1639;1538;1548
0413013;Kamień Krajeński;918;888;742;678;502;454;546;588;610;570;625;520;458;426;355;305;288;324;293;281;282;292;286
0413023;Sępólno Krajeńskie;2035;1929;1722;1467;1177;1243;1471;1476;1474;1425;1424;1196;1115;912;779;714;657;713;588;572;619;542;565
0413032;Sośno;709;709;584;498;432;443;434;470;427;401;437;398;352;326;283;246;242;240;245;228;221;226;203
0413043;Więcbork;1694;1634;1453;1287;1080;1000;1003;1074;1092;1119;1111;944;835;806;654;598;536;556;492;492;517;478;494
0414000;Powiat świecki;10581;10018;9316;7491;5914;5763;6809;7300;6505;6667;6350;5285;4200;3533;2917;2592;2402;2441;2053;2072;2102;2128;2263
0414012;Bukowiec;525;477;465;380;325;308;361;382;328;330;326;267;202;164;156;130;115;133;104;125;143;128;118
0414022;Dragacz;824;783;714;532;497;445;517;538;512;512;503;401;316;283;229;198;163;183;194;162;137;144;161
0414032;Drzycim;552;541;509;389;335;332;362;409;355;356;357;327;241;183;148;134;130;134;105;125;113;109;119
0414042;Jeżewo;830;784;674;507;414;429;518;576;508;484;459;394;308;247;202;174;177;187;184;169;150;168;184
0414052;Lniano;427;391;390;335;256;255;272;252;265;257;237;217;178;141;106;105;83;77;60;83;75;67;65
0414063;Nowe;1514;1429;1302;1137;901;877;1018;1160;1032;1106;1056;952;768;703;588;489;454;425;318;331;332;356;339
0414072;Osie;512;490;453;368;331;307;349;375;342;322;291;230;198;146;126;128;117;100;86;81;91;96;115
0414082;Pruszcz;863;863;819;580;429;477;592;574;511;566;507;412;300;244;195;172;189;194;160;143;148;141;160
0414093;Świecie;3199;2972;2807;2280;1658;1599;2022;2254;1959;2009;1892;1491;1205;957;803;730;692;691;585;598;643;646;743
0414102;Świekatowo;364;358;305;259;192;189;238;230;207;209;220;177;120;118;87;74;72;73;68;76;71;65;55
0414112;Warlubie;971;930;878;724;576;545;560;550;486;516;502;417;364;347;277;258;210;244;189;179;199;208;204
0415000;Powiat toruński;9440;8482;8245;7113;4989;4312;5889;6103;6063;6970;7345;6169;5464;4788;4276;3845;3269;3787;3420;2938;2732;2838;2964
0415011;Chełmża;2105;1813;1891;1619;1114;914;1208;1228;1268;1540;1673;1346;1114;958;827;692;657;789;635;541;477;500;525
0415022;Chełmża;1130;995;999;820;498;449;648;675;642;813;819;727;599;505;386;345;295;364;310;271;253;250;256
0415032;Czernikowo;1020;939;930;789;616;610;809;771;847;954;1021;893;853;748;755;676;455;482;447;357;328;329;363
0415042;Lubicz;1415;1320;1215;1091;814;630;852;943;911;1038;1033;880;794;718;601;579;506;579;551;492;439;464;471
0415052;Łubianka;540;439;448;386;240;248;339;303;319;370;396;291;259;230;199;164;153;193;164;145;149;165;155
0415062;Łysomice;860;715;723;593;374;351;504;472;459;539;600;477;456;367;301;245;222;273;231;200;222;227;220
0415072;Obrowo;871;874;772;726;553;499;643;758;789;820;841;775;721;654;662;598;516;566;526;448;452;469;510
0415082;Wielka Nieszawka;349;328;289;264;184;144;230;248;234;239;228;189;171;149;143;157;127;131;133;114;97;115;129
0415092;Zławieś Wielka;1150;1059;978;825;596;467;656;705;594;657;734;591;497;459;402;389;338;410;423;370;315;319;335
0416000;Powiat tucholski;5691;5424;5007;4142;3188;2674;3140;3505;3482;3807;3988;3377;3024;2703;2267;2003;1765;2024;1792;1717;1772;1750;1782
0416012;Cekcyn;746;721;698;557;431;401;486;546;504;558;578;463;432;388;314;268;234;271;230;232;246;227;224
0416022;Gostycyn;641;611;559;500;405;321;360;385;423;456;456;380;308;307;255;208;202;215;209;173;184;189;187
0416032;Kęsowo;629;604;569;478;376;240;276;344;323;371;367;324;305;257;211;202;179;208;191;167;164;165;166
0416042;Lubiewo;618;573;507;445;351;297;337;336;362;384;406;356;302;266;245;205;176;202;185;202;182;178;198
0416052;Śliwice;574;596;547;479;342;269;390;461;427;442;466;415;313;280;237;206;179;234;204;207;204;209;203
0416063;Tuchola;2483;2319;2127;1683;1283;1146;1291;1433;1443;1596;1715;1439;1364;1205;1005;914;795;894;773;736;792;782;804
0417000;Powiat wąbrzeski;4529;4341;4114;3502;2521;2236;2642;2816;2945;3120;3166;2741;2419;2223;1797;1575;1515;1766;1500;1496;1409;1239;1224
0417011;Wąbrzeźno;1848;1805;1703;1433;1044;932;1067;1087;1191;1271;1290;1086;965;856;706;625;602;694;568;586;549;501;509
0417022;Dębowa Łąka;367;321;304;298;226;206;222;236;250;268;258;232;206;203;166;156;150;172;155;138;140;122;109
0417032;Książki;539;519;501;433;326;289;320;355;383;350;375;337;291;261;214;163;170;195;154;158;147;129;122
0417042;Płużnica;692;660;616;495;332;287;380;401;402;442;439;369;318;303;239;214;204;234;216;201;184;158;168
0417052;Ryńsk;1083;1036;990;843;593;522;653;737;719;789;804;717;639;600;472;417;389;471;407;413;389;329;316
0418000;Powiat włocławski;10005;9799;9275;8205;7101;6483;7768;8453;8863;9480;9190;8599;7801;7405;6104;5179;4670;5018;4315;3967;3799;3913;4094
0418011;Kowal;514;504;480;396;351;292;342;365;356;434;401;370;309;308;225;179;171;203;158;146;145;158;141
0418022;Baruchowo;460;457;444;383;396;310;347;338;326;381;409;349;325;303;222;182;162;202;158;179;168;187;198
0418032;Boniewo;389;404;369;356;309;291;349;392;426;443;420;409;387;360;338;290;280;283;281;261;247;258;240
0418043;Brześć Kujawski;1240;1244;1141;985;798;851;1049;1117;1151;1202;1157;1087;1012;922;781;647;587;565;523;464;419;446;519
0418052;Choceń;1080;1017;996;868;715;620;782;867;941;1056;1048;983;849;835;739;571;551;556;417;384;351;360;359
0418063;Chodecz;754;768;739;679;583;514;579;648;673;705;719;710;642;601;506;432;356;392;321;294;274;284;277
0418072;Fabianki;996;939;913;773;648;620;759;871;933;971;937;898;777;717;522;463;372;420;339;307;311;318;330
0418083;Izbica Kujawska;786;792;775;717;675;641;704;731;748;761;758;742;691;671;552;454;474;518;499;441;448;463;490
0418092;Kowal;441;421;388;336;306;226;270;302;339;386;354;319;294;273;192;166;173;184;143;136;127;159;154
0418102;Lubanie;542;543;487;406;331;275;354;402;438;419;382;368;339;315;252;202;172;185;175;158;156;177;163
0418113;Lubień Kujawski;898;881;807;717;648;531;658;720;770;836;799;718;684;669;560;533;463;520;414;382;344;340;369
0418123;Lubraniec;1141;1102;1041;969;850;832;949;1007;1045;1087;1060;958;875;852;758;650;584;636;560;529;541;501;562
0418132;Włocławek;764;727;695;620;491;480;626;693;717;799;746;688;617;579;457;410;325;354;327;286;268;262;292
0419000;Powiat żniński;9531;9261;8420;7366;5397;5231;5554;5426;5753;5813;5907;4824;4196;3942;2996;2628;2290;2472;2158;2006;2046;2048;2307
0419013;Barcin;2071;2003;1751;1477;990;1001;1113;1059;1088;1207;1173;908;847;863;649;567;434;480;453;415;396;400;451
0419022;Gąsawa;798;760;709;608;493;433;482;464;490;475;507;408;357;347;276;249;230;239;212;186;208;188;218
0419033;Janowiec Wielkopolski;1286;1285;1206;1064;816;866;902;829;836;841;837;680;602;566;450;383;385;368;323;296;295;302;361
0419043;Łabiszyn;1284;1200;1130;985;605;610;704;693;783;751;797;658;576;540;450;406;314;366;319;274;300;325;348
0419052;Rogowo;961;866;842;751;565;513;515;488;562;566;568;498;405;335;300;266;241;253;247;234;253;242;246
0419063;Żnin;3131;3147;2782;2481;1928;1808;1838;1893;1994;1973;2025;1672;1409;1291;871;757;686;766;604;601;594;591;683
0461000;Powiat m. Bydgoszcz;21514;18521;17411;13717;10318;8139;12374;13043;12886;13917;14233;12114;8803;8012;6560;5982;4773;5822;4102;3631;3505;3613;3915
0461011;Bydgoszcz;21514;18521;17411;13717;10318;8139;12374;13043;12886;13917;14233;12114;8803;8012;6560;5982;4773;5822;4102;3631;3505;3613;3915
0462000;Powiat m. Grudziądz;12861;11670;11050;9234;7205;6862;8166;8178;8135;8380;7523;5862;4904;4534;3703;3233;2869;3952;3738;3203;2843;3015;3178
0462011;Grudziądz;12861;11670;11050;9234;7205;6862;8166;8178;8135;8380;7523;5862;4904;4534;3703;3233;2869;3952;3738;3203;2843;3015;3178
0463000;Powiat m. Toruń;14317;12180;11117;8969;5802;5589;7653;7481;7380;8808;9433;7430;6247;5569;4814;4463;3874;4398;3727;3285;2778;2938;3475
0463011;Toruń;14317;12180;11117;8969;5802;5589;7653;7481;7380;8808;9433;7430;6247;5569;4814;4463;3874;4398;3727;3285;2778;2938;3475
0464000;Powiat m. Włocławek;13114;12247;11668;9881;8191;7381;9156;10226;10425;10927;10143;9327;8209;7812;6160;4948;4170;4885;3787;3523;3441;3625;4038
0464011;Włocławek;13114;12247;11668;9881;8191;7381;9156;10226;10425;10927;10143;9327;8209;7812;6160;4948;4170;4885;3787;3523;3441;3625;4038
0600000;LUBELSKIE;174529;164752;156832;141763;118146;101561;117237;119709;122441;131125;134042;116869;107895;95596;81221;74449;69379;76505;66244;61254;57386;55774;61462
0601000;Powiat bialski;8891;8516;8075;7211;6788;5555;6454;5942;6598;6973;7019;6387;5603;5327;4480;4442;4213;4729;3990;3687;3349;3490;3691
0601011;Międzyrzec Podlaski;1929;1914;1679;1454;1353;1058;1265;1228;1361;1423;1334;1216;1071;992;820;837;705;839;676;690;648;642;707
0601021;Terespol;431;464;437;374;361;353;412;354;383;383;356;316;283;268;221;187;215;243;207;204;172;181;186
0601032;Biała Podlaska;908;844;857;782;723;557;690;630;672;751;796;751;684;630;525;557;572;618;507;442;413;448;505
0601042;Drelów;455;456;415;373;338;250;281;250;320;329;330;279;250;237;177;187;146;183;168;156;142;148;164
0601052;Janów Podlaski;382;374;373;340;317;249;298;255;300;329;337;305;268;247;242;250;227;227;200;168;156;177;169
0601062;Kodeń;349;320;299;267;262;235;291;237;273;265;245;233;209;183;147;131;122;151;125;121;104;99;91
0601072;Konstantynów;277;293;273;264;238;185;236;226;232;259;286;247;203;204;187;184;166;180;151;127;95;103;105
0601082;Leśna Podlaska;303;282;298;298;295;249;274;268;280;276;288;255;207;210;169;167;156;179;162;125;110;130;130
0601092;Łomazy;314;293;267;236;230;198;200;173;213;222;234;208;171;173;151;147;149;167;143;133;119;116;135
0601102;Międzyrzec Podlaski;841;744;682;551;534;392;460;447;505;553;555;540;458;410;355;372;327;403;309;312;292;291;313
0601112;Piszczac;558;525;526;449;432;361;424;370;393;406;421;401;344;365;316;294;289;343;288;244;225;250;238
0601122;Rokitno;184;182;174;178;164;136;156;144;177;207;219;179;141;155;135;127;132;140;131;92;97;90;94
0601132;Rossosz;169;160;146;145;122;103;112;99;120;115;125;107;105;98;87;89;79;87;90;72;61;54;66
0601142;Sławatycze;211;194;198;185;194;160;160;159;188;185;166;155;138;135;102;113;112;118;106;100;85;88;96
0601152;Sosnówka;150;119;140;143;124;98;81;85;95;79;106;95;91;93;72;68;69;66;55;56;43;44;40
0601162;Terespol;476;478;452;406;416;368;482;421;451;453;467;405;352;306;252;227;258;276;216;246;214;221;231
0601172;Tuczna;199;181;167;158;138;131;143;143;132;148;164;153;131;127;110;101;108;109;102;93;83;94;88
0601182;Wisznice;443;405;390;363;305;250;257;258;285;305;308;279;261;250;216;215;186;193;171;166;151;159;164
0601192;Zalesie;312;288;302;245;242;222;232;195;218;285;282;263;236;244;196;189;195;207;183;140;139;155;169
0602000;Powiat biłgorajski;8026;7655;7025;5759;4727;3577;3785;3442;3975;4212;4489;3951;3783;3083;2694;2380;2373;2522;2192;2121;2087;2018;2292
0602011;Biłgoraj;2054;1965;1785;1496;1330;1079;1089;980;1119;1186;1239;996;976;778;714;662;653;686;607;565;555;557;635
0602022;Aleksandrów;270;264;245;189;135;88;109;104;125;131;156;126;112;98;99;88;77;92;73;77;88;69;68
0602032;Biłgoraj;1286;1203;1121;839;610;490;545;495;586;649;645;641;589;527;439;365;375;412;334;305;317;331;359
0602042;Biszcza;327;322;273;223;180;132;149;152;165;196;181;180;162;129;128;89;106;98;85;88;82;92;96
0602053;Frampol;514;488;443;364;318;250;260;201;237;264;277;247;221;176;157;143;150;143;141;148;145;114;153
0602062;Goraj;260;294;270;230;205;146;160;154;161;187;185;158;142;114;103;82;97;115;100;87;90;88;102
0602073;Józefów;765;705;682;584;454;320;380;337;368;367;375;314;320;247;179;188;192;201;173;187;174;172;174
0602082;Księżpol;447;445;404;309;219;206;202;207;252;246;277;272;247;212;186;160;148;179;136;106;110;129;141
0602092;Łukowa;182;175;144;155;116;82;98;78;126;112;125;112;101;94;83;63;60;65;59;66;66;56;54
0602102;Obsza;293;277;263;212;192;115;103;115;123;118;149;118;110;104;78;73;72;84;71;69;64;53;77
0602112;Potok Górny;326;314;240;224;197;123;134;118;142;150;200;168;164;131;117;108;104;99;105;93;82;56;81
0602123;Tarnogród;479;462;416;342;266;207;206;200;225;239;253;233;233;158;147;133;113;120;102;115;117;104;134
0602132;Tereszpol;447;406;381;279;220;163;165;136;188;188;218;193;204;166;133;101;99;96;77;86;78;84;82
0602142;Turobin;376;335;358;313;285;176;185;165;158;179;209;193;202;149;131;125;127;132;129;129;119;113;136
0603000;Powiat chełmski;7945;7310;7190;8165;6968;5105;5184;5338;5532;6019;6390;5528;5215;4834;4285;4071;3607;3960;3315;2893;2507;2502;2698
0603011;Rejowiec Fabryczny;685;563;554;578;471;384;349;381;353;352;414;338;321;283;218;220;195;205;184;173;149;140;141
0603022;Białopole;330;296;311;303;249;200;178;188;208;233;251;223;188;180;168;177;130;145;123;105;88;82;82
0603032;Chełm;1149;1120;1056;1076;783;623;682;732;768;852;884;745;736;672;615;573;537;616;530;478;404;407;443
0603042;Dorohusk;909;894;873;890;758;504;511;543;597;592;674;566;566;535;486;413;379;408;328;284;233;234;260
0603052;Dubienka;246;232;224;231;187;141;153;169;140;190;197;174;165;148;135;122;110;121;117;101;86;88;87
0603062;Kamień;416;389;374;367;333;218;226;207;265;309;297;277;267;232;217;212;193;214;181;152;137;134;145
0603072;Leśniowice;349;337;328;321;274;198;203;198;210;241;246;243;235;222;218;203;182;190;160;160;116;110;121
0603082;Rejowiec Fabryczny;641;572;551;572;522;362;421;411;394;441;480;405;380;320;272;283;249;272;225;192;158;171;181
0603092;Ruda-Huta;638;582;586;559;502;370;360;412;424;459;451;375;370;340;290;267;250;280;220;178;186;175;200
0603102;Sawin;594;530;529;545;465;339;311;338;372;395;424;357;324;290;263;252;226;256;225;183;157;159;185
0603112;Siedliszcze;780;687;685;709;582;457;455;427;403;463;499;427;392;384;342;329;262;277;221;200;178;169;215
0603122;Wierzbica;562;493;482;534;440;345;368;371;352;374;402;365;314;326;271;268;222;241;202;144;140;149;145
0603132;Wojsławice;336;302;321;377;308;211;235;239;227;264;318;242;238;224;201;188;170;186;144;133;123;112;128
0603142;Żmudź;310;313;316;290;267;173;172;166;182;195;222;223;190;172;154;156;149;144;111;104;98;88;82
0603152;Rejowiec;;;;813;827;580;560;556;637;659;631;568;529;506;435;408;353;405;344;306;254;284;283
0604000;Powiat hrubieszowski;6752;6435;5960;5492;5070;4491;4953;5213;5392;5795;5946;5202;5026;4507;3910;3564;3591;3411;3293;2971;2865;2854;2990
0604011;Hrubieszów;2031;1908;1828;1622;1498;1311;1439;1501;1538;1589;1632;1403;1352;1173;1020;921;925;910;872;754;720;694;727
0604022;Dołhobyczów;761;746;655;648;595;516;572;545;551;611;609;528;485;448;416;338;354;329;287;279;247;254;263
0604032;Horodło;615;558;551;509;432;456;496;537;524;567;617;536;526;473;404;400;400;373;380;330;332;351;361
0604042;Hrubieszów;1021;995;930;841;758;706;817;891;877;954;961;858;850;793;678;631;636;573;549;532;500;489;528
0604052;Mircze;606;582;532;493;470;384;414;419;456;473;505;449;423;353;309;308;267;275;263;253;251;255;270
0604062;Trzeszczany;476;430;376;378;344;320;371;367;384;409;383;351;342;315;273;251;247;227;222;211;205;211;201
0604072;Uchanie;459;463;413;393;357;270;283;320;372;401;422;375;334;307;233;225;247;232;250;233;235;213;206
0604082;Werbkowice;783;753;675;608;616;528;561;633;690;791;817;702;714;645;577;490;515;492;470;379;375;387;434
0605000;Powiat janowski;3963;3821;3563;3441;3056;3081;3295;3455;3634;3694;3811;3233;2981;2742;1982;2019;2055;2217;2079;1941;1848;1752;1806
0605012;Batorz;200;197;205;225;182;165;181;187;214;221;233;205;181;178;139;114;138;145;140;126;117;111;124
0605022;Chrzanów;176;175;189;192;158;153;144;170;170;158;158;159;147;129;97;81;80;84;87;80;73;57;76
0605032;Dzwola;610;616;552;528;462;478;505;519;533;557;591;555;505;465;302;336;325;328;309;301;271;270;257
0605042;Godziszów;363;349;314;307;316;315;315;337;357;345;335;336;295;278;204;210;206;211;208;186;182;173;180
0605053;Janów Lubelski;1584;1536;1431;1320;1186;1213;1307;1329;1417;1437;1512;1173;1122;1010;763;773;780;854;764;725;709;668;684
0605062;Modliborzyce;661;603;534;546;471;485;513;552;558;589;609;487;439;410;297;326;340;380;342;317;290;283;289
0605072;Potok Wielki;369;345;338;323;281;272;330;361;385;387;373;318;292;272;180;179;186;215;229;206;206;190;196
0606000;Powiat krasnostawski;6141;6119;5719;4580;4029;3683;4349;4227;4771;4907;5037;4506;4396;3954;3648;3299;3120;3286;3055;2920;2792;2626;2756
0606011;Krasnystaw;1711;1687;1587;1376;1148;1050;1278;1243;1418;1410;1427;1256;1210;1044;927;823;761;836;721;720;663;577;614
0606022;Fajsławice;299;297;300;264;239;208;278;284;293;290;269;241;225;222;183;175;174;173;158;133;124;133;137
0606032;Gorzków;233;234;252;212;175;178;216;201;226;242;247;216;213;178;167;155;141;141;142;132;124;122;111
0606042;Izbica;889;863;787;734;667;587;674;635;699;750;771;697;716;682;637;561;558;587;572;540;555;534;570
0606052;Krasnystaw;700;721;611;594;498;462;526;495;615;636;664;611;586;516;529;478;430;447;418;398;349;320;345
0606062;Kraśniczyn;313;310;290;275;249;220;218;246;262;284;296;263;281;250;242;226;222;223;212;204;209;193;200
0606072;Łopiennik Górny;297;284;274;272;222;228;257;271;304;310;320;252;255;230;220;205;191;186;165;177;181;167;179
0606082;Rejowiec;706;750;691;;;;;;;;;;;;;;;;;;;;
0606092;Rudnik;261;265;236;219;208;200;230;235;258;266;262;244;225;197;185;189;179;182;177;171;158;157;173
0606102;Siennica Różana;297;301;297;283;287;242;313;281;314;327;341;300;279;284;242;217;218;240;246;214;201;207;193
0606112;Żółkiewka;435;407;394;351;336;308;359;336;382;392;440;426;406;351;316;270;246;271;244;231;228;216;234
0607000;Powiat kraśnicki;6914;6734;6950;6655;5909;5828;6944;6937;6371;6804;7010;6050;5596;5783;4791;4412;4398;4671;3450;3434;3359;3062;3424
0607011;Kraśnik;2770;2696;2791;2646;2249;2225;2633;2550;2243;2378;2468;2017;1841;1916;1674;1404;1520;1617;1155;1173;1162;1050;1241
0607023;Annopol;889;843;871;798;692;680;811;842;800;826;830;775;671;727;580;536;493;477;390;386;362;306;322
0607032;Dzierzkowice;353;342;341;340;282;301;373;333;327;347;380;310;285;325;260;266;253;292;201;208;205;196;228
0607042;Gościeradów;589;597;605;556;555;530;610;609;556;583;603;526;511;493;390;412;409;441;323;327;299;259;277
0607052;Kraśnik;423;384;442;450;409;446;478;529;561;638;638;545;559;618;508;499;458;461;323;292;322;338;345
0607062;Szastarka;361;368;343;347;342;323;399;428;379;414;419;389;350;317;262;237;249;261;196;182;168;154;168
0607072;Trzydnik Duży;397;380;394;375;334;332;441;396;394;396;417;357;347;334;246;240;218;267;210;245;224;193;216
0607082;Urzędów;499;488;549;523;458;442;520;537;467;538;531;493;448;464;409;379;375;377;288;284;290;259;298
0607092;Wilkołaz;284;285;267;268;256;239;285;313;282;302;296;258;242;265;207;177;179;205;161;151;154;136;145
0607102;Zakrzówek;349;351;347;352;332;310;394;400;362;382;428;380;342;324;255;262;244;273;203;186;173;171;184
0608000;Powiat lubartowski;8960;7938;7304;6223;5604;4846;5638;5625;5860;6218;6382;5840;5154;4794;4379;3976;3836;4187;3888;3542;3403;3253;3511
0608011;Lubartów;2369;2135;1899;1533;1370;1220;1410;1420;1429;1469;1461;1363;1240;1079;974;886;840;875;827;811;760;737;812
0608022;Abramów;318;281;230;189;161;147;154;154;174;195;191;188;169;151;136;115;118;150;121;104;104;104;93
0608032;Firlej;610;540;528;483;442;397;403;404;431;462;510;498;419;407;390;335;317;375;346;328;308;280;292
0608042;Jeziorzany;397;336;329;261;229;188;222;221;233;238;247;224;182;163;183;146;147;145;145;133;127;115;104
0608052;Kamionka;596;496;486;366;352;293;354;386;401;427;436;397;334;320;289;264;265;297;280;260;262;242;259
0608063;Kock;1037;913;820;746;662;496;628;662;662;745;752;662;523;523;468;440;437;444;413;354;333;313;342
0608072;Lubartów;962;869;801;659;618;563;692;656;695;745;793;691;630;572;500;461;445;530;494;436;421;405;465
0608082;Michów;600;530;535;497;448;374;420;410;429;461;485;454;410;401;336;311;297;301;281;241;241;211;224
0608092;Niedźwiada;634;593;528;422;356;336;402;391;425;464;454;402;386;345;337;315;282;332;294;261;278;262;290
0608103;Ostrów Lubelski;387;334;329;290;262;229;258;226;265;263;266;240;227;226;191;175;157;166;154;159;144;141;159
0608112;Ostrówek;357;328;298;286;240;206;251;234;234;231;252;245;211;227;202;180;184;192;180;167;157;158;172
0608122;Serniki;428;370;328;298;289;238;273;285;307;339;336;285;260;229;228;203;213;249;222;188;175;187;179
0608132;Uścimów;265;213;193;193;175;159;171;176;175;179;199;191;163;151;145;145;134;131;131;100;93;98;120
0609000;Powiat lubelski;7751;7462;7092;6236;5130;4091;5163;5832;6135;6788;7185;6172;5624;4805;4122;3603;3248;3415;2616;2579;2613;2529;2913
0609013;Bełżyce;1059;957;967;896;758;615;740;797;792;860;917;762;741;673;527;455;393;453;361;349;347;342;338
0609022;Borzechów;193;195;178;154;141;131;135;162;176;166;185;162;186;147;105;112;81;97;81;90;79;79;79
0609033;Bychawa;804;817;735;668;541;501;592;631;658;743;754;613;560;453;430;347;295;326;257;252;225;231;243
0609042;Garbów;461;506;448;359;301;183;243;269;266;348;375;337;255;250;195;150;150;140;100;110;103;95;140
0609052;Głusk;340;335;327;275;202;143;240;261;295;348;338;275;233;185;153;150;151;167;109;152;148;128;174
0609062;Jabłonna;440;441;382;339;278;265;308;339;387;435;448;366;369;287;232;223;220;212;152;136;155;144;159
0609072;Jastków;542;515;462;401;308;237;308;379;396;440;529;493;427;342;250;226;225;230;155;163;147;165;191
0609082;Konopnica;423;444;444;395;297;208;331;352;368;447;439;385;318;274;225;192;182;204;144;143;158;167;197
0609092;Krzczonów;277;258;224;210;158;129;143;195;215;209;206;171;173;125;151;124;100;95;81;85;90;71;91
0609102;Niedrzwica Duża;627;611;592;534;495;389;474;531;557;578;614;561;527;485;430;393;351;356;303;294;311;285;285
0609112;Niemce;892;851;811;676;526;378;560;631;648;732;754;668;539;419;358;326;308;304;243;194;234;212;306
0609122;Strzyżewice;448;426;404;321;277;241;308;354;381;438;450;362;321;263;275;234;202;218;169;155;159;148;190
0609132;Wojciechów;390;335;349;312;277;217;242;289;284;311;362;309;316;301;250;222;178;181;135;144;143;151;164
0609142;Wólka;437;388;384;344;271;193;252;318;383;404;438;387;329;299;253;189;191;230;161;170;155;154;199
0609152;Wysokie;268;236;238;218;184;162;180;197;206;205;245;208;208;168;174;155;129;129;103;97;111;99;99
0609162;Zakrzew;150;147;147;134;116;99;107;127;123;124;131;113;122;134;114;105;92;73;62;45;48;58;58
0610000;Powiat łęczyński;4707;4593;4464;3786;2807;2404;2853;2818;2586;2618;2669;2230;2143;1780;1556;1446;1412;1512;1353;1240;1163;1127;1276
0610012;Cyców;658;616;598;557;467;381;412;421;388;408;424;330;322;255;224;204;198;228;195;189;187;171;202
0610022;Ludwin;448;461;445;373;279;206;248;267;257;274;291;218;220;188;166;163;158;164;140;126;131;113;136
0610033;Łęczna;2040;1976;1955;1557;1082;955;1238;1158;1047;1027;1026;858;823;685;621;552;531;574;535;485;435;415;476
0610042;Milejów;810;779;738;696;560;503;537;536;472;475;481;436;379;311;254;239;237;259;223;215;191;218;233
0610052;Puchaczów;345;338;319;276;170;160;183;203;172;175;173;156;179;147;125;130;129;126;131;121;95;100;107
0610062;Spiczyn;406;423;409;327;249;199;235;233;250;259;274;232;220;194;166;158;159;161;129;104;124;110;122
0611000;Powiat łukowski;8848;8878;7685;6745;4810;3785;4870;4823;5232;5935;5887;4852;4008;2965;2257;2037;1949;2209;1686;1680;1565;1577;1694
0611011;Łuków;2725;2788;2320;2041;1535;1321;1592;1520;1595;1728;1666;1386;1124;829;629;598;552;650;492;498;464;474;539
0611021;Stoczek Łukowski;180;181;148;143;81;63;111;95;112;146;148;119;88;63;52;51;49;45;33;36;27;38;37
0611032;Adamów;479;486;481;440;281;220;280;286;326;350;344;275;227;165;131;102;112;124;101;89;90;86;101
0611042;Krzywda;735;764;641;655;504;400;503;545;571;628;676;548;474;358;283;229;260;267;205;217;200;206;206
0611052;Łuków;1609;1556;1372;1172;823;646;840;793;917;1039;990;856;684;518;382;364;329;392;264;287;249;273;292
0611062;Serokomla;287;311;273;221;176;148;163;203;213;242;242;218;193;144;104;77;84;105;92;77;82;68;71
0611072;Stanin;778;765;704;594;457;318;405;425;419;520;523;432;375;247;196;180;147;175;135;129;142;126;147
0611082;Stoczek Łukowski;599;588;518;446;239;143;232;256;267;344;356;251;223;160;125;116;110;106;85;83;73;74;75
0611092;Trzebieszów;493;493;378;318;203;164;249;219;274;281;294;221;177;129;111;102;95;120;80;87;75;69;69
0611102;Wojcieszków;686;640;576;480;334;250;351;314;374;433;454;368;298;231;161;142;144;151;129;118;95;113;109
0611112;Wola Mysłowska;277;306;274;235;177;112;144;167;164;224;194;178;145;121;83;76;67;74;70;59;68;50;48
0612000;Powiat opolski;7384;6783;6500;6344;5502;4878;4592;4462;4461;4450;4390;3853;3542;3169;2434;2468;2192;2516;1983;1889;1856;1892;2090
0612012;Chodel;736;698;693;669;623;504;460;411;374;395;390;376;371;323;211;218;223;253;209;191;193;203;201
0612022;Józefów nad Wisłą;720;707;662;675;614;583;523;532;550;504;539;495;433;420;304;295;243;277;236;234;216;218;253
0612032;Karczmiska;799;747;744;694;578;555;492;458;448;459;429;362;357;290;226;242;207;267;200;198;212;187;222
0612042;Łaziska;525;445;457;461;394;362;313;326;313;310;306;272;241;209;191;183;154;184;130;130;114;122;144
0612053;Opole Lubelskie;2145;1983;1890;1901;1677;1402;1205;1165;1168;1243;1208;1026;987;855;703;676;633;686;537;517;541;555;609
0612063;Poniatowa;1965;1778;1634;1538;1272;1126;1298;1324;1303;1235;1219;1047;921;865;650;702;584;681;545;503;467;493;537
0612072;Wilków;494;425;420;406;344;346;301;246;305;304;299;275;232;207;149;152;148;168;126;116;113;114;124
0613000;Powiat parczewski;2580;2614;2692;2420;2203;1791;1983;2130;2093;2217;2281;1922;1794;1455;1159;1032;948;1037;953;982;940;952;1036
0613012;Dębowa Kłoda;309;322;355;308;308;254;304;286;302;289;321;280;255;212;175;153;147;147;136;154;133;128;133
0613022;Jabłoń;203;237;247;218;210;153;179;180;181;203;189;160;151;126;106;102;87;105;92;96;94;80;88
0613032;Milanów;244;257;258;247;226;189;203;224;222;249;261;213;210;155;135;125;104;109;118;112;86;97;110
0613043;Parczew;1107;1087;1136;1008;899;719;744;836;836;884;886;752;692;554;428;370;361;416;377;381;374;394;451
0613052;Podedwórze;108;101;101;115;100;68;87;89;84;83;97;90;81;74;47;50;39;58;50;33;38;39;35
0613062;Siemień;334;311;316;280;260;224;256;281;261;300;309;248;243;202;158;124;127;127;118;126;132;129;136
0613072;Sosnowica;275;299;279;244;200;184;210;234;207;209;218;179;162;132;110;108;83;75;62;80;83;85;83
0614000;Powiat puławski;9034;8490;8241;6554;4681;4016;4891;5286;5459;5841;5889;5024;4410;3761;2941;3071;2502;3235;2725;2265;2256;2161;2471
0614011;Puławy;3739;3485;3402;2544;1861;1648;1967;2097;2174;2245;2279;1889;1667;1496;1176;1265;1056;1378;1186;919;987;960;1129
0614022;Baranów;324;302;278;253;175;167;193;187;185;203;203;171;162;141;102;99;83;104;91;77;81;74;68
0614032;Janowiec;310;293;288;224;152;137;170;172;166;189;192;167;136;114;90;100;66;89;93;72;65;70;85
0614043;Kazimierz Dolny;556;525;501;420;263;233;305;324;319;386;379;326;275;249;186;187;137;190;159;141;111;108;133
0614052;Końskowola;576;567;549;486;341;295;354;406;394;430;448;406;370;304;233;232;178;243;216;189;169;160;176
0614062;Kurów;726;687;690;549;418;336;436;436;464;455;500;445;375;294;218;245;179;257;183;153;159;154;162
0614072;Markuszów;275;266;256;202;127;115;153;174;153;182;157;158;118;99;87;88;68;76;62;58;52;53;59
0614083;Nałęczów;694;641;616;571;427;352;426;423;449;476;470;399;360;281;261;264;192;251;195;180;174;167;175
0614092;Puławy;916;880;875;633;448;348;455;533;563;596;602;526;457;384;308;313;293;354;290;250;244;225;245
0614102;Wąwolnica;384;381;354;336;232;169;195;220;244;293;261;227;202;173;124;134;113;123;121;119;98;87;104
0614112;Żyrzyn;534;463;432;336;237;216;237;314;348;386;398;310;288;226;156;144;137;170;129;107;116;103;135
0615000;Powiat radzyński;4750;4436;4246;3516;3160;2993;3429;3576;3609;3967;4040;3627;3295;2710;2070;1771;1441;1699;1613;1629;1521;1387;1616
0615011;Radzyń Podlaski;1417;1326;1267;1016;939;881;1013;1043;1054;1127;1080;915;865;652;536;478;389;475;476;480;434;402;476
0615022;Borki;621;595;558;471;350;348;365;412;422;453;459;422;384;310;230;175;164;188;188;188;176;163;192
0615032;Czemierniki;342;316;321;273;241;224;275;284;294;301;303;283;275;204;152;147;121;140;107;107;112;96;124
0615042;Kąkolewnica;563;512;474;386;353;341;404;414;400;453;467;449;401;356;246;206;158;210;203;200;193;187;186
0615052;Komarówka Podlaska;245;246;223;183;163;169;198;199;224;241;266;228;192;180;132;119;87;93;89;103;92;85;87
0615062;Radzyń Podlaski;587;565;558;467;445;404;427;485;505;559;599;529;462;407;324;255;213;250;224;218;209;193;229
0615072;Ulan-Majorat;392;334;347;306;251;242;277;292;278;348;368;369;312;245;193;171;130;139;128;133;121;103;120
0615082;Wohyń;583;542;498;414;418;384;470;447;432;485;498;432;404;356;257;220;179;204;198;200;184;158;202
0616000;Powiat rycki;4982;4598;4506;3499;2664;2139;2548;2697;2751;3194;3476;3161;2772;2479;2078;1787;1567;1701;1449;1257;1156;1138;1263
0616011;Dęblin;1580;1415;1348;935;677;547;736;695;632;811;908;787;728;676;543;492;469;487;417;370;330;333;361
0616022;Kłoczew;584;531;553;454;358;256;314;331;330;363;417;372;315;260;244;193;172;209;186;168;130;131;160
0616032;Nowodwór;348;317;336;220;190;162;206;191;228;252;265;241;218;195;147;126;110;126;92;75;92;89;89
0616043;Ryki;1786;1660;1605;1316;1029;836;908;1077;1109;1273;1352;1247;1071;982;830;705;604;651;560;490;449;414;462
0616052;Stężyca;385;397;383;315;239;198;214;221;233;270;296;297;252;192;161;142;113;130;102;91;95;89;104
0616062;Ułęż;299;278;281;259;171;140;170;182;219;225;238;217;188;174;153;129;99;98;92;63;60;82;87
0617000;Powiat świdnicki;6037;5549;5002;4374;3448;3498;4162;4757;4062;4212;4296;3878;3830;3345;2696;2414;2208;2482;2173;1826;1627;1639;1861
0617011;Świdnik;3267;3016;2626;2267;1768;1899;2265;2719;2202;2276;2308;2000;1965;1695;1360;1185;1093;1256;1064;912;791;816;944
0617022;Mełgiew;607;599;567;485;416;400;463;512;490;526;517;490;460;451;349;311;309;331;293;241;213;220;261
0617033;Piaski;759;702;646;596;501;480;586;633;600;621;652;604;631;512;420;409;326;393;356;280;290;279;312
0617042;Rybczewice;238;219;196;179;147;156;160;168;153;168;189;180;170;154;109;109;92;108;109;91;69;89;80
0617052;Trawniki;1166;1013;967;847;616;563;688;725;617;621;630;604;604;533;458;400;388;394;351;302;264;235;264
0618000;Powiat tomaszowski;8710;8048;7591;7268;6426;5119;5819;5406;5912;6036;6107;4975;4689;3659;2928;2457;2535;2896;2507;2524;2621;2356;2632
0618011;Tomaszów Lubelski;1784;1678;1630;1524;1316;1051;1245;1145;1229;1200;1253;980;923;709;569;452;489;605;457;479;495;425;508
0618022;Bełżec;457;420;395;377;336;267;325;263;280;288;279;223;226;194;159;106;117;121;109;106;115;105;135
0618032;Jarczów;276;237;225;209;185;155;180;165;191;189;197;168;160;109;89;90;88;99;81;92;94;93;94
0618042;Krynice;303;290;265;245;209;148;181;180;174;194;184;155;120;96;86;65;75;89;84;58;81;81;78
0618052;Lubycza Królewska;980;872;879;863;756;636;730;655;673;716;711;612;581;463;372;327;313;350;287;287;285;233;256
0618062;Łaszczów;555;513;471;419;389;300;326;306;418;367;365;314;273;227;182;139;151;187;175;171;179;164;173
0618072;Rachanie;469;494;431;471;438;342;411;375;399;411;387;313;326;268;200;186;198;204;185;174;168;154;173
0618082;Susiec;858;775;716;706;618;488;553;507;524;546;552;432;380;271;227;210;212;229;198;226;222;194;214
0618092;Tarnawatka;498;461;419;421;376;274;314;291;310;358;381;301;257;232;171;143;147;171;162;167;154;137;141
0618102;Telatyn;368;346;325;315;305;216;194;173;212;217;226;191;202;159;115;119;117;107;116;113;129;105;112
0618112;Tomaszów Lubelski;1051;897;846;804;677;616;717;687;756;801;781;623;630;462;390;311;315;381;318;310;366;329;381
0618123;Tyszowce;474;476;410;372;323;223;226;224;277;298;335;254;224;172;115;105;111;127;106;117;116;137;152
0618132;Ulhówek;637;589;579;542;498;403;417;435;469;451;456;409;387;297;253;204;202;226;229;224;217;199;215
0619000;Powiat włodawski;4223;3982;3841;4198;3199;3200;3439;3554;3507;3780;3858;3518;3110;2814;2382;2229;2202;2244;2048;1808;1758;1691;2007
0619011;Włodawa;1690;1587;1439;1519;1156;1085;1146;1186;1169;1303;1257;1107;985;844;700;665;657;672;616;540;538;516;558
0619022;Hanna;223;239;237;255;194;212;212;236;213;226;242;223;200;174;159;143;134;147;140;133;119;123;137
0619032;Hańsk;303;274;292;351;247;277;326;337;329;345;334;316;261;235;223;212;221;225;197;179;161;176;273
0619042;Stary Brus;262;277;262;266;215;206;228;219;211;225;263;246;234;221;171;167;147;144;130;104;113;105;124
0619052;Urszulin;351;324;320;368;253;257;287;287;296;321;329;295;283;253;212;183;181;185;167;153;152;130;162
0619062;Włodawa;633;573;571;656;520;538;586;605;606;657;712;651;548;530;446;422;413;403;375;345;337;317;364
0619072;Wola Uhruska;492;462;441;503;383;384;406;402;423;426;423;407;353;332;290;269;275;299;258;214;193;196;242
0619082;Wyryki;269;246;279;280;231;241;248;282;260;277;298;273;246;225;181;168;174;169;165;140;145;128;147
0620000;Powiat zamojski;9239;8528;7987;7250;6331;5355;6128;6307;6285;7206;7215;6453;6200;5320;4689;4028;3614;4165;3737;3316;3208;3198;3404
0620012;Adamów;432;373;347;321;280;238;295;275;321;315;308;271;240;211;167;168;143;192;142;137;116;140;154
0620022;Grabowiec;339;295;299;297;276;233;257;248;254;270;292;276;276;222;217;194;177;215;185;170;176;149;151
0620032;Komarów-Osada;479;443;406;366;345;306;299;276;333;394;365;340;351;318;251;232;196;236;222;164;170;175;181
0620043;Krasnobród;668;576;493;505;429;368;447;500;464;533;536;458;452;412;332;321;269;294;283;281;257;237;235
0620052;Łabunie;564;559;499;434;348;328;396;402;427;473;486;400;422;340;314;249;247;265;252;195;203;198;205
0620062;Miączyn;524;465;479;474;428;337;354;388;387;458;465;398;379;338;290;239;190;231;224;159;155;157;167
0620072;Nielisz;488;441;433;362;330;270;311;361;327;396;372;330;315;253;234;180;162;183;171;128;139;138;168
0620082;Radecznica;354;345;324;286;251;182;212;230;225;253;267;222;204;168;161;133;122;129;114;117;112;116;93
0620092;Sitno;530;518;487;400;384;332;359;377;357;461;462;404;370;320;306;264;223;271;216;170;166;186;213
0620102;Skierbieszów;506;473;440;417;359;250;308;324;295;323;340;305;281;271;219;183;179;233;176;135;129;137;153
0620112;Stary Zamość;446;444;413;331;317;264;299;261;295;341;315;298;279;264;215;198;220;231;201;184;179;180;195
0620122;Sułów;367;319;310;291;261;195;251;270;244;272;301;273;260;222;201;188;166;179;165;144;137;134;141
0620133;Szczebrzeszyn;1089;988;881;824;688;555;683;711;746;856;831;761;744;601;541;452;389;461;408;392;393;379;390
0620142;Zamość;1909;1799;1704;1513;1302;1198;1318;1300;1263;1446;1463;1344;1255;1059;956;777;685;797;717;673;627;656;745
0620153;Zwierzyniec;544;490;472;429;333;299;339;384;347;415;412;373;372;321;285;250;246;248;261;267;249;216;213
0661000;Powiat m. Biała Podlaska;4886;4733;4605;4176;3767;3002;3659;3293;3675;3942;3914;3572;3218;2995;2621;2475;2379;2637;2113;1789;1669;1681;1944
0661011;Biała Podlaska;4886;4733;4605;4176;3767;3002;3659;3293;3675;3942;3914;3572;3218;2995;2621;2475;2379;2637;2113;1789;1669;1681;1944
0662000;Powiat m. Chełm;6768;6580;6082;5933;4501;3608;3792;3895;4102;4366;4468;3800;3537;3062;2846;2613;2513;2745;2174;1962;1697;1685;1884
0662011;Chełm;6768;6580;6082;5933;4501;3608;3792;3895;4102;4366;4468;3800;3537;3062;2846;2613;2513;2745;2174;1962;1697;1685;1884
0663000;Powiat m. Lublin;20687;18965;18935;16708;12890;11592;14784;16080;16102;17124;17422;14771;13938;12733;11164;10050;9040;10270;9482;8924;7535;7197;7997
0663011;Lublin;20687;18965;18935;16708;12890;11592;14784;16080;16102;17124;17422;14771;13938;12733;11164;10050;9040;10270;9482;8924;7535;7197;7997
0664000;Powiat m. Zamość;6351;5985;5577;5230;4476;3924;4523;4614;4337;4827;4861;4364;4031;3520;3109;2805;2436;2759;2370;2075;1991;2007;2206
0664011;Zamość;6351;5985;5577;5230;4476;3924;4523;4614;4337;4827;4861;4364;4031;3520;3109;2805;2436;2759;2370;2075;1991;2007;2206
0800000;LUBUSKIE;108026;99389;89151;72816;52293;46311;61062;59225;59134;60614;59805;47115;39348;32367;24605;22201;18498;23674;18158;15725;15379;15926;20380
0801000;Powiat gorzowski;6545;6041;4762;3478;2275;1755;2782;2792;3111;3020;3194;2155;2002;1751;1207;1118;947;1404;970;736;805;888;1160
0801011;Kostrzyn nad Odrą;1256;1016;730;588;392;369;543;472;448;403;411;272;251;265;186;148;123;228;149;103;96;125;208
0801022;Bogdaniec;713;634;479;379;238;123;251;227;311;276;351;188;178;131;65;68;60;103;72;70;65;84;109
0801032;Deszczno;766;741;616;409;245;129;286;310;397;430;364;255;225;170;121;121;127;202;125;94;124;126;147
0801042;Kłodawa;580;608;447;326;229;129;233;239;318;349;358;211;170;117;101;85;73;134;102;66;84;92;131
0801052;Lubiszyn;782;727;627;463;249;136;308;293;341;322;309;250;237;189;163;147;123;153;107;98;93;103;134
0801062;Santok;861;805;636;408;245;125;311;373;410;440;442;289;289;230;184;209;154;206;160;98;105;102;144
0801073;Witnica;1587;1510;1227;905;677;744;850;878;886;800;959;690;652;649;387;340;287;378;255;207;238;256;287
0802000;Powiat krośnieński;7664;7163;6715;6185;5055;4694;4988;4580;4363;4373;4248;3250;2933;2430;1938;1619;1392;1660;1218;977;976;881;1190
0802011;Gubin;2607;2437;2260;2044;1734;1833;1838;1821;1823;1656;1640;1189;1075;883;671;571;493;558;421;308;324;294;400
0802022;Bobrowice;367;337;323;299;262;225;225;158;172;181;166;142;131;108;89;69;76;79;64;50;56;65;54
0802032;Bytnica;323;311;289;216;154;164;168;146;124;155;150;135;100;90;75;64;73;55;32;39;50;30;45
0802042;Dąbie;713;654;616;595;483;382;474;392;340;393;335;293;271;213;173;158;118;163;115;94;89;89;116
0802052;Gubin;1141;1147;1078;1007;828;850;863;799;784;798;807;629;575;496;371;323;258;305;243;189;178;154;189
0802063;Krosno Odrzańskie;2091;1885;1771;1653;1297;1099;1185;1046;922;978;916;680;653;532;477;372;308;412;277;236;231;200;319
0802072;Maszewo;422;392;378;371;297;141;235;218;198;212;234;182;128;108;82;62;66;88;66;61;48;49;67
0803000;Powiat międzyrzecki;6651;5984;5594;4725;3848;3473;4584;4713;4587;4873;5085;3981;3295;3140;2688;2462;1883;1928;1353;1324;1248;1296;1449
0803012;Bledzew;663;571;580;476;356;313;428;435;391;464;497;387;329;328;262;257;195;190;120;123;116;116;105
0803023;Międzyrzecz;2717;2397;2232;1845;1586;1451;1898;2026;1916;1948;1933;1524;1224;1210;1066;944;662;689;486;496;447;478;575
0803032;Przytoczna;711;692;603;529;389;358;479;503;496;506;562;432;371;370;298;283;210;219;148;138;119;126;143
0803042;Pszczew;419;398;359;344;340;249;337;327;345;374;436;342;279;226;199;182;145;141;86;101;96;108;113
0803053;Skwierzyna;1421;1267;1188;1003;790;707;945;943;923;1035;1123;850;709;698;614;567;502;531;389;355;347;314;362
0803063;Trzciel;720;659;632;528;387;395;497;479;516;546;534;446;383;308;249;229;169;158;124;111;123;154;151
0804000;Powiat nowosolski;11847;11421;10672;8904;6129;5977;7838;7497;6958;7301;7539;5973;5058;3998;2909;2334;1664;1936;1337;1354;1454;1587;2014
0804011;Nowa Sól;5244;4992;4575;3882;2395;2337;3169;3011;2675;2743;2942;2344;1954;1504;1082;879;590;743;455;511;573;643;873
0804023;Bytom Odrzański;667;636;615;472;402;317;393;387;362;372;382;293;299;193;137;113;80;104;69;69;78;90;111
0804032;Kolsko;487;450;398;325;236;216;305;279;259;288;258;211;166;149;139;111;91;76;63;76;91;76;80
0804043;Kożuchów;2302;2256;2181;1879;1424;1602;1955;1787;1751;1806;1831;1426;1220;1022;727;556;396;452;339;304;304;305;406
0804052;Nowa Sól;924;904;869;695;485;469;630;634;545;614;657;518;430;332;256;207;153;178;139;141;134;167;184
0804063;Nowe Miasteczko;774;757;715;555;442;422;494;536;489;533;521;438;359;290;209;190;138;145;97;100;111;122;141
0804072;Otyń;836;819;750;640;435;347;555;498;512;571;564;450;365;288;210;161;126;143;104;97;106;119;141
0804082;Siedlisko;613;607;569;456;310;267;337;365;365;374;384;293;265;220;149;117;90;95;71;56;57;65;78
0805000;Powiat słubicki;4953;4776;4452;3786;2781;2439;3581;3242;2356;2154;2110;1257;989;681;511;413;415;643;418;374;362;378;507
0805013;Cybinka;751;736;682;608;397;410;540;400;392;384;382;235;191;135;102;98;103;129;94;107;81;64;90
0805022;Górzyca;478;430;400;335;234;194;276;190;203;184;172;111;88;69;54;43;46;63;49;35;44;47;46
0805033;Ośno Lubuskie;749;704;560;424;283;286;376;232;263;222;268;171;132;103;70;65;62;84;61;49;55;46;74
0805043;Rzepin;923;995;881;701;499;467;670;508;498;450;420;278;212;153;102;67;84;149;91;71;60;60;91
0805053;Słubice;2052;1911;1929;1718;1368;1082;1719;1912;1000;914;868;462;366;221;183;140;120;218;123;112;122;161;206
0806000;Powiat strzelecko-drezdenecki;6816;6456;6042;5017;4000;3846;4570;4355;4637;4903;4777;3600;3104;2629;1980;1902;1686;1756;1566;1418;1377;1539;1818
0806013;Dobiegniew;1155;1142;1046;898;750;743;763;808;877;872;853;623;619;526;477;465;385;372;314;249;278;302;293
0806023;Drezdenko;2292;2191;2030;1709;1248;1303;1533;1428;1455;1545;1548;1196;1085;947;670;628;535;555;511;507;453;489;574
0806032;Stare Kurowo;450;456;445;360;263;284;324;337;374;344;354;266;234;221;167;157;136;135;141;140;113;109;154
0806043;Strzelce Krajeńskie;2363;2186;2031;1642;1389;1209;1616;1440;1564;1699;1633;1222;943;778;538;541;512;576;492;430;437;516;655
0806052;Zwierzyn;556;481;490;408;350;307;334;342;367;443;389;293;223;157;128;111;118;118;108;92;96;123;142
0807000;Powiat sulęciński;4013;3555;2911;2426;1652;1262;1855;1751;1735;1848;1782;1534;1336;1102;788;740;666;776;498;458;458;457;570
0807012;Krzeszyce;464;448;379;311;202;148;182;192;226;221;222;180;157;128;108;103;93;99;64;58;63;48;64
0807023;Lubniewice;474;428;330;284;181;130;202;187;189;214;196;171;139;113;77;88;91;82;47;49;55;55;55
0807032;Słońsk;583;488;426;435;298;141;193;177;152;193;165;141;140;106;88;68;45;74;47;32;44;47;80
0807043;Sulęcin;1831;1559;1277;990;646;591;908;888;881;863;801;704;594;477;330;335;295;338;210;202;205;210;244
0807053;Torzym;661;632;499;406;325;252;370;307;287;357;398;338;306;278;185;146;142;183;130;117;91;97;127
0808000;Powiat świebodziński;4581;4211;3681;3022;1674;1861;2393;2100;2359;2955;3124;2386;2143;1798;1273;1109;890;1385;819;708;653;583;896
0808012;Lubrza;339;344;296;235;116;111;161;157;175;248;231;185;145;147;100;90;68;111;59;59;53;38;70
0808022;Łagów;612;579;500;419;242;190;251;255;309;359;372;328;257;227;160;137;104;166;123;79;73;86;99
0808032;Skąpe;407;363;377;347;224;166;212;219;226;268;302;220;193;167;131;107;86;140;93;85;64;40;61
0808042;Szczaniec;414;390;310;223;132;152;202;174;196;236;226;154;152;123;90;72;79;112;73;50;56;51;77
0808053;Świebodzin;2314;2117;1837;1490;833;1078;1299;1087;1242;1587;1709;1259;1161;986;694;613;471;740;409;382;356;318;517
0808063;Zbąszynek;495;418;361;308;127;164;268;208;211;257;284;240;235;148;98;90;82;116;62;53;51;50;72
0809000;Powiat zielonogórski;9182;7775;6931;5899;3739;2847;4346;4213;4583;4945;4698;4262;2893;2325;1788;1722;1475;2070;1986;1786;1557;1590;1803
0809013;Babimost;375;298;263;214;139;153;179;157;160;200;215;173;144;119;89;77;78;112;88;116;98;98;103
0809022;Bojadła;356;309;295;243;166;142;186;163;217;223;236;176;133;136;92;83;83;98;98;98;81;85;93
0809033;Czerwieńsk;1055;1009;861;818;535;301;551;593;602;582;534;502;414;323;256;248;176;263;262;167;175;194;233
0809043;Kargowa;576;465;401;361;216;167;254;212;249;279;279;247;206;201;135;131;123;159;155;169;150;145;161
0809053;Nowogród Bobrzański;1129;920;822;759;496;431;486;503;541;617;548;504;408;344;310;248;203;258;279;234;197;187;216
0809063;Sulechów;3001;2426;2070;1582;906;770;1252;1123;1360;1462;1459;1227;1018;777;561;602;565;842;755;730;597;586;636
0809072;Świdnica;556;507;472;413;258;174;284;275;236;300;237;255;225;169;133;126;78;106;100;78;77;87;111
0809082;Trzebiechów;393;326;296;245;147;130;152;155;163;181;205;154;141;119;102;111;100;132;127;123;100;107;135
0809092;Zabór;377;333;292;244;169;106;197;199;200;225;216;243;204;137;110;96;69;100;122;71;82;101;115
0809102;Zielona Góra;1364;1182;1159;1020;707;473;805;833;855;876;769;781;;;;;;;;;;;
0810000;Powiat żagański;10838;9670;9036;8097;6323;5693;6706;6686;6023;5851;5986;4932;3846;3059;2398;1957;1803;1828;1326;1150;966;984;1207
0810011;Gozdnica;680;526;540;470;391;315;386;315;273;249;300;203;156;113;87;64;52;40;30;26;18;21;20
0810021;Żagań;3061;2621;2402;2033;1854;1631;1890;1892;1590;1638;1593;1300;920;669;531;398;400;428;287;273;221;235;320
0810032;Brzeźnica;493;482;432;400;316;303;330;322;317;284;322;223;197;165;107;103;79;96;72;67;56;62;63
0810043;Iłowa;940;926;836;775;598;525;608;606;569;566;548;430;368;272;180;138;128;128;85;72;50;64;65
0810053;Małomice;858;740;774;654;440;400;512;589;497;435;404;361;295;264;228;170;164;150;102;81;75;70;95
0810062;Niegosławice;699;696;677;570;463;414;463;455;419;429;455;366;306;270;231;213;189;185;156;116;103;96;105
0810073;Szprotawa;2942;2620;2327;2231;1456;1422;1774;1771;1650;1646;1653;1451;1177;934;776;662;593;594;430;377;309;304;391
0810082;Wymiarki;296;276;277;277;216;187;193;203;191;164;233;193;125;116;80;57;51;60;51;36;22;29;32
0810092;Żagań;869;783;771;687;589;496;550;533;517;440;478;405;302;256;178;152;147;147;113;102;112;103;116
0811000;Powiat żarski;11813;11465;10409;8249;5607;5361;6510;5975;5959;5875;5547;4351;3223;2745;2121;1943;1695;2137;1701;1504;1445;1515;1839
0811011;Łęknica;341;350;341;224;148;125;142;122;118;129;98;89;71;38;35;25;26;30;18;18;16;17;22
0811021;Żary;3620;3284;2756;2031;1182;1262;1874;1719;1779;1662;1540;1113;750;630;425;404;370;535;412;373;345;334;501
0811032;Brody;572;576;584;524;392;390;409;334;332;318;297;265;211;210;172;154;121;145;116;95;83;88;98
0811043;Jasień;1113;1128;1035;928;743;714;742;643;609;601;551;461;367;327;271;246;198;258;212;177;174;181;204
0811052;Lipinki Łużyckie;377;383;360;233;133;153;173;182;180;182;169;126;91;81;61;53;39;64;51;43;43;47;51
0811063;Lubsko;2957;2777;2731;2412;1779;1490;1673;1682;1569;1600;1553;1303;982;862;745;646;544;638;510;442;461;536;555
0811072;Przewóz;402;443;401;311;182;178;216;173;200;193;220;155;114;85;65;58;69;68;64;59;42;47;51
0811082;Trzebiel;756;828;679;498;344;317;366;313;330;341;311;229;163;118;93;84;70;103;92;84;70;79;86
0811092;Tuplice;439;547;496;413;340;363;342;297;290;302;277;232;191;162;101;115;108;107;87;73;73;60;68
0811102;Żary;1236;1149;1026;675;364;369;573;510;552;547;531;378;283;232;153;158;150;189;139;140;138;126;203
0812000;Powiat wschowski;3907;3700;3081;2499;1874;1985;2103;2246;2252;2440;2285;1812;1605;1485;1228;1119;1022;1200;1039;935;952;952;1074
0812013;Sława;1029;887;808;595;506;561;563;526;590;674;557;490;437;429;340;299;260;323;301;281;309;296;322
0812023;Szlichtyngowa;527;516;438;400;262;279;314;356;313;366;364;240;240;224;182;189;158;172;147;134;114;114;128
0812033;Wschowa;2351;2297;1835;1504;1106;1145;1226;1364;1349;1400;1364;1082;928;832;706;631;604;705;591;520;529;542;624
0861000;Powiat m. Gorzów Wielkopolski;10573;9898;8175;4854;3330;2370;4443;4546;5332;5250;4898;3378;2918;2230;1508;1482;1296;2210;1454;1242;1175;1280;2143
0861011;Gorzów Wielkopolski;10573;9898;8175;4854;3330;2370;4443;4546;5332;5250;4898;3378;2918;2230;1508;1482;1296;2210;1454;1242;1175;1280;2143
0862000;Powiat m. Zielona Góra;8643;7274;6690;5675;4006;2748;4363;4529;4879;4826;4532;4244;4003;2994;2268;2281;1664;2741;2473;1759;1951;1996;2710
0862011;Zielona Góra;8643;7274;6690;5675;4006;2748;4363;4529;4879;4826;4532;4244;4003;2994;2268;2281;1664;2741;2473;1759;1951;1996;2710
1000000;ŁÓDZKIE;233064;218281;198429;160698;123148;99191;128105;131617;138652;151036;151626;126157;109510;91041;72662;66036;58722;67812;60902;54397;53158;53336;61984
1001000;Powiat bełchatowski;11130;9982;9223;7649;5772;4652;6071;5950;6740;7386;7576;6042;4830;4090;3218;3047;2570;2841;2429;2377;2189;2112;2390
1001011;Bełchatów;6172;5367;4901;4033;3025;2364;3140;3001;3410;3701;3771;2964;2341;1913;1523;1438;1150;1306;1043;1040;880;871;1046
1001022;Bełchatów;803;757;694;643;520;414;537;418;535;573;636;462;385;345;274;266;216;247;203;199;185;176;213
1001032;Drużbice;475;421;410;319;220;167;221;213;279;300;309;233;202;180;123;115;107;127;97;94;89;77;93
1001042;Kleszczów;264;252;235;220;199;155;160;167;184;239;243;198;163;136;116;81;96;105;102;116;100;123;133
1001052;Kluki;425;368;367;299;211;139;177;232;236;283;297;226;179;147;106;108;84;104;94;73;72;67;77
1001062;Rusiec;352;356;298;210;182;161;190;190;199;227;241;210;157;131;108;103;79;78;79;67;67;60;65
1001072;Szczerców;835;800;729;536;394;290;349;422;463;496;543;435;341;278;223;209;169;173;147;129;136;130;148
1001083;Zelów;1804;1661;1589;1389;1021;962;1297;1307;1434;1567;1536;1314;1062;960;745;727;669;701;664;659;660;608;615
1002000;Powiat kutnowski;13253;12707;10813;8747;7366;6093;7554;7220;7302;7332;7472;6427;5821;4957;3891;3671;3295;3411;3136;2822;2885;2832;2927
1002011;Kutno;5998;5951;4935;3740;3147;2572;3164;2900;2892;2830;2848;2407;2148;1801;1395;1337;1180;1261;1126;1042;1047;1101;1165
1002022;Bedlno;565;491;417;350;290;243;339;317;329;334;335;309;246;212;150;151;112;135;145;108;127;118;117
1002032;Dąbrowice;215;200;181;179;168;126;130;129;144;133;147;126;116;102;88;72;81;80;81;66;64;64;75
1002043;Krośniewice;1345;1275;1144;993;795;699;857;844;870;905;928;820;708;593;487;434;401;402;351;311;340;346;334
1002052;Krzyżanów;538;469;433;374;324;260;301;281;290;349;312;319;280;245;176;195;146;153;146;128;119;115;120
1002062;Kutno;1048;1016;881;731;642;541;625;629;631;687;690;546;518;414;351;330;277;293;285;270;285;247;272
1002072;Łanięta;412;395;352;301;286;180;219;232;223;206;259;224;231;176;122;135;122;113;120;108;116;87;95
1002082;Nowe Ostrowy;667;631;523;533;438;341;391;354;372;369;393;298;304;263;214;185;177;172;178;141;134;140;143
1002092;Oporów;242;257;187;153;146;125;174;175;161;173;161;133;130;121;77;96;80;84;70;69;82;81;82
1002102;Strzelce;540;509;450;363;322;277;306;300;341;335;360;270;280;243;177;152;127;123;126;103;116;101;101
1002113;Żychlin;1683;1513;1310;1030;808;729;1048;1059;1049;1011;1039;975;860;787;654;584;592;595;508;476;455;432;423
1003000;Powiat łaski;4431;4114;3615;3028;2411;2205;3025;3440;3568;3779;3769;3054;2489;2162;1749;1453;1315;1481;1273;1187;1186;1277;1523
1003012;Buczek;441;454;397;342;222;195;299;359;359;381;387;322;215;213;168;157;120;166;139;137;140;132;172
1003023;Łask;2648;2402;2125;1717;1434;1242;1725;2041;2040;2219;2133;1731;1455;1259;1010;791;709;831;701;671;664;744;859
1003032;Sędziejowice;491;465;390;372;296;281;392;416;458;469;482;399;321;289;204;177;199;204;171;153;142;172;193
1003042;Widawa;660;615;560;494;394;416;504;511;562;557;620;464;397;326;294;264;232;215;199;161;182;163;202
1003052;Wodzierady;191;178;143;103;65;71;105;113;149;153;147;138;101;75;73;64;55;65;63;65;58;66;97
1004000;Powiat łęczycki;5548;5166;4883;4192;3088;2495;2940;3020;3098;3313;3567;3078;2639;2281;1715;1532;1383;1329;1204;1115;999;924;1104
1004011;Łęczyca;1923;1709;1644;1434;1077;935;1089;1081;1102;1127;1246;1105;1001;879;717;645;604;601;531;523;445;410;481
1004022;Daszyna;565;523;489;413;307;241;283;288;286;296;360;311;247;183;137;117;104;109;100;100;69;82;90
1004032;Góra Świętej Małgorzaty;301;265;247;229;185;147;162;160;198;195;198;169;130;104;75;66;66;82;69;55;58;55;69
1004042;Grabów;595;594;557;488;374;269;347;326;358;371;398;329;259;275;166;134;124;98;112;109;99;75;103
1004052;Łęczyca;797;738;685;575;385;328;381;461;452;504;504;459;364;322;250;225;181;201;180;143;152;122;166
1004062;Piątek;547;527;470;368;256;176;216;231;242;323;329;266;256;187;140;134;123;93;86;78;68;72;77
1004072;Świnice Warckie;464;458;439;382;305;245;266;277;271;294;318;264;226;194;122;108;113;84;73;67;59;66;69
1004082;Witonia;356;352;352;303;199;154;196;196;189;203;214;175;156;137;108;103;68;61;53;40;49;42;49
1005000;Powiat łowicki;5824;5300;4621;3773;3096;2788;3174;3294;3048;3594;3589;3123;2827;2484;1945;1818;1534;1815;1449;1359;1217;1214;1495
1005011;Łowicz;2581;2379;1937;1563;1307;1163;1436;1480;1416;1532;1557;1363;1239;1079;879;825;687;834;682;620;537;559;669
1005022;Bielawy;423;388;370;315;263;221;182;204;196;204;228;236;193;169;126;118;88;117;85;79;81;68;94
1005032;Chąśno;164;152;146;115;87;73;88;93;101;104;111;108;78;80;70;64;57;63;46;42;49;40;45
1005042;Domaniewice;322;277;270;207;182;169;173;158;151;208;181;153;169;115;83;87;86;84;78;65;50;53;76
1005052;Kiernozia;240;222;200;154;120;107;94;94;107;123;122;120;105;110;65;63;48;68;55;50;45;58;66
1005062;Kocierzew Południowy;196;207;178;146;114;85;114;115;84;124;132;102;77;82;60;60;45;48;38;46;40;39;53
1005072;Łowicz;457;388;366;301;218;220;268;305;236;306;305;249;234;219;169;161;142;168;123;142;121;109;136
1005082;Łyszkowice;481;422;383;346;283;246;266;267;257;336;322;254;230;186;156;150;126;143;117;108;101;98;121
1005092;Nieborów;577;513;470;375;314;321;348;348;321;443;412;337;312;288;225;194;169;189;145;140;121;123;151
1005102;Zduny;383;352;301;251;208;183;205;230;179;214;219;201;190;156;112;96;86;101;80;67;72;67;84
1006000;Powiat łódzki wschodni;5746;5626;5230;4422;3166;1732;2377;2795;3027;3391;3475;3077;2730;2571;2270;1984;1787;1992;1731;1718;1732;1634;1828
1006022;Andrespol;1004;968;891;710;495;290;413;508;595;694;716;645;576;563;479;399;375;391;368;362;352;340;384
1006032;Brójce;370;359;285;262;163;83;125;146;194;247;245;225;192;173;164;132;109;139;114;111;120;112;149
1006073;Koluszki;2550;2518;2358;2095;1651;957;1243;1327;1362;1290;1340;1123;977;906;813;736;688;714;599;609;616;577;634
1006082;Nowosolna;252;234;228;192;131;69;91;130;131;175;177;159;149;154;116;104;101;122;102;102;95;92;96
1006102;Rzgów;648;609;564;458;294;146;206;300;333;436;389;327;320;313;283;252;214;274;229;208;221;217;233
1006113;Tuszyn;922;938;904;705;432;187;299;384;412;549;608;598;516;462;415;361;300;352;319;326;328;296;332
1007000;Powiat opoczyński;9202;8715;8120;7106;6089;4402;5817;4905;5025;5430;5350;4070;3040;2599;1831;1761;1738;2050;1883;1965;1993;2000;2273
1007012;Białaczów;769;741;699;660;581;375;490;462;435;455;567;442;333;297;196;210;206;233;226;231;225;240;268
1007023;Drzewica;1514;1476;1342;1203;1021;713;958;738;843;898;856;696;470;390;269;266;248;297;282;260;267;271;319
1007032;Mniszków;463;436;382;332;267;175;230;194;203;263;246;199;134;112;87;89;80;97;92;77;88;75;91
1007043;Opoczno;4112;3946;3676;3180;2663;2004;2743;2299;2264;2470;2333;1743;1307;1135;809;790;773;879;789;891;926;911;1034
1007052;Paradyż;443;394;363;314;278;206;269;215;263;247;284;233;177;142;87;82;95;102;82;110;102;118;117
1007062;Poświętne;339;308;286;264;196;121;170;148;159;162;179;139;90;74;50;42;47;62;61;63;60;49;49
1007072;Sławno;858;727;715;600;513;385;510;455;487;525;463;329;256;211;162;147;135;195;170;163;149;159;185
1007082;Żarnów;704;687;657;553;570;423;447;394;371;410;422;289;273;238;171;135;154;185;181;170;176;177;210
1008000;Powiat pabianicki;10991;10046;9016;7458;4956;4661;6311;6724;7587;8020;7552;6216;5169;4369;3559;3174;2890;3253;2942;2675;2526;2702;3006
1008011;Konstantynów Łódzki;1607;1472;1398;1114;795;754;914;1093;1142;1158;1111;893;750;670;599;525;497;536;485;483;421;415;482
1008021;Pabianice;6955;6298;5627;4662;2998;2937;4004;4108;4722;4984;4611;3805;3140;2641;2100;1868;1682;1886;1707;1545;1460;1614;1723
1008032;Dłutów;379;331;322;266;178;130;214;195;211;243;257;204;171;117;101;88;68;84;80;75;76;87;106
1008042;Dobroń;490;516;403;348;241;213;290;341;381;382;389;332;288;236;179;150;130;197;160;125;137;130;154
1008052;Ksawerów;594;553;464;378;254;222;304;336;395;419;398;304;265;212;166;152;159;159;135;130;114;109;139
1008062;Lutomiersk;531;483;460;389;293;251;341;400;425;533;502;435;359;334;275;256;236;246;254;207;206;221;249
1008072;Pabianice;435;393;342;301;197;154;244;251;311;301;284;243;196;159;139;135;118;145;121;110;112;126;153
1009000;Powiat pajęczański;4753;4190;3658;3306;2258;2061;2824;2791;2611;3019;2861;2343;1951;1715;1605;1530;1463;1687;1505;1362;1336;1300;1417
1009013;Działoszyn;1072;876;736;664;460;481;691;661;569;675;637;501;380;330;294;261;268;309;267;277;240;247;252
1009022;Kiełczygłów;307;311;238;250;185;146;216;210;185;216;226;170;154;127;97;100;91;125;107;103;110;108;112
1009032;Nowa Brzeźnica;436;399;357;293;180;187;238;272;283;292;255;238;213;183;168;167;182;191;185;170;164;151;174
1009043;Pajęczno;1103;938;826;717;534;480;663;636;598;762;720;573;499;432;411;392;325;388;331;288;300;278;297
1009052;Rząśnia;541;509;474;414;291;233;299;298;327;375;336;273;231;204;222;212;212;219;223;182;160;157;185
1009062;Siemkowice;436;391;351;318;204;198;234;233;198;222;218;185;150;139;122;116;118;134;115;98;117;110;110
1009072;Strzelce Wielkie;461;372;327;312;184;161;237;255;223;241;242;205;163;141;143;135;136;150;147;115;120;131;144
1009082;Sulmierzyce;397;394;349;338;220;175;246;226;228;236;227;198;161;159;148;147;131;171;130;129;125;118;143
1010000;Powiat piotrkowski;6791;5972;5483;4660;3455;2553;3512;3987;4079;4393;4425;3549;3195;2574;2028;1851;1618;1963;1827;1700;1692;1789;1889
1010012;Aleksandrów;377;320;305;251;198;129;157;176;206;234;193;165;142;138;97;93;75;87;91;79;65;80;87
1010022;Czarnocin;160;156;153;123;72;58;74;71;77;82;119;88;77;72;55;45;35;46;40;39;41;50;48
1010032;Gorzkowice;617;529;548;459;321;232;330;366;385;401;418;322;279;236;176;162;145;170;164;135;154;154;172
1010042;Grabica;351;329;300;240;186;117;160;204;175;203;217;169;147;129;96;85;75;89;89;74;87;89;105
1010052;Łęki Szlacheckie;291;267;266;206;158;116;132;151;153;174;169;135;138;103;84;67;69;79;67;73;83;78;92
1010062;Moszczenica;951;842;766;654;506;401;523;596;605;637;611;509;439;346;306;249;218;252;237;226;222;238;261
1010072;Ręczno;294;239;244;207;151;111;175;166;192;176;174;143;146;95;90;74;70;78;86;66;69;59;69
1010082;Rozprza;1042;911;799;720;494;354;531;620;595;643;639;513;429;321;251;227;200;273;240;210;221;243;260
1010093;Sulejów;1399;1241;1104;973;724;542;770;884;907;981;994;792;722;610;461;462;380;476;446;431;400;429;436
1010102;Wola Krzysztoporska;835;719;623;521;402;294;389;421;460;526;549;449;418;310;248;241;228;270;239;226;210;227;222
1010112;Wolbórz;474;419;375;306;243;199;271;332;324;336;342;264;258;214;164;146;123;143;128;141;140;142;137
1011000;Powiat poddębicki;3624;3387;3244;3059;2272;1608;1980;2245;2484;2714;2699;2257;1945;1591;1204;1142;1115;1275;1133;1077;1145;1112;1225
1011012;Dalików;309;287;276;236;189;112;134;188;221;257;243;204;173;140;103;89;85;97;83;74;94;92;103
1011022;Pęczniew;270;266;230;198;195;153;175;175;198;208;236;194;192;147;123;122;117;127;122;115;108;98;110
1011033;Poddębice;1374;1280;1252;1279;880;588;792;883;990;1074;1065;887;742;583;457;445;448;484;413;409;442;422;445
1011043;Uniejów;735;689;665;625;422;334;376;446;447;501;474;394;322;277;214;189;182;222;188;176;184;174;198
1011052;Wartkowice;538;499;488;412;334;242;264;309;341;371;371;312;288;239;169;154;156;195;177;160;166;178;196
1011062;Zadzim;398;366;333;309;252;179;239;244;287;303;310;266;228;205;138;143;127;150;150;143;151;148;173
1012000;Powiat radomszczański;12988;12419;11289;10243;8787;5800;6848;6859;6980;7562;7309;6116;4961;4074;3210;2702;2332;2549;2043;1951;2028;2006;2432
1012011;Radomsko;5563;5245;4707;4415;3747;2475;2973;2977;3039;3225;3179;2595;2155;1655;1287;1080;948;1018;786;891;889;886;1075
1012022;Dobryszyce;482;443;407;378;340;206;227;242;260;285;284;222;155;131;96;81;65;79;62;66;64;76;113
1012032;Gidle;659;645;596;498;424;256;331;318;338;377;416;350;257;229;185;135;115;143;102;118;124;131;151
1012042;Gomunice;733;658;619;534;413;259;314;315;317;365;350;290;227;190;156;149;121;134;90;98;102;117;117
1012053;Kamieńsk;665;669;629;598;534;318;281;297;313;350;301;270;221;188;141;115;77;96;82;66;79;74;110
1012062;Kobiele Wielkie;401;393;342;310;277;192;189;195;193;249;223;186;152;144;98;85;77;80;58;63;57;58;74
1012072;Kodrąb;475;452;431;365;334;223;258;251;279;272;259;225;166;148;107;82;70;81;68;63;75;73;78
1012082;Lgota Wielka;418;390;362;319;260;170;208;201;223;247;206;175;148;118;86;78;57;62;56;59;57;52;69
1012092;Ładzice;477;459;425;368;344;218;261;262;264;283;261;228;168;159;127;100;78;84;67;61;95;87;105
1012102;Masłowice;485;480;410;366;312;263;295;299;266;299;284;249;207;199;160;144;145;137;124;75;71;77;97
1012113;Przedbórz;1052;1075;977;866;727;580;663;686;671;708;713;546;493;418;381;326;310;335;298;123;119;104;125
1012122;Radomsko;578;548;525;446;412;232;365;331;336;396;344;318;217;185;138;125;101;112;69;106;109;87;100
1012132;Wielgomłyny;370;380;325;311;252;179;205;202;203;248;208;191;155;119;100;83;66;81;78;70;79;88;103
1012142;Żytno;630;582;534;469;411;229;278;283;278;258;281;271;240;191;148;119;102;107;103;92;108;96;115
1013000;Powiat rawski;3508;3151;2848;2222;1675;1398;1788;1798;1800;1951;1998;1656;1428;1184;933;823;673;818;659;664;612;555;632
1013011;Rawa Mazowiecka;1479;1323;1190;892;711;638;808;774;824;823;864;703;610;498;381;348;274;364;295;295;259;245;277
1013023;Biała Rawska;767;696;642;532;376;287;340;380;335;375;377;348;319;242;203;179;155;178;141;138;127;117;120
1013032;Cielądz;265;263;264;226;164;126;145;156;143;168;154;138;103;80;76;66;52;61;55;47;43;39;42
1013042;Rawa Mazowiecka;644;529;452;324;256;199;297;275;309;375;365;289;246;226;178;151;125;148;114;117;124;99;135
1013052;Regnów;73;76;80;67;38;30;40;55;43;54;65;35;41;41;24;13;13;18;9;15;10;12;10
1013062;Sadkowice;280;264;220;181;130;118;158;158;146;156;173;143;109;97;71;66;54;49;45;52;49;43;48
1014000;Powiat sieradzki;10633;10415;10157;9043;7298;5865;6632;6517;6934;7076;7378;6485;5592;4271;3169;3201;2888;3160;2470;2511;2409;2313;2795
1014011;Sieradz;4335;4186;4057;3560;2880;2306;2775;2723;2753;2912;2956;2573;2125;1628;1177;1273;1083;1213;927;971;889;863;1068
1014023;Błaszki;1317;1312;1195;1094;834;618;686;699;845;848;891;748;668;476;347;313;283;348;257;286;280;272;311
1014032;Brąszewice;316;312;324;281;241;225;229;175;193;187;198;201;168;149;105;109;76;88;93;78;84;74;68
1014042;Brzeźnio;426;425;468;392;269;230;329;302;347;299;328;300;247;199;144;145;149;136;92;127;120;107;146
1014052;Burzenin;511;543;565;505;431;314;337;338;368;409;431;371;360;253;206;200;182;177;141;147;153;149;162
1014062;Goszczanów;429;433;419;392;302;280;226;250;260;271;279;246;224;169;133;123;136;131;106;89;110;105;138
1014072;Klonowa;221;203;202;180;136;119;108;76;89;108;137;102;106;86;43;42;51;49;47;46;38;50;52
1014082;Sieradz;844;810;776;706;576;381;484;484;537;535;562;497;423;322;270;274;265;307;253;222;228;222;259
1014093;Warta;1252;1223;1156;1053;889;796;743;778;800;782;846;755;648;529;361;354;349;379;296;260;255;236;285
1014102;Wróblew;459;463;467;410;333;277;302;290;319;326;333;288;239;178;145;146;118;140;100;107;102;88;106
1014113;Złoczew;523;505;528;470;407;319;413;402;423;399;417;404;384;282;238;222;196;192;158;178;150;147;200
1015000;Powiat skierniewicki;1928;1815;1566;1199;939;695;998;1179;1252;1420;1397;1133;1009;764;661;610;589;650;568;506;452;444;486
1015012;Bolimów;216;228;170;141;101;64;81;135;119;128;132;104;77;72;53;51;53;61;58;44;40;38;45
1015022;Głuchów;268;240;216;172;117;79;115;127;129;144;132;120;92;61;69;67;63;73;65;55;49;56;63
1015032;Godzianów;117;110;86;62;44;32;55;70;80;110;82;50;46;35;27;32;30;42;32;26;28;29;23
1015042;Kowiesy;127;136;113;77;68;55;57;71;68;97;97;93;93;66;55;50;47;48;44;30;22;21;22
1015052;Lipce Reymontowskie;177;153;131;94;75;59;90;112;100;118;106;82;83;52;42;47;41;49;39;44;45;43;37
1015062;Maków;322;260;261;185;125;116;183;205;237;246;234;209;212;139;126;115;103;107;107;91;73;72;92
1015072;Nowy Kawęczyn;176;188;159;136;113;84;110;93;112;126;127;117;97;74;59;49;46;50;42;44;45;44;47
1015082;Skierniewice;366;346;308;243;229;158;249;282;308;337;381;279;248;219;197;168;172;186;149;142;123;117;135
1015092;Słupia;159;154;122;89;67;48;58;84;99;114;106;79;61;46;33;31;34;34;32;30;27;24;22
1016000;Powiat tomaszowski;13794;13334;11693;10110;7658;6491;8366;8243;8109;8641;8322;6279;5343;4401;3748;3624;3330;3807;3408;3323;3244;3362;3706
1016011;Tomaszów Mazowiecki;8133;7779;6749;5871;4479;3845;5042;4885;4790;5089;4860;3691;3066;2522;2237;2158;1978;2275;2057;1964;1921;2007;2198
1016022;Będków;230;239;208;165;144;104;126;150;150;157;177;131;98;87;81;69;58;74;57;64;70;75;81
1016032;Budziszewice;276;312;288;243;205;174;168;144;130;164;156;116;94;82;61;60;56;54;58;69;64;56;63
1016042;Czerniewice;527;525;452;385;265;259;291;298;324;304;319;247;235;191;131;142;110;127;117;101;96;105;111
1016052;Inowłódz;467;472;436;383;255;225;295;325;251;295;317;214;176;181;123;123;133;136;116;131;108;118;133
1016062;Lubochnia;907;899;781;634;510;427;533;539;522;590;515;370;308;246;203;228;220;245;214;197;185;206;229
1016072;Rokiciny;427;425;415;369;238;198;254;249;251;287;267;200;203;165;145;132;116;114;117;108;108;100;120
1016082;Rzeczyca;406;408;349;329;236;196;236;200;213;206;235;209;192;143;113;95;96;118;105;101;101;92;107
1016092;Tomaszów Mazowiecki;1126;1032;896;785;601;469;728;751;703;776;733;560;462;384;338;314;275;338;282;322;314;318;371
1016102;Ujazd;891;843;756;648;485;391;498;514;573;568;525;382;354;275;217;214;206;236;204;189;202;226;223
1016112;Żelechlinek;404;400;363;298;240;203;195;188;202;205;218;159;155;125;99;89;82;90;81;77;75;59;70
1017000;Powiat wieluński;5556;4759;4450;3495;2916;2963;4067;3767;3763;4232;4294;3757;3323;2845;2359;2183;1936;2031;1715;1761;1733;1599;1873
1017012;Biała;315;272;235;199;174;169;258;243;237;259;258;229;175;158;137;150;119;123;84;94;96;103;111
1017022;Czarnożyły;254;206;175;157;119;141;206;180;194;234;239;195;172;144;123;106;106;93;89;93;94;82;121
1017032;Konopnica;300;242;230;192;146;158;185;183;185;205;218;196;168;151;121;113;101;94;69;80;81;54;82
1017042;Mokrsko;350;295;287;206;182;187;244;240;233;264;241;196;192;157;113;108;112;118;84;87;91;89;91
1017052;Osjaków;380;339;318;260;208;189;257;233;215;246;268;235;207;178;145;124;133;146;116;113;112;103;138
1017062;Ostrówek;279;281;271;228;182;165;228;206;197;231;249;218;186;176;139;115;106;123;105;126;109;101;121
1017072;Pątnów;410;335;324;249;219;224;301;277;285;309;321;256;228;160;137;144;129;131;117;118;118;107;121
1017082;Skomlin;241;187;179;143;103;108;164;149;145;181;175;157;135;125;113;99;86;87;78;81;82;69;85
1017093;Wieluń;2511;2165;2003;1509;1297;1353;1878;1725;1750;1925;1967;1741;1553;1340;1123;1030;867;916;801;795;775;716;815
1017102;Wierzchlas;516;437;428;352;286;269;346;331;322;378;358;334;307;256;208;194;177;200;172;174;175;175;188
1018000;Powiat wieruszowski;2995;2597;2550;2226;1748;1826;2298;2090;2115;2092;2014;1556;1375;1041;865;853;759;954;847;915;813;831;859
1018012;Bolesławiec;247;221;216;199;140;158;195;175;184;173;163;104;100;77;64;81;67;85;72;69;60;73;80
1018022;Czastary;292;222;247;226;180;178;243;209;195;202;201;156;138;81;68;67;66;89;83;79;80;70;78
1018032;Galewice;438;425;370;317;238;252;353;313;318;360;329;256;200;168;126;146;132;143;135;157;125;122;118
1018042;Lututów;375;330;296;255;224;207;229;202;224;238;245;178;164;117;98;82;74;99;88;91;82;86;106
1018052;Łubnice;200;170;183;162;134;155;176;168;171;153;147;108;98;67;46;41;50;72;62;81;59;59;46
1018062;Sokolniki;289;229;240;245;185;194;271;231;225;224;203;180;156;113;85;89;88;107;100;97;96;97;112
1018073;Wieruszów;1154;1000;998;822;647;682;831;792;798;742;726;574;519;418;378;347;282;359;307;341;311;324;319
1019000;Powiat zduńskowolski;6195;6237;5912;5144;3376;2754;3398;3613;3790;4196;4327;3833;3314;2573;1939;1847;1599;1801;1581;1554;1597;1654;1916
1019011;Zduńska Wola;4213;4242;4042;3554;2340;1905;2307;2500;2580;2841;2942;2503;2206;1727;1300;1263;1104;1253;1082;1057;1090;1123;1295
1019023;Szadek;544;562;519;407;283;245;287;309;321;354;357;378;321;240;176;149;134;141;121;131;121;145;169
1019032;Zapolice;410;426;353;324;220;148;237;254;276;295;294;294;238;190;139;143;111;132;126;108;114;123;135
1019042;Zduńska Wola;1028;1007;998;859;533;456;567;550;613;706;734;658;549;416;324;292;250;275;252;258;272;263;317
1020000;Powiat zgierski;16382;15572;15488;12725;9574;8244;9101;9810;10408;11700;11487;8624;7705;6342;4848;4292;3540;4037;3317;3199;3286;3399;4009
1020011;Głowno;2017;1994;1946;1620;1262;1089;1266;1259;1240;1390;1313;992;912;817;626;534;338;423;323;299;319;330;342
1020021;Ozorków;2656;2346;2366;1960;1496;1402;1506;1707;1614;1811;1628;1282;1236;1057;809;679;612;695;604;600;593;605;640
1020031;Zgierz;5453;5301;5220;4302;3119;2811;3138;3359;3568;3923;3881;2842;2407;1900;1431;1368;1136;1244;1019;1025;1051;1095;1354
1020043;Aleksandrów Łódzki;2719;2558;2593;2004;1474;988;1272;1495;1777;2036;2034;1568;1340;1089;811;743;664;826;627;580;572;615;777
1020052;Głowno;453;386;400;310;272;212;260;259;280;342;328;226;206;181;152;109;55;75;60;49;67;71;83
1020062;Ozorków;662;626;593;516;406;424;387;405;432;431;457;364;332;291;249;205;172;180;167;148;162;171;185
1020072;Parzęczew;524;470;484;415;329;285;273;328;356;372;382;292;286;248;189;159;143;146;149;144;126;121;143
1020083;Stryków;1030;990;976;872;693;523;463;457;469;639;666;469;444;373;273;236;184;193;164;137;169;162;203
1020092;Zgierz;868;901;910;726;523;510;536;541;672;756;798;589;542;386;308;259;236;255;204;217;227;229;282
1021000;Powiat brzeziński;2899;2580;2196;1810;1582;1291;1650;1709;1793;1894;1828;1512;1473;1232;890;800;803;892;779;796;735;693;805
1021011;Brzeziny;1518;1330;1144;972;815;685;847;896;882;926;919;707;731;599;429;392;380;438;408;404;366;357;396
1021022;Brzeziny;372;331;293;253;238;182;236;249;269;297;263;235;234;195;123;121;122;144;117;121;120;97;126
1021032;Dmosin;321;295;229;184;192;165;188;177;204;219;227;195;187;162;126;121;116;128;92;94;78;98;103
1021042;Jeżów;289;267;230;193;144;115;138;149;167;176;166;152;145;118;71;64;70;69;59;67;65;52;67
1021052;Rogów;399;357;300;208;193;144;241;238;271;276;253;223;176;158;141;102;115;113;103;110;106;89;113
1061000;Powiat m. Łódź;65177;61700;54679;38658;28635;22548;31973;33727;37029;40987;42180;36484;32424;26921;21896;19251;16917;20927;20325;15420;14892;15159;18784
1061011;Łódź;65177;61700;54679;38658;28635;22548;31973;33727;37029;40987;42180;36484;32424;26921;21896;19251;16917;20927;20325;15420;14892;15159;18784
1062000;Powiat m. Piotrków Trybunalski;6802;5753;5352;4530;3522;2865;3636;4016;4079;4543;4504;3642;3260;2621;2018;1905;1712;1975;1779;1646;1638;1676;1822
1062011;Piotrków Trybunalski;6802;5753;5352;4530;3522;2865;3636;4016;4079;4543;4504;3642;3260;2621;2018;1905;1712;1975;1779;1646;1638;1676;1822
1063000;Powiat m. Skierniewice;2914;2744;2343;1893;1509;1201;1765;1918;2031;2371;2253;1844;1667;1379;1111;982;936;1114;899;794;819;749;788
1063011;Skierniewice;2914;2744;2343;1893;1509;1201;1765;1918;2031;2371;2253;1844;1667;1379;1111;982;936;1114;899;794;819;749;788
1200000;MAŁOPOLSKIE;208028;193579;178067;145261;112602;97813;130007;142221;145094;161161;164434;139027;119601;96531;79430;71489;62610;83050;69948;64379;60947;60654;69333
1201000;Powiat bocheński;5616;5280;4663;3438;2529;2051;3192;3385;3766;4458;4346;3698;2792;2484;2118;1863;1070;1725;1533;1130;867;897;1129
1201011;Bochnia;1829;1718;1536;1203;877;674;1026;993;1141;1327;1330;1118;832;775;667;585;364;548;473;387;297;321;413
1201022;Bochnia;909;935;790;593;408;388;530;595;684;815;744;638;498;443;397;365;217;358;299;220;152;155;207
1201032;Drwinia;269;274;247;133;118;108;173;193;188;238;248;197;138;120;111;86;53;79;75;57;48;37;55
1201042;Lipnica Murowana;326;314;285;199;147;117;176;224;222;267;233;214;156;147;112;104;58;86;82;52;42;47;44
1201052;Łapanów;401;330;283;171;156;84;191;238;265;285;289;241;219;172;140;136;71;138;129;95;64;60;68
1201063;Nowy Wiśnicz;709;661;592;430;266;238;396;389;497;575;561;443;339;272;230;215;120;196;153;110;89;100;126
1201072;Rzezawa;708;633;550;432;354;293;447;440;448;542;567;486;335;324;280;232;119;188;210;123;98;106;123
1201082;Trzciana;225;179;163;132;101;63;122;141;129;180;161;171;117;94;85;63;31;63;44;27;29;29;46
1201092;Żegocina;240;236;217;145;102;86;131;172;192;229;213;190;158;137;96;77;37;69;68;59;48;42;47
1202000;Powiat brzeski;6527;5852;5508;4567;3864;3474;4314;4133;4186;4460;4864;4071;3712;2861;2337;1912;1693;1973;1674;1549;1544;1582;1739
1202012;Borzęcin;618;567;551;471;408;370;432;367;431;451;526;453;381;311;262;190;168;216;195;180;176;177;176
1202023;Brzesko;2929;2574;2455;2064;1742;1562;1890;1860;1864;1999;2163;1790;1681;1272;1062;902;789;916;788;704;674;715;780
1202033;Czchów;630;562;549;478;398;339;447;414;374;426;460;372;351;271;200;164;141;155;136;143;157;142;169
1202042;Dębno;909;843;806;631;506;514;671;621;631;667;693;599;549;432;371;281;256;308;247;232;245;228;248
1202052;Gnojnik;540;494;448;358;320;260;320;340;327;329;337;303;266;201;159;142;127;132;109;101;117;127;128
1202062;Iwkowa;330;303;258;221;180;152;195;187;184;182;221;185;157;92;74;69;66;83;52;63;62;59;72
1202072;Szczurowa;571;509;441;344;310;277;359;344;375;406;464;369;327;282;209;164;146;163;147;126;113;134;166
1203000;Powiat chrzanowski;10159;9631;8808;6758;5402;4217;5343;5896;5664;6681;6994;5700;4851;4294;3553;3303;2663;3311;2838;2440;2339;2405;2674
1203013;Alwernia;990;921;795;651;507;320;398;446;489;583;567;494;420;361;309;265;231;272;234;200;209;189;207
1203022;Babice;654;622;598;461;362;281;337;360;329;411;439;369;298;287;225;204;138;250;190;156;155;156;166
1203033;Chrzanów;4207;4016;3753;2860;2375;1916;2253;2495;2343;2751;2926;2286;1965;1758;1441;1377;1118;1388;1145;1031;917;997;1120
1203043;Libiąż;1759;1682;1483;1124;811;576;848;908;855;1041;1068;870;726;628;497;504;415;477;466;361;349;375;448
1203053;Trzebinia;2549;2390;2179;1662;1347;1124;1507;1687;1648;1895;1994;1681;1442;1260;1081;953;761;924;803;692;709;688;733
1204000;Powiat dąbrowski;5473;5140;4918;4555;4104;3920;4654;4675;4859;4919;5079;4114;3850;3263;2820;2550;2368;2618;2114;2095;2281;2088;2216
1204012;Bolesław;156;153;148;142;132;129;161;143;158;159;162;114;105;93;74;73;77;83;60;60;76;74;72
1204023;Dąbrowa Tarnowska;1990;1846;1792;1650;1481;1418;1639;1650;1780;1812;1865;1477;1380;1141;1004;880;835;932;781;780;797;761;808
1204032;Gręboszów;178;159;164;134;136;127;130;154;176;176;186;148;141;126;108;94;95;94;64;72;82;68;77
1204042;Mędrzechów;333;305;291;282;256;222;277;288;272;277;315;254;240;225;202;169;140;165;131;128;151;132;145
1204052;Olesno;655;613;607;554;481;454;529;562;586;600;666;517;527;425;380;350;295;332;261;268;300;266;298
1204062;Radgoszcz;659;642;616;549;502;439;549;581;576;608;620;525;475;406;344;333;305;336;278;264;288;249;288
1204072;Szczucin;1502;1422;1300;1244;1116;1131;1369;1297;1311;1287;1265;1079;982;847;708;651;621;676;539;523;587;538;528
1205000;Powiat gorlicki;11699;10971;10276;9545;7031;5690;6534;6446;5870;6263;6901;5749;5182;3818;2859;2478;2140;2813;2346;2159;2156;2230;2569
1205011;Gorlice;3156;2956;2819;2584;2048;1690;1849;1746;1653;1712;1879;1567;1462;1124;831;741;586;775;626;607;599;614;723
1205023;Biecz;1839;1739;1615;1489;1069;997;1092;1208;1028;1045;1170;944;819;588;479;408;351;435;371;331;338;361;402
1205032;Bobowa;923;881;810;732;495;318;430;434;390;415;436;372;383;256;176;144;143;186;157;140;146;160;192
1205042;Gorlice;1815;1680;1599;1538;1122;880;1080;1053;920;1003;1110;957;869;644;470;407;382;459;398;378;367;367;430
1205052;Lipinki;800;751;700;681;532;378;449;440;406;454;500;412;372;227;173;154;147;208;168;146;142;168;176
1205062;Łużna;921;892;805;763;553;436;488;467;443;500;527;460;401;297;232;177;157;218;199;183;162;178;183
1205072;Moszczenica;506;454;415;413;276;232;272;253;234;272;303;235;210;171;111;102;87;124;101;89;89;89;125
1205082;Ropa;496;452;398;354;216;199;242;237;231;241;248;202;156;125;100;91;85;109;90;73;80;77;84
1205092;Sękowa;661;599;587;524;402;301;360;348;293;344;399;336;301;219;150;139;105;139;111;108;119;114;121
1205102;Uście Gorlickie;582;567;528;467;318;259;272;260;272;277;329;264;209;167;137;115;97;160;125;104;114;102;133
1206000;Powiat krakowski;11326;10376;9244;7314;5943;5423;8474;9868;9204;9778;9872;8045;6531;5870;4954;4519;3942;5916;5592;4896;4649;4562;4791
1206012;Czernichów;560;541;456;316;282;245;391;508;479;484;462;386;357;290;232;237;205;291;284;276;233;232;249
1206022;Igołomia-Wawrzeńczyce;240;207;205;172;122;63;142;177;145;170;179;152;108;89;64;70;65;96;107;88;75;90;78
1206032;Iwanowice;358;350;288;223;181;175;277;303;236;264;275;220;185;172;127;129;109;181;183;136;133;135;148
1206042;Jerzmanowice-Przeginia;385;369;324;242;219;192;281;327;313;379;397;355;263;245;190;184;145;245;210;207;211;197;204
1206052;Kocmyrzów-Luborzyca;497;470;419;328;279;257;448;489;462;448;489;354;333;256;233;217;202;302;334;257;263;264;276
1206063;Krzeszowice;1793;1730;1532;1284;1068;940;1196;1468;1381;1447;1503;1331;1049;923;785;738;583;817;765;757;756;714;704
1206072;Liszki;747;621;554;424;353;288;502;570;542;596;597;457;374;349;283;251;222;353;354;298;246;239;253
1206082;Michałowice;254;246;211;152;129;125;191;258;222;252;277;210;151;141;126;127;112;168;153;153;138;152;159
1206092;Mogilany;469;428;417;320;279;222;445;422;498;518;553;457;387;317;271;252;222;325;297;247;202;238;249
1206103;Skała;386;391;300;232;196;178;279;342;296;307;324;244;212;216;178;161;146;242;220;180;164;187;190
1206113;Skawina;2350;2023;1799;1477;1115;1115;1792;2011;1909;1997;1976;1516;1207;1119;899;793;759;1128;976;779;774;713;802
1206123;Słomniki;869;780;734;599;556;538;737;865;733;729;672;519;424;386;365;295;272;364;371;329;293;289;285
1206132;Sułoszowa;237;230;211;149;121;126;181;225;212;195;172;144;117;122;80;76;73;93;112;90;94;81;75
1206143;Świątniki Górne;473;433;406;330;234;190;360;430;404;431;417;331;238;209;204;184;168;242;231;193;193;168;194
1206152;Wielka Wieś;285;296;230;210;173;122;220;252;259;296;280;222;183;174;165;144;134;209;194;183;187;177;186
1206162;Zabierzów;995;898;845;629;472;412;632;769;716;815;836;769;637;552;517;431;329;508;465;434;409;433;454
1206172;Zielonki;428;363;313;227;164;235;400;452;397;450;463;378;306;310;235;230;196;352;336;289;278;253;285
1207000;Powiat limanowski;11558;11235;10109;8701;7403;7068;8890;9530;10135;10460;10569;8815;7549;5444;4607;4198;3844;4406;3462;3546;3510;3404;3767
1207011;Limanowa;1386;1377;1242;1032;841;881;1133;1084;1179;1232;1239;986;929;714;553;474;413;464;361;384;401;357;420
1207021;Mszana Dolna;615;608;567;513;400;403;544;571;581;580;595;530;464;330;325;280;303;319;246;242;262;250;274
1207032;Dobra;780;743;641;547;447;391;498;598;666;725;715;606;504;358;317;326;300;322;239;261;244;232;253
1207042;Jodłownik;709;680;547;496;399;358;485;529;529;598;625;535;406;322;270;246;208;259;219;202;163;149;176
1207052;Kamienica;830;846;757;637;561;572;638;666;724;768;781;666;574;427;368;296;264;342;264;261;233;253;195
1207062;Laskowa;619;616;530;436;351;331;410;471;510;512;527;368;311;221;204;187;180;205;143;181;177;169;174
1207072;Limanowa;2512;2467;2258;1892;1665;1524;1918;2029;2219;2249;2259;1837;1583;1088;882;789;661;762;615;666;688;702;766
1207082;Łukowica;1021;1028;918;805;661;595;717;767;828;865;895;788;637;445;395;362;344;401;292;266;247;236;260
1207092;Mszana Dolna;1315;1215;1173;995;877;874;1066;1193;1237;1251;1291;1118;988;743;609;589;581;649;531;520;515;507;575
1207102;Niedźwiedź;557;549;464;425;381;378;469;535;562;583;580;511;403;283;240;234;205;252;215;255;269;224;282
1207112;Słopnice;587;546;479;451;404;341;470;524;513;537;502;419;349;249;223;206;189;220;160;166;184;188;202
1207122;Tymbark;627;560;533;472;416;420;542;563;587;560;560;451;401;264;221;209;196;211;177;142;127;137;127
1207132;Szczawa;;;;;;;;;;;;;;;;;;;;;;;63
1208000;Powiat miechowski;3222;2911;2675;2218;1632;1415;1835;2006;2378;2433;2534;2010;1872;1397;1162;945;814;1064;881;796;826;822;943
1208012;Charsznica;582;529;490;394;279;278;347;340;401;434;460;375;363;282;225;172;150;177;152;128;112;121;146
1208022;Gołcza;336;288;274;246;164;157;194;232;299;277;295;218;206;172;141;116;99;126;130;110;114;102;123
1208032;Kozłów;346;308;282;224;163;137;189;192;229;248;270;221;193;158;128;112;87;126;99;92;91;85;98
1208042;Książ Wielki;321;291;298;265;185;139;164;194;231;244;257;184;191;125;107;90;76;97;94;76;96;89;90
1208053;Miechów;1331;1207;1088;873;671;565;765;858;966;987;968;795;726;514;437;370;323;426;320;299;321;335;388
1208062;Racławice;100;81;74;62;54;38;61;69;103;99;111;90;62;51;51;32;28;34;22;29;29;27;33
1208072;Słaboszów;206;207;169;154;116;101;115;121;149;144;173;127;131;95;73;53;51;78;64;62;63;63;65
1209000;Powiat myślenicki;7607;7174;6416;4656;3431;3523;5180;5788;6051;6510;6320;4879;3473;2293;1454;1312;1195;1923;1294;1527;1415;1448;1795
1209013;Dobczyce;1053;990;855;514;384;359;570;675;707;861;797;550;353;213;155;157;154;227;164;209;203;233;243
1209022;Lubień;588;557;487;383;267;253;373;411;423;457;458;396;285;204;126;106;95;164;89;100;96;109;144
1209033;Myślenice;2655;2483;2174;1725;1236;1322;1907;2113;2151;2232;2177;1740;1237;827;501;474;432;673;473;590;541;514;665
1209042;Pcim;647;566;487;356;270;247;425;491;527;540;542;451;299;206;124;124;98;205;113;106;95;101;140
1209052;Raciechowice;410;401;352;197;177;142;227;283;287;312;322;241;135;79;64;37;56;67;53;64;71;72;99
1209062;Siepraw;449;475;487;346;230;261;385;432;439;459;448;346;259;180;121;100;80;143;91;109;79;91;136
1209073;Sułkowice;861;787;749;588;451;551;757;806;853;949;830;641;504;342;204;166;159;255;157;180;173;157;184
1209082;Tokarnia;546;519;449;313;252;229;321;311;335;376;404;257;223;134;91;79;69;109;71;84;74;83;96
1209092;Wiśniowa;398;396;376;234;164;159;215;266;329;324;342;257;178;108;68;69;52;80;83;85;83;88;88
1210000;Powiat nowosądecki;19803;19315;16854;13548;11253;8629;11143;12642;12726;13375;13298;10920;10136;7592;6461;6154;5981;7147;6043;6121;6024;5353;5693
1210011;Grybów;528;557;447;350;337;214;285;309;288;325;323;296;281;209;189;158;170;191;163;169;153;137;142
1210022;Chełmiec;2383;2457;2117;1736;1616;1326;1680;1863;1912;1939;1961;1601;1506;1086;901;859;847;971;860;869;846;735;813
1210032;Gródek nad Dunajcem;772;783;671;541;424;291;426;470;475;484;465;383;349;256;231;223;231;286;221;239;216;173;198
1210042;Grybów;2081;2097;1856;1444;1279;868;1119;1250;1286;1362;1449;1191;1104;795;675;700;663;788;682;669;672;651;640
1210052;Kamionka Wielka;914;942;804;710;504;440;572;637;658;699;688;567;507;374;339;314;348;396;328;319;294;262;311
1210062;Korzenna;1231;1179;1035;808;680;533;663;769;701;802;788;642;588;409;331;334;324;420;372;375;346;319;368
1210073;Krynica-Zdrój;1572;1393;1209;912;668;581;813;1016;1079;1086;1017;835;802;621;557;479;432;542;422;431;529;453;439
1210082;Łabowa;558;527;470;389;336;223;278;344;363;392;384;307;272;179;162;151;144;212;154;171;164;140;137
1210092;Łącko;1632;1581;1381;1116;1030;692;806;935;955;1006;962;798;706;548;475;467;442;576;446;470;466;408;433
1210102;Łososina Dolna;933;871;753;585;488;376;494;551;558;570;545;452;423;325;258;296;260;284;261;265;242;222;267
1210113;Muszyna;1159;1024;899;612;455;365;570;661;693;740;701;558;560;440;356;326;308;373;315;280;279;241;246
1210122;Nawojowa;827;821;696;573;471;405;543;592;514;518;600;483;432;346;315;284;294;349;299;271;256;247;280
1210133;Piwniczna-Zdrój;1339;1199;1085;841;647;484;632;702;726;735;742;550;547;414;378;362;346;404;316;326;312;263;279
1210142;Podegrodzie;1123;1109;1050;902;756;574;718;797;783;839;878;751;688;497;431;378;366;419;374;387;388;346;346
1210152;Rytro;473;504;366;308;211;199;226;246;238;285;280;236;187;164;124;118;103;116;131;127;134;110;111
1210163;Stary Sącz;2278;2271;2015;1721;1351;1058;1318;1500;1497;1593;1515;1270;1184;929;739;705;703;820;699;753;727;646;683
1211000;Powiat nowotarski;9692;8671;8321;6587;5603;5418;6576;7942;7847;9114;9939;8752;7078;6368;4727;4036;3710;5037;4143;3238;3326;3257;3667
1211011;Nowy Targ;2060;1870;1894;1503;1346;1303;1516;1773;1808;2024;2170;1847;1556;1335;891;773;710;992;803;633;625;684;782
1211021;Szczawnica;567;548;477;444;369;299;391;430;383;473;555;467;416;386;336;262;270;352;243;203;220;207;176
1211032;Czarny Dunajec;726;654;589;501;450;435;484;631;665;787;851;779;686;581;437;406;378;464;401;305;286;251;278
1211042;Czorsztyn;604;406;453;304;271;278;352;396;387;431;507;465;365;356;301;261;258;320;276;237;253;253;262
1211052;Jabłonka;895;763;685;548;453;416;530;639;559;637;739;731;614;581;337;324;314;394;351;289;260;244;285
1211062;Krościenko nad Dunajcem;363;361;323;260;241;231;278;312;342;386;431;391;300;288;244;194;179;207;186;166;164;168;197
1211072;Lipnica Wielka;338;275;234;186;141;150;200;224;218;273;298;267;208;167;121;85;85;100;98;61;67;88;109
1211082;Łapsze Niżne;298;256;251;197;154;171;184;240;260;304;334;285;253;232;165;129;105;176;125;118;122;98;121
1211092;Nowy Targ;954;915;835;582;472;473;672;821;853;1039;1175;1017;656;587;497;376;343;535;426;279;317;350;382
1211102;Ochotnica Dolna;396;381;359;268;234;190;257;307;302;371;364;352;297;274;183;164;182;224;195;158;171;158;152
1211112;Raba Wyżna;864;764;764;606;438;433;514;609;567;671;707;607;406;396;263;235;208;326;264;207;190;200;247
1211123;Rabka-Zdrój;1037;987;996;784;650;681;723;991;928;1030;1090;921;756;674;546;458;388;522;436;331;408;324;369
1211132;Spytkowice;175;164;157;131;120;113;145;178;194;211;235;198;167;174;132;129;114;139;114;84;82;63;91
1211142;Szaflary;415;327;304;273;264;245;330;391;381;477;483;425;398;337;274;240;176;286;225;167;161;169;216
1212000;Powiat olkuski;9768;8717;8025;7060;5731;4977;6344;6618;7070;7592;7157;6465;5740;4127;3846;3469;3286;3526;3110;3009;2667;2665;2788
1212011;Bukowno;799;708;692;585;449;342;468;517;575;621;589;513;486;338;310;296;265;271;258;221;213;203;231
1212032;Bolesław;629;536;488;427;314;270;363;384;464;457;434;411;382;270;265;246;222;241;203;192;174;164;197
1212042;Klucze;1463;1384;1295;1166;918;811;1028;1043;1090;1140;1089;970;875;650;571;519;501;514;445;462;403;386;391
1212053;Olkusz;4712;4213;3828;3378;2822;2417;3087;3141;3329;3621;3407;3139;2727;1940;1881;1675;1594;1722;1516;1472;1287;1360;1390
1212062;Trzyciąż;394;391;365;311;257;227;276;294;298;354;315;280;259;179;165;138;134;151;128;144;114;104;108
1212073;Wolbrom;1771;1485;1357;1193;971;910;1122;1239;1314;1399;1323;1152;1011;750;654;595;570;627;560;518;476;448;471
1213000;Powiat oświęcimski;10866;10028;9316;7734;5603;4751;5728;6531;6673;7117;7153;5768;4737;3920;3121;2900;2653;3504;2859;2626;2343;2229;2629
1213011;Oświęcim;3335;3038;2729;2379;1682;1387;1635;1890;1937;1988;2025;1702;1360;1132;964;851;758;1013;820;779;694;649;801
1213023;Brzeszcze;1167;1126;993;799;577;459;534;664;639;655;726;556;498;355;285;267;249;327;306;256;232;239;302
1213033;Chełmek;878;770;705;517;423;349;471;507;507;593;557;437;324;275;208;187;158;252;199;193;169;172;196
1213043;Kęty;2718;2446;2368;1912;1405;1275;1694;1696;1791;1898;1858;1571;1340;1166;906;904;884;1053;900;816;628;599;701
1213052;Osiek;502;459;437;366;243;215;265;309;294;325;349;254;201;182;132;130;107;144;102;100;112;83;131
1213062;Oświęcim;894;855;841;719;531;454;442;581;582;627;613;475;406;343;262;242;202;289;227;210;210;205;229
1213072;Polanka Wielka;203;195;191;146;87;99;93;126;129;153;139;94;69;56;60;56;44;74;54;46;49;46;48
1213082;Przeciszów;435;449;401;349;259;204;220;274;292;313;294;225;199;140;109;92;97;136;99;94;98;98;99
1213093;Zator;734;690;651;547;396;309;374;484;502;565;592;454;340;271;195;171;154;216;152;132;151;138;122
1214000;Powiat proszowicki;2472;2342;2193;1895;1464;1548;1958;2207;2140;2340;2408;2064;1736;1481;1318;1139;825;1007;871;884;901;775;976
1214012;Koniusza;410;392;376;322;263;279;339;378;364;418;370;335;267;240;218;199;149;160;128;144;149;144;185
1214022;Koszyce;266;261;253;226;180;175;220;269;245;279;295;247;206;174;167;153;95;117;104;110;88;89;112
1214032;Nowe Brzesko;291;281;263;222;162;188;246;267;270;307;320;265;228;198;174;157;117;139;119;108;161;109;124
1214042;Pałecznica;195;176;174;145;110;104;145;162;149;179;195;184;137;112;100;74;57;65;57;61;67;59;77
1214053;Proszowice;1157;1074;987;846;658;699;874;957;952;983;1063;896;770;658;586;482;343;441;397;403;377;326;426
1214062;Radziemice;153;158;140;134;91;103;134;174;160;174;165;137;128;99;73;74;64;85;66;58;59;48;52
1215000;Powiat suski;4926;4694;3638;2682;2446;2189;3034;3248;3321;3879;4027;3215;2601;1797;1579;1560;1576;2094;1489;1334;1446;1331;1520
1215011;Jordanów;254;272;184;159;131;179;224;220;219;269;258;190;151;108;84;102;85;104;69;56;85;62;80
1215021;Sucha Beskidzka;678;639;498;398;383;314;395;397;438;472;506;368;327;244;217;213;235;308;191;200;197;168;176
1215032;Budzów;531;497;375;273;238;204;303;341;347;409;441;345;281;187;184;209;181;234;153;133;144;151;132
1215042;Bystra-Sidzina;256;225;162;122;135;132;155;175;193;240;238;205;148;110;98;87;89;128;87;93;83;73;96
1215052;Jordanów;534;492;359;223;229;227;330;337;377;420;451;342;256;155;144;162;154;196;174;125;138;192;210
1215063;Maków Podhalański;1033;937;776;580;494;422;606;701;696;817;877;743;612;399;353;333;345;433;311;294;296;241;316
1215072;Stryszawa;696;711;577;427;377;315;474;476;435;521;474;401;326;249;189;178;197;285;172;174;191;172;212
1215082;Zawoja;593;578;454;309;274;252;336;351;368;426;465;359;300;224;182;166;188;259;226;185;221;180;200
1215092;Zembrzyce;351;343;253;191;185;144;211;250;248;305;317;262;200;121;128;110;102;147;106;74;91;92;98
1216000;Powiat tarnowski;12840;12006;11373;8905;6949;6461;8676;9237;9423;10714;11006;9592;8167;6689;5639;5088;4064;5083;4205;4286;4014;4032;4537
1216013;Ciężkowice;773;694;664;558;394;330;418;472;547;597;654;561;502;383;331;285;194;233;169;176;200;177;212
1216022;Gromnik;686;647;616;516;440;354;423;449;431;506;529;444;372;314;240;211;166;208;145;165;172;185;171
1216032;Lisia Góra;925;869;873;641;525;524;691;764;792;958;971;827;675;589;445;416;318;398;353;341;313;299;369
1216042;Pleśna;722;644;592;409;312;313;452;507;518;609;588;580;510;463;372;320;259;314;288;270;237;263;278
1216052;Radłów;757;695;652;547;457;437;504;469;449;469;487;425;299;286;274;245;214;266;256;259;236;237;263
1216063;Ryglice;661;633;584;462;329;310;423;457;497;538;612;509;392;347;283;232;159;226;189;202;202;202;259
1216072;Rzepiennik Strzyżewski;435;423;421;369;261;220;264;307;311;336;351;282;224;168;144;127;96;150;126;129;124;115;133
1216082;Skrzyszów;756;684;643;461;305;361;524;588;600;686;698;644;561;459;401;323;287;330;261;292;244;256;292
1216092;Tarnów;1288;1279;1205;843;623;684;1014;1032;1065;1294;1276;1173;1048;852;746;677;526;664;536;547;469;483;576
1216103;Tuchów;1382;1317;1229;1057;855;691;950;966;978;1058;1063;932;766;605;528;485;352;501;358;389;381;416;446
1216112;Wierzchosławice;693;644;596;367;285;268;413;488;448;509;542;487;440;355;297;263;210;268;230;195;162;159;211
1216122;Wietrzychowice;230;223;225;184;160;159;188;201;213;223;248;187;176;125;135;119;119;129;126;120;103;113;112
1216132;Wojnicz;838;753;661;474;348;318;475;518;526;652;648;514;490;397;309;255;225;280;203;164;183;196;222
1216142;Zakliczyn;589;592;566;427;314;289;454;506;514;557;590;537;483;340;269;252;206;261;240;245;227;238;247
1216153;Żabno;1567;1428;1354;1145;1000;904;1125;1117;1142;1262;1276;1074;878;705;611;637;560;654;559;613;586;531;547
1216162;Szerzyny;538;481;492;445;341;299;358;396;392;460;473;416;351;301;254;241;173;201;166;179;175;162;199
1217000;Powiat tatrzański;3515;3375;3255;2798;1975;1874;2356;2807;3175;3606;3888;3679;3674;3319;3053;2780;2345;2392;2061;2126;2201;2197;2488
1217011;Zakopane;1686;1644;1576;1365;876;877;1090;1322;1468;1690;1771;1663;1614;1454;1344;1255;1025;1041;867;861;895;887;1010
1217022;Biały Dunajec;274;268;281;253;198;187;236;307;340;369;394;362;390;368;359;304;237;247;221;245;243;243;284
1217032;Bukowina Tatrzańska;518;458;437;367;279;231;315;363;399;425;512;490;483;435;394;329;313;351;287;274;311;337;364
1217042;Kościelisko;448;454;434;371;287;269;327;387;432;515;531;489;521;467;416;386;328;319;283;295;297;274;338
1217052;Poronin;589;551;527;442;335;310;388;428;536;607;680;675;666;595;540;506;442;434;403;451;455;456;492
1218000;Powiat wadowicki;10186;8959;8866;7441;5120;4689;6664;6897;7148;7901;7731;6429;5102;3544;3329;3160;2913;4203;2891;2903;3023;3107;3502
1218013;Andrychów;3474;3102;3152;2700;1822;1663;2472;2421;2431;2660;2576;2259;1964;1322;1242;1129;1103;1481;954;994;1079;1122;1233
1218022;Brzeźnica;522;474;438;372;244;216;296;337;333;409;454;318;212;146;143;143;129;188;162;139;120;120;151
1218033;Kalwaria Zebrzydowska;1009;871;915;755;513;425;572;696;721;799;781;618;451;320;304;319;269;498;307;272;307;326;354
1218042;Lanckorona;316;263;263;185;133;124;166;204;225;260;246;210;177;123;122;117;98;176;119;124;110;115;129
1218052;Mucharz;318;262;248;188;155;156;195;187;216;247;212;196;134;85;99;92;77;109;98;78;66;75;103
1218062;Spytkowice;669;567;562;415;298;263;342;362;376;418;439;366;240;174;162;175;156;235;172;180;148;146;157
1218072;Stryszów;375;345;340;276;182;158;254;275;316;320;334;278;200;168;141;124;121;165;116;85;109;93;130
1218082;Tomice;437;346;383;298;191;196;298;305;339;369;374;286;222;145;136;131;130;141;123;114;107;112;108
1218093;Wadowice;2335;2068;1901;1678;1269;1132;1558;1595;1689;1881;1775;1466;1135;787;758;719;611;923;667;741;783;777;908
1218102;Wieprz;731;661;664;574;313;356;511;515;502;538;540;432;367;274;222;211;219;287;173;176;194;221;229
1219000;Powiat wielicki;6169;5765;5132;3924;2894;2194;3474;3919;4239;4676;4947;3764;3177;2880;2275;2221;2025;2777;2259;1841;1752;1917;2371
1219012;Biskupice;488;409;371;275;196;146;243;328;347;423;441;299;266;234;191;193;156;199;177;164;134;150;197
1219022;Gdów;1013;920;786;544;378;295;463;571;621;681;702;560;527;486;354;370;300;419;354;269;249;279;346
1219032;Kłaj;594;499;453;335;245;202;319;364;375;420;470;341;256;245;182;163;165;204;173;135;129;151;172
1219043;Niepołomice;1101;994;807;518;449;353;617;650;728;802;899;686;600;536;396;367;391;513;401;266;271;305;426
1219053;Wieliczka;2973;2943;2715;2252;1626;1198;1832;2006;2168;2350;2435;1878;1528;1379;1152;1128;1013;1442;1154;1007;969;1032;1230
1261000;Powiat m. Kraków;29926;26905;25324;20308;14407;10628;16021;18722;19400;23863;24685;21948;19607;16213;12959;11467;9899;15713;14576;12112;9963;10657;13121
1261011;Kraków;29926;26905;25324;20308;14407;10628;16021;18722;19400;23863;24685;21948;19607;16213;12959;11467;9899;15713;14576;12112;9963;10657;13121
1262000;Powiat m. Nowy Sącz;7539;7407;6737;5737;4094;3648;4412;4366;4485;4928;4833;3987;3463;2877;1919;1502;1270;1855;1425;1499;1597;1562;1855
1262011;Nowy Sącz;7539;7407;6737;5737;4094;3648;4412;4366;4485;4928;4833;3987;3463;2877;1919;1502;1270;1855;1425;1499;1597;1562;1855
1263000;Powiat m. Tarnów;7139;6825;6416;4890;3724;4026;5205;5358;5334;6094;5883;5363;4571;4000;3340;2933;2334;2963;2282;2262;2103;2134;2563
1263011;Tarnów;7139;6825;6416;4890;3724;4026;5205;5358;5334;6094;5883;5363;4571;4000;3340;2933;2334;2963;2282;2262;2103;2134;2563
1400000;MAZOWIECKIE;363554;352946;332525;285612;219924;178028;224480;238341;246739;271927;283196;249777;216527;188910;154068;136545;123208;146375;129248;116520;110526;109020;118186
1401000;Powiat białobrzeski;3063;2914;3090;2733;1975;1814;1928;1998;2142;2358;2111;1806;1512;1419;1139;1079;1066;1241;1079;953;899;933;959
1401013;Białobrzegi;1266;1184;1235;1092;830;756;790;739;758;832;719;625;527;495;396;360;343;385;339;307;281;268;297
1401022;Promna;396;360;399;317;229;242;251;239;259;322;302;220;189;166;130;142;136;172;142;118;111;142;146
1401032;Radzanów;264;253;281;250;186;171;170;196;236;258;235;192;169;148;117;98;113;123;112;93;99;100;102
1401042;Stara Błotnica;402;378;391;342;218;207;238;315;311;330;287;264;226;205;167;164;174;199;166;148;159;157;154
1401052;Stromiec;485;486;515;492;329;284;305;327;360;395;368;330;261;254;219;197;189;245;214;207;177;185;175
1401063;Wyśmierzyce;250;253;269;240;183;154;174;182;218;221;200;175;140;151;110;118;111;117;106;80;72;81;85
1402000;Powiat ciechanowski;8813;8413;7902;6402;5288;4116;5093;5336;5785;5792;5912;5362;5155;4494;3681;3378;3054;3231;2802;2756;2645;2727;2721
1402011;Ciechanów;4381;4201;3820;3109;2465;2019;2564;2721;2974;2935;3007;2659;2484;2236;1840;1710;1534;1665;1391;1392;1296;1342;1332
1402022;Ciechanów;538;524;541;417;336;275;329;343;370;372;389;363;362;306;230;211;204;219;204;194;201;200;189
1402033;Glinojeck;899;828;792;617;619;498;531;491;536;514;522;500;494;416;331;298;258;272;254;241;236;248;247
1402042;Gołymin-Ośrodek;420;435;387;326;254;172;204;269;296;267;265;245;255;203;186;170;158;150;120;127;120;118;131
1402052;Grudusk;326;297;299;223;224;197;221;228;220;254;263;236;223;210;154;149;107;118;104;89;88;78;107
1402062;Ojrzeń;491;477;486;372;305;214;299;252;295;332;295;272;278;241;194;194;177;162;151;151;132;136;119
1402072;Opinogóra Górna;605;554;568;500;413;295;353;396;407;400;390;359;351;306;263;201;206;205;178;171;185;204;189
1402082;Regimin;547;523;483;373;304;219;287;296;328;355;392;351;354;282;241;215;188;212;203;169;170;167;172
1402092;Sońsk;606;574;526;465;368;227;305;340;359;363;389;377;354;294;242;230;222;228;197;222;217;234;235
1403000;Powiat garwoliński;7716;7487;7251;6854;5060;4773;5570;4963;5077;5965;6429;6025;5567;4809;4240;3902;3592;4045;3856;3787;3383;3206;3397
1403011;Garwolin;1183;1148;1127;1060;826;865;1039;866;897;1068;1059;981;960;868;754;715;628;716;670;663;572;570;596
1403021;Łaskarzew;696;636;593;571;382;294;339;306;343;362;391;386;379;341;261;226;186;223;216;223;185;187;204
1403032;Borowie;303;293;266;235;189;174;208;203;188;240;273;244;235;211;206;160;172;197;185;220;163;161;163
1403042;Garwolin;733;706;743;684;548;540;663;587;592;731;766;695;680;565;436;454;461;494;477;455;429;413;416
1403052;Górzno;372;374;357;344;276;305;311;293;299;381;417;376;340;279;248;235;200;239;229;198;193;178;183
1403062;Łaskarzew;480;456;442;399;265;205;231;201;232;257;271;279;262;231;212;200;168;194;193;195;187;169;161
1403072;Maciejowice;495;477;443;455;356;341;363;317;330;377;435;416;395;346;340;298;252;266;263;268;217;229;230
1403082;Miastków Kościelny;288;298;290;235;147;141;222;195;187;251;291;271;247;222;154;158;154;149;146;154;146;132;170
1403092;Parysów;318;320;315;293;205;163;211;195;193;218;212;226;196;176;165;124;137;169;160;126;121;121;128
1403103;Pilawa;682;703;620;651;435;471;597;499;507;612;650;615;522;439;400;378;372;428;416;369;343;283;309
1403112;Sobolew;607;578;601;560;434;357;398;354;389;419;460;405;339;276;252;220;190;217;216;232;228;213;218
1403122;Trojanów;408;410;389;387;284;190;224;239;259;277;306;289;267;233;223;198;178;205;180;167;147;154;172
1403132;Wilga;331;303;306;298;233;232;271;257;236;247;287;272;248;209;189;168;179;192;170;176;169;132;154
1403143;Żelechów;820;785;759;682;480;495;493;451;425;525;611;570;497;413;400;368;315;356;335;341;283;264;293
1404000;Powiat gostyniński;6219;6118;5879;4890;4002;3251;3693;3886;3808;4337;4456;3976;3346;3295;2875;2524;2020;2378;2045;1806;1789;1680;1850
1404011;Gostynin;2502;2489;2414;1909;1565;1291;1506;1595;1519;1728;1765;1520;1271;1290;1115;929;780;917;759;654;638;620;689
1404022;Gostynin;1829;1805;1734;1541;1183;1009;1136;1197;1197;1413;1433;1314;1088;1063;934;824;626;750;678;598;598;576;627
1404032;Pacyna;427;428;409;322;285;224;224;235;245;289;286;262;233;209;176;164;141;170;158;134;123;107;121
1404042;Sanniki;715;673;610;528;456;333;370;403;400;423;438;398;350;322;304;279;207;240;177;173;174;154;187
1404052;Szczawin Kościelny;746;723;712;590;513;394;457;456;447;484;534;482;404;411;346;328;266;301;273;247;256;223;226
1405000;Powiat grodziski;3502;3439;2972;1947;1228;1140;1846;2034;2202;2510;2505;2163;1911;1473;1145;1046;861;1421;1304;1014;1045;1005;1277
1405011;Milanówek;646;653;572;391;231;185;342;348;405;450;469;410;360;262;187;170;139;242;205;171;166;129;193
1405021;Podkowa Leśna;113;113;117;81;44;40;61;53;66;80;70;72;63;43;35;29;20;34;34;26;37;40;49
1405032;Baranów;193;178;155;106;61;58;102;109;116;158;135;114;100;91;74;59;57;72;77;48;60;62;77
1405043;Grodzisk Mazowiecki;1812;1757;1479;954;667;630;929;1064;1096;1276;1288;1076;920;712;572;524;455;756;652;524;521;525;678
1405052;Jaktorów;451;466;400;256;143;130;240;301;333;344;341;300;291;209;163;143;108;166;191;137;156;140;150
1405062;Żabia Wola;287;272;249;159;82;97;172;159;186;202;202;191;177;156;114;121;82;151;145;108;105;109;130
1406000;Powiat grójecki;4271;4156;3741;3249;2625;2496;3263;3331;3430;3754;3541;2699;1986;1495;1091;953;907;1259;948;985;1091;1074;1301
1406012;Belsk Duży;236;203;193;166;115;132;181;172;183;201;168;124;96;66;43;43;37;64;42;55;65;50;70
1406022;Błędów;325;328;257;234;171;182;217;227;238;217;210;155;124;82;66;58;49;62;53;48;59;55;64
1406032;Chynów;351;340;294;271;197;188;278;301;307;346;304;270;206;135;116;96;95;124;90;91;107;104;142
1406042;Goszczyn;136;115;104;85;81;82;77;84;77;89;99;63;56;35;26;27;25;21;21;38;43;30;33
1406053;Grójec;1153;1074;981;830;674;622;938;976;969;1088;1012;761;534;426;313;278;264;365;300;310;311;350;393
1406062;Jasieniec;288;279;227;192;171;170;179;196;199;229;210;180;124;84;66;46;36;64;39;47;66;65;85
1406073;Mogielnica;440;426;350;331;277;246;300;330;342;356;348;232;167;107;89;83;77;102;68;95;84;76;105
1406083;Nowe Miasto nad Pilicą;394;450;433;345;286;252;274;266;306;331;334;251;175;135;97;87;80;106;76;80;80;75;92
1406092;Pniewy;194;196;162;147;128;123;152;132;140;163;180;138;97;87;55;44;48;74;50;43;55;55;68
1406113;Warka;754;745;740;648;525;499;667;647;669;734;676;525;407;338;220;191;196;277;209;178;221;214;249
1407000;Powiat kozienicki;5673;5312;5436;4983;4047;3683;4389;4575;4767;4937;4974;4218;3493;3172;2763;2634;2372;2583;2283;2010;1912;1811;1809
1407012;Garbatka-Letnisko;602;580;612;585;478;458;502;519;524;573;568;497;411;397;343;313;293;299;269;230;210;208;204
1407022;Głowaczów;718;683;758;705;593;523;610;608;658;708;689;579;477;441;384;382;321;347;336;278;268;261;258
1407032;Gniewoszów;334;350;377;361;282;260;264;291;289;317;307;270;215;197;169;165;151;167;143;126;114;129;120
1407042;Grabów nad Pilicą;249;235;246;244;207;159;204;225;231;259;280;217;200;194;173;141;117;154;143;131;134;120;105
1407053;Kozienice;2956;2717;2689;2364;1907;1753;2168;2258;2365;2359;2349;2007;1628;1427;1276;1238;1130;1213;1018;936;904;829;841
1407062;Magnuszew;505;451;436;458;332;309;360;417;423;434;470;413;361;332;248;247;219;248;226;190;170;149;166
1407072;Sieciechów;309;296;318;266;248;221;281;257;277;287;311;235;201;184;170;148;141;155;148;119;112;115;115
1408000;Powiat legionowski;6343;6213;5561;4579;3304;2215;3346;3263;3862;4592;5051;4633;3945;3576;2508;2331;2223;2890;2557;2015;2116;2079;2504
1408011;Legionowo;3545;3463;3108;2514;1799;1226;1796;1705;1976;2362;2510;2282;1950;1768;1195;1078;1031;1344;1178;942;980;921;1127
1408022;Jabłonna;634;643;601;561;397;250;404;409;478;610;719;627;571;485;353;325;319;417;366;309;324;325;370
1408032;Nieporęt;680;662;591;459;336;252;400;336;415;466;480;469;380;361;254;233;233;269;251;211;224;215;254
1408043;Serock;866;864;741;621;442;285;420;434;543;602;725;711;577;545;384;375;331;464;424;311;335;329;392
1408052;Wieliszew;618;581;520;424;330;202;326;379;450;552;617;544;467;417;322;320;309;396;338;242;253;289;361
1409000;Powiat lipski;3910;3625;3482;3072;2636;2330;2566;2571;2580;2835;2796;2527;2264;2083;1809;1597;1588;1708;1540;1462;1427;1410;1406
1409012;Chotcza;337;302;305;256;223;209;218;224;230;247;231;222;187;169;150;118;137;138;127;118;112;115;120
1409022;Ciepielów;634;578;561;469;409;342;389;427;428;479;479;414;398;362;325;292;276;312;270;261;266;275;281
1409033;Lipsko;1305;1216;1144;1024;879;785;897;832;850;906;850;805;698;642;560;487;484;498;492;470;455;427;424
1409042;Rzeczniów;445;428;405;339;276;250;294;310;276;324;343;289;270;241;202;173;162;171;163;137;147;143;141
1409052;Sienno;648;618;553;529;456;410;432;426;423;457;487;426;382;359;305;273;276;308;253;251;241;224;226
1409062;Solec nad Wisłą;541;483;514;455;393;334;336;352;373;422;406;371;329;310;267;254;253;281;235;225;206;226;214
1410000;Powiat łosicki;2527;2399;2392;2083;1750;1614;1882;1689;1864;1950;1907;1810;1611;1308;992;879;665;792;764;606;568;569;621
1410012;Huszlew;207;204;203;171;134;128;139;134;142;145;152;129;122;102;86;72;63;63;66;53;57;49;50
1410023;Łosice;906;859;837;745;637;592;694;626;716;779;716;651;613;499;358;320;249;305;283;245;229;219;246
1410032;Olszanka;193;179;193;152;140;108;134;111;110;127;128;116;106;85;74;67;45;51;53;41;34;42;41
1410042;Platerów;458;421;422;346;282;271;337;302;330;321;340;323;262;224;165;149;96;132;130;89;88;89;108
1410052;Sarnaki;376;372;377;343;286;263;302;263;297;276;270;290;245;212;173;136;116;131;115;93;75;82;84
1410062;Stara Kornica;387;364;360;326;271;252;276;253;269;302;301;301;263;186;136;135;96;110;117;85;85;88;92
1411000;Powiat makowski;5390;5333;5180;4763;4217;3688;4313;3820;4662;4879;4904;4342;3848;3615;3463;3019;2848;2998;2928;2670;2623;2511;2525
1411011;Maków Mazowiecki;1356;1309;1242;1111;940;865;1080;933;1109;1164;1126;974;816;757;759;636;613;655;655;554;581;529;551
1411022;Czerwonka;298;292;294;274;236;187;235;234;275;261;288;249;218;219;223;193;177;175;184;171;176;192;189
1411032;Karniewo;484;523;501;448;417;353;379;365;452;485;487;416;382;342;355;312;288;324;290;277;288;258;256
1411042;Krasnosielc;808;799;799;748;704;613;674;581;711;706;729;677;596;541;516;483;427;446;439;384;374;350;336
1411052;Młynarze;150;151;149;143;117;121;119;112;143;164;164;159;148;140;130;104;97;102;96;85;92;81;93
1411062;Płoniawy-Bramura;716;739;698;654;575;502;568;515;596;597;620;576;511;494;445;405;365;377;359;326;318;301;295
1411073;Różan;589;562;552;501;438;357;450;377;474;528;520;444;439;407;348;290;298;291;302;277;257;283;282
1411082;Rzewnie;257;249;239;233;207;191;208;166;231;268;282;258;219;219;202;172;164;179;155;153;143;136;140
1411092;Sypniewo;338;332;322;294;266;219;258;234;291;313;293;249;235;218;206;169;177;201;196;190;163;169;163
1411102;Szelków;394;377;384;357;317;280;342;303;380;393;395;340;284;278;279;255;242;248;252;253;231;212;220
1412000;Powiat miński;8010;8048;7535;6402;4436;2974;3650;4177;4479;5330;5886;4991;4119;3236;2614;2554;2410;3309;2273;2164;2177;2035;2287
1412011;Mińsk Mazowiecki;2402;2480;2248;1960;1413;995;1218;1324;1361;1560;1728;1446;1263;1016;814;772;748;985;622;630;592;554;645
1412042;Cegłów;339;322;320;249;183;123;123;159;173;246;265;234;173;144;117;101;104;133;118;106;105;89;95
1412052;Dębe Wielkie;492;523;496;418;277;176;203;216;271;319;369;301;241;184;170;157;158;227;167;168;189;160;167
1412062;Dobre;317;300;282;235;179;90;116;138;144;220;235;184;158;116;91;92;88;109;91;71;85;69;88
1412073;Halinów;692;618;614;495;347;221;292;355;402;461;521;439;359;301;277;247;223;335;244;203;208;201;211
1412082;Jakubów;239;260;257;214;166;102;111;135;139;183;178;168;128;127;89;76;77;125;70;69;66;54;53
1412093;Kałuszyn;417;448;408;321;230;154;161;209;224;243;299;263;242;165;129;126;115;144;103;101;97;87;110
1412102;Latowicz;337;313;273;242;163;92;120;133;133;160;186;185;141;109;75;78;77;106;66;65;68;67;68
1412112;Mińsk Mazowiecki;794;827;826;705;479;333;432;539;551;603;670;612;479;373;290;287;255;356;250;243;238;223;267
1412122;Mrozy;471;439;429;316;218;170;187;230;239;274;302;258;200;144;123;126;129;178;138;130;126;143;148
1412132;Siennica;379;399;374;324;199;133;197;201;218;255;268;194;161;128;96;116;117;144;96;96;97;97;111
1412142;Stanisławów;335;352;310;263;161;103;142;177;190;249;278;229;191;127;98;124;109;143;110;100;97;89;111
1412151;Sulejówek;796;767;698;660;421;282;348;361;434;557;587;478;383;302;245;252;210;324;198;182;209;202;213
1413000;Powiat mławski;9584;8434;6267;4819;3679;3313;4470;4213;3966;4623;4831;3845;3664;2753;2088;1727;1718;1829;1643;1574;1617;1646;1895
1413011;Mława;4175;3514;2596;1920;1636;1540;1995;1934;1733;2016;2081;1654;1583;1166;914;788;794;856;773;756;748;800;954
1413022;Dzierzgowo;356;374;300;277;174;178;206;176;182;224;226;157;155;127;81;63;73;61;66;61;56;64;62
1413032;Lipowiec Kościelny;690;648;402;258;214;224;300;300;255;322;340;268;252;192;150;121;113;118;108;106;126;104;120
1413042;Radzanów;401;425;332;293;206;149;192;177;178;203;216;182;154;123;92;67;76;76;73;60;57;65;59
1413052;Strzegowo;930;881;737;643;413;263;411;409;410;441;468;400;361;299;237;167;171;170;146;148;176;152;170
1413062;Stupsk;665;499;400;300;177;146;257;251;250;295;316;240;238;183;118;108;102;102;97;86;99;96;109
1413072;Szreńsk;552;584;379;307;241;200;293;266;248;287;310;247;213;161;115;94;99;111;87;76;87;77;107
1413082;Szydłowo;615;503;352;268;189;213;267;217;240;292;303;249;244;166;128;110;97;113;91;90;85;88;95
1413092;Wieczfnia Kościelna;510;483;344;232;176;173;216;215;208;231;237;192;204;148;104;92;77;86;81;81;82;82;90
1413102;Wiśniewo;690;523;425;321;253;227;333;268;262;312;334;256;260;188;149;117;116;136;121;110;101;118;129
1414000;Powiat nowodworski;5844;5010;4644;3826;2502;1966;2866;3467;3713;3705;3818;3636;2989;2554;1903;1901;1827;2236;2020;1997;1877;1769;2086
1414011;Nowy Dwór Mazowiecki;2024;1750;1654;1327;788;609;891;1098;1243;1211;1309;1234;961;812;696;680;620;731;686;740;676;612;740
1414022;Czosnów;535;500;436;389;210;183;227;314;305;318;342;313;245;221;200;180;182;231;216;196;188;192;233
1414032;Leoncin;323;294;242;178;106;80;128;165;185;198;198;203;147;138;116;123;103;144;124;142;138;113;134
1414043;Nasielsk;1788;1483;1325;1144;921;772;1090;1219;1205;1193;1171;1098;997;837;474;526;580;679;574;508;535;520;568
1414052;Pomiechówek;651;550;544;402;252;168;253;360;407;387;425;405;339;291;201;208;193;255;227;221;187;181;222
1414063;Zakroczym;523;433;443;386;225;154;277;311;368;398;373;383;300;255;216;184;149;196;193;190;153;151;189
1415000;Powiat ostrołęcki;8785;8431;7965;7203;6143;3990;4972;5496;5790;6084;6158;5628;4998;4695;3842;3322;2999;3272;3018;2778;2844;2674;2764
1415012;Baranowo;609;568;538;519;423;334;380;463;411;425;464;406;354;371;278;240;255;267;258;221;233;193;201
1415022;Czarnia;266;252;234;223;187;84;104;125;123;143;170;148;130;115;98;71;64;81;71;71;66;63;66
1415032;Czerwin;390;367;358;312;258;180;210;233;250;258;246;258;191;195;129;120;103;102;95;99;100;87;103
1415042;Goworowo;879;821;844;713;577;391;436;470;502;571;596;539;436;421;354;347;269;299;268;185;191;191;187
1415052;Kadzidło;1130;1096;1040;940;838;502;616;795;800;809;805;723;609;519;367;316;295;336;311;267;284;296;304
1415062;Lelis;1065;996;967;875;723;554;616;692;760;818;776;689;615;590;456;369;369;435;390;410;418;334;370
1415072;Łyse;650;612;549;582;495;236;539;376;431;420;425;402;407;393;354;319;311;321;304;229;263;276;274
1415083;Myszyniec;1350;1335;1185;1067;975;471;585;689;725;766;772;721;658;617;566;429;378;403;344;339;350;364;373
1415092;Olszewo-Borki;1095;1061;996;881;751;523;632;725;804;808;841;769;672;662;604;545;485;486;485;442;454;445;424
1415102;Rzekuń;894;896;875;744;610;500;599;659;686;750;735;656;635;556;469;424;336;391;373;379;354;310;347
1415112;Troszyn;457;427;379;347;306;215;255;269;298;316;328;317;291;256;167;142;134;151;119;136;131;115;115
1416000;Powiat ostrowski;6566;6356;6254;5360;4573;4118;4829;4774;4948;5303;5157;4230;3676;3413;2836;2478;2354;2784;2429;2372;2277;2241;2322
1416011;Ostrów Mazowiecka;2327;2232;2225;1900;1663;1561;1817;1761;1849;1892;1797;1500;1229;1175;1017;902;847;1040;851;856;776;787;834
1416022;Andrzejewo;201;197;181;164;129;104;128;135;154;162;164;120;105;94;77;73;61;68;75;82;76;83;66
1416032;Boguty-Pianki;113;96;102;85;68;54;65;78;79;91;90;75;68;66;57;47;49;41;44;31;35;34;35
1416043;Brok;314;323;332;294;242;197;228;219;214;213;243;211;168;172;143;110;102;112;85;81;97;97;89
1416052;Małkinia Górna;1270;1187;1102;912;819;687;784;761;766;908;837;655;585;563;414;339;348;404;371;335;349;329;355
1416062;Nur;148;129;127;124;93;77;77;91;103;114;111;84;106;93;70;70;63;74;82;71;73;66;59
1416072;Ostrów Mazowiecka;1187;1207;1221;1056;827;793;947;933;967;1041;1034;836;764;674;601;525;491;604;501;489;479;463;502
1416082;Stary Lubotyń;250;281;246;218;204;186;213;229;246;250;239;202;173;140;140;112;95;114;117;118;108;102;91
1416092;Szulborze Wielkie;75;76;71;62;45;43;56;64;74;74;92;81;68;49;41;35;41;46;36;35;33;35;32
1416102;Wąsewo;400;365;374;291;269;244;318;300;298;309;298;241;213;199;151;139;136;150;135;142;132;125;126
1416112;Zaręby Kościelne;281;263;273;254;214;172;196;203;198;249;252;225;197;188;125;126;121;131;132;132;119;120;133
1417000;Powiat otwocki;6269;6300;6065;5365;3741;2342;3483;3605;3778;4424;4332;3722;3113;2795;2399;2008;1804;2380;2016;1623;1606;1588;2000
1417011;Józefów;801;795;790;739;537;319;493;504;512;592;611;512;422;407;356;298;269;351;301;221;233;240;310
1417021;Otwock;2569;2609;2542;2227;1560;991;1464;1507;1564;1886;1811;1548;1279;1177;992;827;748;981;874;712;681;662;884
1417032;Celestynów;691;646;665;573;390;261;353;363;401;435;439;340;321;262;216;182;158;220;200;148;159;167;149
1417043;Karczew;898;929;882;765;536;327;501;506;509;597;594;540;420;349;333;288;238;322;231;193;194;185;249
1417052;Kołbiel;342;366;302;281;185;145;197;202;235;247;242;198;163;149;113;86;84;113;101;70;76;83;89
1417062;Osieck;197;195;171;148;106;65;112;102;105;127;111;95;88;71;73;59;66;69;51;54;55;44;51
1417072;Sobienie-Jeziory;302;282;269;218;146;78;120;147;148;190;174;159;124;123;114;84;77;97;75;70;70;71;65
1417082;Wiązowna;469;478;444;414;281;156;243;274;304;350;350;330;296;257;202;184;164;227;183;155;138;136;203
1418000;Powiat piaseczyński;5518;5375;5330;4327;3390;3006;4599;5047;4968;5941;6052;5561;5061;4560;3841;3487;2834;3566;2689;2723;2791;2795;2993
1418013;Góra Kalwaria;1192;1141;1144;932;701;646;909;1058;980;1146;1065;979;893;788;653;609;527;664;507;495;490;437;506
1418023;Konstancin-Jeziorna;996;937;909;743;658;541;719;881;812;965;977;918;751;687;555;513;418;504;409;415;411;415;435
1418032;Lesznowola;523;505;499;406;344;307;457;530;507;624;676;636;590;536;445;400;318;411;311;302;304;300;380
1418043;Piaseczno;1964;1932;1959;1606;1211;1101;1810;1824;1939;2384;2468;2270;2087;1888;1602;1447;1169;1492;1105;1155;1218;1271;1295
1418052;Prażmów;430;441;378;299;226;195;316;356;347;415;433;372;376;308;258;231;182;236;171;207;192;192;195
1418063;Tarczyn;413;419;441;341;250;216;388;398;383;407;433;386;364;353;328;287;220;259;186;149;176;180;182
1419000;Powiat płocki;12614;11756;11492;9928;8031;5860;7070;7241;7506;7767;8198;7306;6343;5663;4817;4338;3784;4258;3907;3414;3048;3133;3304
1419012;Bielsk;998;876;922;837;690;449;573;559;680;662;681;649;545;478;417;415;331;372;358;304;257;285;306
1419022;Bodzanów;963;885;859;690;516;404;511;554;614;630;646;567;453;387;317;290;275;323;264;200;205;219;212
1419032;Brudzeń Duży;886;838;833;725;564;451;510;539;553;605;636;610;534;486;395;355;305;325;309;245;218;227;218
1419042;Bulkowo;670;646;607;493;375;277;383;374;348;399;408;420;354;351;267;245;208;226;222;205;175;172;170
1419053;Drobin;1107;1033;991;820;687;487;594;589;567;562;608;483;403;351;381;327;278;317;303;248;231;243;270
1419063;Gąbin;1355;1255;1201;974;792;622;707;731;790;754;813;790;698;571;525;452;380;400;359;346;316;319;346
1419072;Łąck;721;684;727;624;503;368;425;453;505;514;522;449;392;380;320;283;234;270;245;195;173;178;167
1419082;Mała Wieś;734;616;563;586;515;337;400;384;411;403;410;355;324;295;218;196;168;213;207;213;174;175;184
1419092;Nowy Duninów;630;618;626;532;449;337;368;405;405;430;455;400;341;296;225;205;199;228;196;199;150;143;177
1419102;Radzanowo;747;722;694;662;530;404;485;520;549;558;581;494;462;397;317;320;283;315;270;235;205;211;230
1419112;Słubice;560;544;491;413;353;263;291;266;272;250;317;298;242;209;187;171;143;174;173;154;141;125;149
1419122;Słupno;501;475;468;396;320;216;294;292;331;362;403;343;328;289;281;219;224;257;226;201;184;176;208
1419132;Stara Biała;1028;1025;1035;903;697;538;680;684;670;740;774;632;576;535;428;373;376;397;336;301;276;310;312
1419142;Staroźreby;973;890;875;736;601;447;517;558;527;580;585;544;472;432;370;326;264;304;289;245;220;232;216
1419153;Wyszogród;741;649;600;537;439;260;332;333;284;318;359;272;219;206;169;161;116;137;150;123;123;118;139
1420000;Powiat płoński;9163;8641;8233;7033;6101;4510;5597;5552;5808;6112;6205;5618;5053;4377;3619;3622;3185;3745;3283;3231;3073;2890;3133
1420011;Płońsk;2451;2279;2203;1837;1600;1279;1575;1602;1577;1718;1667;1489;1356;1133;955;1029;910;1035;884;886;827;813;895
1420021;Raciąż;673;690;635;576;497;456;486;487;522;489;507;420;366;291;259;233;209;243;194;185;184;176;193
1420032;Baboszewo;797;744;722;610;566;394;509;505;530;544;591;553;495;424;366;353;312;390;351;332;314;279;321
1420042;Czerwińsk nad Wisłą;617;597;544;469;402;272;327;327;361;366;396;395;362;302;249;240;210;242;216;216;210;183;205
1420052;Dzierzążnia;358;334;296;240;224;166;219;227;229;237;224;241;203;183;127;117;121;131;127;129;129;105;124
1420062;Joniec;194;164;160;159;130;80;98;109;112;116;123;124;111;104;71;81;72;74;80;81;78;79;91
1420072;Naruszewo;654;558;537;469;404;254;342;346;366;399;424;394;355;314;246;245;207;260;230;204;218;193;202
1420082;Nowe Miasto;515;477;446;399;338;203;276;274;297;311;351;308;285;255;218;238;202;229;203;198;174;155;179
1420092;Płońsk;740;704;697;590;558;405;513;468;538;547;561;512;493;451;406;356;346;415;351;357;313;308;320
1420102;Raciąż;1027;1010;971;826;709;495;604;614;616;658;621;505;426;363;285;294;188;258;264;257;281;273;281
1420112;Sochocin;678;635;597;498;431;318;399;370;412;434;442;404;349;329;260;274;225;254;230;221;201;187;184
1420122;Załuski;459;449;425;360;242;188;249;223;248;293;298;273;252;228;177;162;183;214;153;165;144;139;138
1421000;Powiat pruszkowski;6298;6041;5785;4941;3650;2528;3865;4125;4275;5039;5505;4701;4229;3734;2897;2541;2074;2774;2282;1742;1679;1684;2095
1421011;Piastów;974;927;865;758;564;356;556;579;604;759;770;671;616;528;432;375;301;404;327;247;233;242;268
1421021;Pruszków;2821;2661;2567;2143;1521;1087;1656;1815;1920;2158;2317;1960;1743;1562;1183;1042;846;1141;910;717;674;670;882
1421033;Brwinów;1039;993;912;827;612;455;636;722;652;818;923;769;729;631;498;441;364;452;378;286;268;268;333
1421042;Michałowice;466;458;483;402;341;235;334;363;356;437;483;409;363;321;248;211;195;246;208;162;164;160;190
1421052;Nadarzyn;351;346;320;277;211;123;251;240;252;304;351;329;304;265;201;199;161;231;180;141;137;147;184
1421062;Raszyn;647;656;638;534;401;272;432;406;491;563;661;563;474;427;335;273;207;300;279;189;203;197;238
1422000;Powiat przasnyski;5198;5005;4447;3636;3064;2540;3287;3157;3398;3554;3797;3346;2950;2576;2067;2027;1781;1994;1651;1641;1678;1628;1779
1422011;Przasnysz;1718;1562;1348;1125;965;870;1166;1058;1118;1156;1200;1057;941;790;654;666;577;633;472;478;448;429;515
1422023;Chorzele;895;959;857;688;569;393;532;488;628;613;690;603;530;462;355;348;322;347;330;331;350;368;376
1422032;Czernice Borowe;338;317;298;233;198;158;198;212;234;254;261;276;218;183;138;115;106;133;119;105;113;116;123
1422042;Jednorożec;899;879;719;609;505;426;506;525;532;570;631;548;499;454;363;355;320;346;316;302;342;319;330
1422052;Krasne;361;343;343;294;231;173;199;189;194;212;213;177;159;147;117;116;98;115;81;96;98;85;89
1422062;Krzynowłoga Mała;255;276;270;205;165;145;190;192;207;230;231;205;182;146;113;103;94;113;108;95;93;98;100
1422072;Przasnysz;732;669;612;482;431;375;496;493;485;519;571;480;421;394;327;324;264;307;225;234;234;213;246
1423000;Powiat przysuski;6803;6365;6130;5863;5213;4686;5196;5339;5408;5646;5594;4882;4716;4294;3746;3515;3391;3269;2862;2743;2571;2456;2491
1423012;Borkowice;838;788;768;758;703;596;706;709;753;782;755;672;638;583;473;515;487;473;379;391;336;283;290
1423022;Gielniów;939;873;840;805;677;640;777;790;757;769;767;672;632;584;471;444;444;423;387;362;339;331;343
1423032;Klwów;368;351;357;354;306;265;299;312;299;318;330;258;250;241;229;179;183;195;158;151;158;161;163
1423042;Odrzywół;540;527;494;477;423;359;413;418;429;459;443;368;422;343;323;246;273;242;209;219;206;162;182
1423052;Potworów;523;483;474;455;407;357;383;403;408;455;436;385;386;355;323;293;277;272;273;271;249;269;247
1423063;Przysucha;1862;1702;1635;1553;1372;1184;1263;1298;1351;1403;1406;1259;1189;1083;955;879;840;822;719;643;606;615;603
1423072;Rusinów;804;752;715;665;555;547;594;589;587;621;627;506;503;466;433;442;392;364;320;322;329;290;307
1423082;Wieniawa;929;889;847;796;770;738;761;820;824;839;830;762;696;639;539;517;495;478;417;384;348;345;356
1424000;Powiat pułtuski;5015;4927;4595;3967;3126;2564;3645;3978;4435;4861;4915;4594;4122;3759;2708;2555;2457;2708;2625;2573;2386;2326;2529
1424012;Gzy;280;259;248;246;189;156;186;233;262;276;280;262;220;195;157;126;124;146;138;137;115;129;138
1424022;Obryte;407;410;376;321;273;187;263;282;330;394;415;377;340;282;195;179;191;197;206;218;184;176;181
1424032;Pokrzywnica;417;430;433;396;307;211;307;367;428;427;463;426;409;397;292;247;228;259;249;250;217;200;231
1424043;Pułtusk;2653;2623;2416;2009;1552;1358;1998;2108;2315;2523;2525;2366;2085;1882;1366;1320;1256;1401;1330;1298;1264;1211;1353
1424052;Świercze;469;433;389;346;304;226;300;342;371;401;422;406;388;385;260;270;260;254;252;253;229;218;233
1424062;Winnica;316;311;292;286;232;197;258;308;324;364;337;313;261;256;170;181;158;195;192;178;162;161;155
1424072;Zatory;473;461;441;363;269;229;333;338;405;476;473;444;419;362;268;232;240;256;258;239;215;231;238
1425000;Powiat radomski;19982;20179;19462;17608;15304;14491;16440;16858;16227;17071;16983;14834;13624;11919;10046;9489;8901;9713;8253;7476;7458;7304;7670
1425011;Pionki;3027;3033;2699;2362;1853;1746;2092;2208;2067;2074;2040;1702;1452;1201;985;954;902;1050;855;730;748;678;727
1425022;Gózd;1593;1244;1181;1033;941;959;1099;1085;1079;1148;1150;986;951;802;683;674;605;691;583;506;480;471;505
1425033;Iłża;2048;2107;2021;1787;1610;1687;1847;1879;1836;1924;1887;1615;1543;1367;1230;1082;997;1006;901;841;829;762;765
1425042;Jastrzębia;817;1141;1132;1125;992;994;1133;686;600;631;648;557;516;436;352;340;319;365;303;249;247;241;249
1425052;Jedlińsk;1513;1533;1485;1351;1105;922;1093;1293;1121;1245;1288;1138;1044;918;733;663;657;728;607;511;548;582;609
1425062;Jedlnia-Letnisko;1443;1403;1374;1270;1040;939;1073;1118;1031;1141;1112;1002;927;920;820;812;702;759;689;666;675;642;657
1425072;Kowala;1323;1330;1417;1228;1048;976;1091;1105;1045;1159;1188;1100;984;839;702;717;691;740;573;503;495;510;571
1425082;Pionki;1684;1647;1573;1450;1241;1183;1304;1363;1397;1423;1430;1211;1048;881;731;738;723;765;636;600;560;532;587
1425092;Przytyk;923;955;915;870;818;769;859;905;895;958;941;853;813;747;639;561;462;494;451;439;438;418;427
1425103;Skaryszew;1549;1783;1711;1569;1485;1386;1618;1720;1680;1707;1640;1454;1365;1235;998;960;903;1010;909;860;851;872;906
1425112;Wierzbica;1554;1521;1508;1321;1283;1212;1361;1427;1415;1453;1416;1212;1102;946;849;769;782;818;733;667;675;661;625
1425122;Wolanów;1159;1142;1091;1005;813;766;852;902;886;931;945;870;832;741;555;524;497;538;420;371;379;384;445
1425132;Zakrzew;1349;1340;1355;1237;1075;952;1018;1167;1175;1277;1298;1134;1047;886;769;695;661;749;593;533;533;551;597
1426000;Powiat siedlecki;5385;5122;4912;3899;2764;2281;2762;3143;3111;3539;3897;3083;2723;2315;1955;1729;1347;1529;1428;1348;1280;1287;1448
1426012;Domanice;228;204;227;173;116;111;120;155;140;133;176;126;109;93;85;78;53;61;49;50;43;47;49
1426022;Korczew;252;256;244;205;177;125;125;129;132;136;148;135;117;97;78;76;61;70;60;58;66;57;68
1426032;Kotuń;481;478;490;391;286;212;298;298;270;310;363;294;268;249;197;174;138;152;164;155;133;147;153
1426042;Mokobody;318;295;272;206;154;105;141;186;195;209;228;173;152;134;102;93;67;66;71;62;76;63;77
1426053;Mordy;433;427;413;313;222;187;238;256;231;268;306;253;230;172;153;148;121;142;121;110;90;114;118
1426062;Paprotnia;158;134;111;101;79;59;65;76;77;104;100;75;58;43;38;33;33;37;38;25;25;35;38
1426072;Przesmyki;206;181;181;154;129;106;117;123;120;134;148;107;96;84;69;64;51;58;72;59;44;47;61
1426082;Siedlce;1200;1128;1093;905;590;538;614;685;706;863;889;703;600;536;473;390;296;334;300;299;297;290;315
1426092;Skórzec;520;513;503;385;259;197;239;321;308;307;363;276;257;200;207;168;126;147;130;131;129;117;165
1426102;Suchożebry;339;317;298;228;150;122;167;180;199;222;229;178;166;141;115;88;83;93;93;87;80;77;96
1426112;Wiśniew;326;332;316;236;164;155;215;238;233;269;304;232;197;160;126;137;99;110;93;86;83;81;92
1426122;Wodynie;359;314;282;212;171;139;155;188;190;222;229;192;174;153;105;104;70;92;90;87;76;67;72
1426132;Zbuczyn;565;543;482;390;267;225;268;308;310;362;414;339;299;253;207;176;149;167;147;139;138;145;144
1427000;Powiat sierpecki;5886;5502;5256;4780;3927;3183;3685;3921;4353;4735;4678;4278;3812;3669;3252;3106;2786;2925;2333;2019;2007;2010;2124
1427011;Sierpc;2177;2041;1914;1779;1430;1226;1392;1396;1487;1631;1579;1412;1243;1153;1025;955;845;906;684;603;605;610;676
1427022;Gozdowo;573;528;491;475;378;322;373;425;460;481;494;429;399;408;365;332;318;325;244;173;190;168;200
1427032;Mochowo;692;633;643;547;447;376;438;499;530;592;582;585;523;514;463;468;436;438;381;327;332;353;335
1427042;Rościszewo;433;417;382;357;320;228;274;307;364;384;367;357;321;325;294;279;232;254;214;180;167;192;179
1427052;Sierpc;853;793;774;681;580;453;512;589;663;726;721;650;580;557;496;507;424;455;311;308;287;276;306
1427062;Szczutowo;507;467;462;397;345;234;301;310;381;430;409;373;311;308;245;245;221;217;178;148;155;149;164
1427072;Zawidz;651;623;590;544;427;344;395;395;468;491;526;472;435;404;364;320;310;330;321;280;271;262;264
1428000;Powiat sochaczewski;5666;4983;4469;4113;3301;2241;3404;3375;3684;3965;4031;3709;3026;2864;2384;2084;1624;1687;1339;971;749;848;1067
1428011;Sochaczew;2913;2482;2188;1982;1562;1084;1624;1625;1688;1889;1932;1735;1437;1342;1113;987;757;856;637;434;312;351;488
1428022;Brochów;294;297;287;284;221;185;247;231;267;235;285;267;245;210;177;157;113;104;95;75;47;68;59
1428032;Iłów;384;346;350;330;303;136;234;224;275;289;307;260;230;215;192;175;133;120;89;61;56;72;75
1428042;Młodzieszyn;391;368;316;299;266;129;204;241;262;297;277;285;212;194;155;127;92;107;78;57;49;60;72
1428052;Nowa Sucha;298;288;252;213;171;121;203;215;231;246;240;248;164;195;144;112;119;113;95;74;75;67;85
1428062;Rybno;194;187;157;135;95;95;129;121;147;146;144;148;86;78;58;42;48;35;50;35;21;18;30
1428072;Sochaczew;602;490;460;424;331;218;361;350;392;414;433;395;346;343;300;264;218;190;160;138;102;106;140
1428082;Teresin;590;525;459;446;352;273;402;368;422;449;413;371;306;287;245;220;144;162;135;97;87;106;118
1429000;Powiat sokołowski;3693;3615;3557;2881;2144;1808;2046;2360;2518;2780;2900;2662;2251;1935;1543;1326;1282;1433;1197;1153;1032;1045;1093
1429011;Sokołów Podlaski;1411;1411;1418;1101;921;805;907;1025;1100;1163;1195;1112;947;830;705;590;561;611;515;513;470;439;483
1429022;Bielany;224;206;212;167;110;98;100;114;126;144;163;137;135;110;77;83;68;79;63;58;51;51;48
1429032;Ceranów;153;141;147;125;65;54;79;84;95;108;114;109;85;75;67;51;53;52;52;46;43;46;45
1429042;Jabłonna Lacka;243;233;227;219;176;134;163;170;184;207;213;204;172;125;92;95;85;96;77;86;65;60;73
1429053;Kosów Lacki;423;416;408;349;208;157;200;204;230;257;290;260;207;181;124;121;114;133;116;119;103;106;99
1429062;Repki;348;360;341;263;182;148;170;199;198;242;266;211;176;152;122;87;90;119;82;79;74;72;82
1429072;Sabnie;249;237;211;178;134;110;101;151;170;186;179;181;151;119;100;75;81;91;79;54;59;54;61
1429082;Sokołów Podlaski;396;395;366;303;233;200;222;262;267;296;309;276;246;221;168;147;149;173;142;133;115;158;137
1429092;Sterdyń;246;216;227;176;115;102;104;151;148;177;171;172;132;122;88;77;81;79;71;65;52;59;65
1430000;Powiat szydłowiecki;6891;6623;6481;5709;5136;4686;5530;5521;5846;5941;6183;5219;4617;4248;3766;3541;3328;3494;3227;3069;3000;2852;2623
1430012;Chlewiska;1209;1155;1144;1044;963;836;965;938;1056;1016;1090;887;775;736;673;663;578;621;572;569;572;503;447
1430022;Jastrząb;761;768;743;646;624;604;734;702;785;795;832;696;652;563;494;441;432;471;425;404;390;368;344
1430032;Mirów;799;685;694;587;528;486;570;602;611;608;639;562;503;446;416;364;358;393;359;350;323;320;283
1430042;Orońsko;989;937;885;838;748;668;771;788;839;904;899;811;667;638;546;522;519;540;473;440;451;422;385
1430053;Szydłowiec;3133;3078;3015;2594;2273;2092;2490;2491;2555;2618;2723;2263;2020;1865;1637;1551;1441;1469;1398;1306;1264;1239;1164
1432000;Powiat warszawski zachodni;5091;4440;4066;3219;2187;1655;2464;2732;3113;3247;3540;3001;2363;1801;1401;1240;1032;1474;1241;1063;1037;1064;1256
1432013;Błonie;1309;1169;974;707;399;261;459;477;628;692;710;576;440;254;210;190;121;221;177;131;123;153;197
1432022;Izabelin;363;336;354;284;191;189;244;262;295;326;352;312;265;218;153;133;133;161;152;125;105;105;115
1432032;Kampinos;262;250;228;166;120;76;90;139;127;174;184;162;139;105;81;70;61;73;78;56;52;49;49
1432042;Leszno;570;492;459;358;253;196;246;246;310;351;357;353;253;210;183;140;108;130;114;119;103;111;108
1432053;Łomianki;930;780;841;710;551;401;577;672;744;594;712;601;486;409;348;321;261;378;345;341;331;303;380
1432063;Ożarów Mazowiecki;1158;982;794;659;424;336;503;567;588;661;720;564;389;292;219;208;191;297;211;167;178;202;271
1432072;Stare Babice;499;431;416;335;249;196;345;369;421;449;505;433;391;313;207;178;157;214;164;124;145;141;136
1433000;Powiat węgrowski;5716;5619;5449;4594;3762;3798;4201;3877;3653;4053;4088;3572;2894;2498;1824;1624;1450;1856;1466;1240;1127;1090;1187
1433011;Węgrów;1264;1244;1192;1020;831;892;956;838;843;878;883;741;581;473;359;337;296;380;251;268;254;242;267
1433022;Grębków;276;271;266;233;186;173;215;201;175;182;181;163;125;116;85;71;63;85;74;70;66;59;68
1433032;Korytnica;482;456;464;413;400;353;354;356;301;388;347;311;257;210;156;139;112;144;109;98;76;81;85
1433042;Liw;690;685;653;576;443;473;507;491;494;490;476;426;342;313;232;181;180;197;149;127;122;112;103
1433053;Łochów;1650;1656;1559;1296;1057;1021;1174;1013;963;1114;1190;1055;836;772;550;507;412;577;491;371;315;330;368
1433062;Miedzna;269;263;272;214;189;191;199;193;170;176;185;146;100;92;63;59;63;72;60;44;42;36;49
1433072;Sadowne;469;421;443;364;276;301;344;355;316;394;377;335;330;264;192;155;153;201;147;126;118;116;129
1433082;Stoczek;455;464;449;343;278;281;311;301;270;324;327;295;240;186;130;133;118;144;131;96;101;83;79
1433092;Wierzbno;161;159;151;135;102;113;141;129;121;107;122;100;83;72;57;42;53;56;54;40;33;31;39
1434000;Powiat wołomiński;14239;13932;12983;11823;6780;5674;8551;9161;9539;11586;12871;11615;10059;8860;6676;5951;5247;6729;6113;5623;4885;4504;5661
1434011;Kobyłka;1152;1137;1079;998;594;547;831;844;862;996;1145;1019;908;792;557;605;500;641;555;476;373;361;492
1434021;Marki;1454;1379;1217;1143;624;454;750;827;1014;1216;1341;1153;985;863;669;624;561;825;697;704;668;694;805
1434031;Ząbki;1012;1010;927;896;495;425;687;747;801;1005;1153;1032;808;782;576;549;438;623;581;535;435;418;529
1434041;Zielonka;896;873;820;721;417;327;549;529;559;679;755;754;613;558;394;384;348;430;413;321;299;251;322
1434052;Dąbrówka;532;512;500;441;226;141;245;263;302;412;470;422;398;310;225;196;152;191;165;178;172;184;228
1434062;Jadów;684;694;589;527;364;347;454;539;489;566;626;567;501;433;328;302;304;363;311;293;274;239;276
1434072;Klembów;691;652;611;526;341;294;431;450;464;525;575;544;510;449;353;273;265;336;308;297;266;255;309
1434082;Poświętne;455;470;431;381;197;161;282;282;294;378;434;380;279;228;166;162;142;176;176;177;133;90;120
1434093;Radzymin;1560;1574;1476;1430;726;531;829;916;1052;1329;1600;1356;1170;980;751;698;570;790;732;727;640;616;803
1434102;Strachówka;262;288;251;213;125;124;154;176;173;209;223;205;186;159;108;80;66;81;83;68;92;84;82
1434113;Tłuszcz;1771;1660;1488;1289;849;771;1065;1185;1102;1310;1386;1243;1118;970;770;607;602;710;679;643;586;526;629
1434123;Wołomin;3770;3683;3594;3258;1822;1552;2274;2403;2427;2961;3163;2940;2583;2336;1779;1471;1299;1563;1413;1204;947;786;1066
1435000;Powiat wyszkowski;8016;7765;7281;5467;4109;3410;4485;4598;4350;4421;4221;3172;2489;2103;1617;1327;1022;1694;1024;1004;955;979;1254
1435012;Brańszczyk;976;934;896;704;609;461;583;587;514;546;472;339;277;243;188;132;89;189;108;97;93;99;129
1435022;Długosiodło;904;923;861;734;565;431;458;506;494;518;491;390;300;258;173;165;129;213;153;142;117;140;157
1435032;Rząśnik;684;675;645;478;377;313;360;458;379;402;352;272;233;164;137;111;79;149;105;108;107;109;106
1435042;Somianka;455;475;437;342;251;216;277;262;239;262;265;207;179;125;90;88;69;118;64;73;64;59;89
1435053;Wyszków;4463;4234;3923;2806;1993;1767;2525;2504;2429;2383;2317;1747;1316;1162;922;747;591;913;533;518;525;501;698
1435062;Zabrodzie;534;524;519;403;314;222;282;281;295;310;324;217;184;151;107;84;65;112;61;66;49;71;75
1436000;Powiat zwoleński;3892;3643;3759;3180;2782;2397;2952;3173;3098;3383;3566;3185;2892;2279;1728;1588;1428;1770;1584;1558;1439;1476;1469
1436012;Kazanów;489;446;459;388;319;273;353;385;409;473;453;416;409;336;266;229;211;236;227;210;182;219;214
1436022;Policzna;566;527;568;474;381;357;453;502;503;551;626;523;505;363;264;277;238;276;255;255;237;235;222
1436032;Przyłęk;662;623;622;523;465;392;422;450;428;463;486;469;403;297;241;217;167;221;187;201;181;193;199
1436042;Tczów;546;517;534;483;394;340;418;463;463;496;531;456;408;348;226;192;197;246;238;235;217;211;217
1436053;Zwoleń;1629;1530;1576;1312;1223;1035;1306;1373;1295;1400;1470;1321;1167;935;731;673;615;791;677;657;622;618;617
1437000;Powiat żuromiński;4999;4934;4576;3861;3431;3160;3773;3599;3909;4057;4127;3662;3349;2898;2537;2480;2404;2370;2162;2069;1855;1773;1930
1437013;Bieżuń;620;604;559;473;409;376;437;444;460;479;489;441;430;349;289;319;289;299;308;251;231;216;256
1437022;Kuczbork-Osada;666;635;543;457;409;389;479;456;492;515;525;451;452;396;317;322;347;328;275;293;231;225;244
1437032;Lubowidz;987;1003;939;793;687;607;764;733;773;820;857;724;624;547;512;507;442;442;425;420;385;353;411
1437042;Lutocin;483;466;443;361;301;268;320;316;379;364;375;331;304;264;233;230;213;239;194;206;178;166;167
1437052;Siemiątkowo;445;447;421;381;344;301;373;310;355;376;401;349;309;261;229;205;216;201;181;159;169;161;179
1437063;Żuromin;1798;1779;1671;1396;1281;1219;1400;1340;1450;1503;1480;1366;1230;1081;957;897;897;861;779;740;661;652;673
1438000;Powiat żyrardowski;4925;4851;4247;3353;2944;2516;3358;3583;3626;4046;4419;4168;3724;3499;2945;2765;2574;2964;2576;2326;2297;2376;2467
1438011;Żyrardów;580;2785;2374;1887;1647;1426;1905;2064;2069;2231;2424;2315;2020;1878;1573;1487;1346;1580;1386;1216;1201;1265;1335
1438023;Mszczonów;582;584;516;387;303;301;405;413;395;447;522;486;434;422;359;346;310;395;320;299;286;293;287
1438032;Puszcza Mariańska;287;564;510;408;362;294;366;377;395;464;507;448;443;441;348;329;316;342;314;282;287;283;293
1438042;Radziejowice;623;314;287;218;214;151;227;232;268;300;332;297;253;229;193;181;175;205;170;164;162;174;174
1438052;Wiskitki;2853;604;560;453;418;344;455;497;499;604;634;622;574;529;472;422;427;442;386;365;361;361;378
1461000;Powiat m. Ostrołęka;6198;5876;5400;4843;3951;3243;3670;3909;3967;4007;4067;3748;3311;3181;2635;2302;2072;2305;1954;1791;1762;1576;1730
1461011;Ostrołęka;6198;5876;5400;4843;3951;3243;3670;3909;3967;4007;4067;3748;3311;3181;2635;2302;2072;2305;1954;1791;1762;1576;1730
1462000;Powiat m. Płock;13981;13152;12824;10215;8401;6412;7078;7207;7698;8258;8338;7541;6383;5314;4506;4269;3823;4357;3756;3551;3172;2917;3058
1462011;Płock;13981;13152;12824;10215;8401;6412;7078;7207;7698;8258;8338;7541;6383;5314;4506;4269;3823;4357;3756;3551;3172;2917;3058
1463000;Powiat m. Radom;27737;26676;26582;23887;19963;17880;19959;21442;20020;21112;21129;18553;16845;14708;12131;11123;10264;11300;9090;7996;7890;8032;8574
1463011;Radom;27737;26676;26582;23887;19963;17880;19959;21442;20020;21112;21129;18553;16845;14708;12131;11123;10264;11300;9090;7996;7890;8032;8574
1464000;Powiat m. Siedlce;5621;5369;5195;4546;3323;2994;3402;3605;3763;4201;4282;3314;2770;2459;1983;1802;1443;1702;1569;1452;1271;1304;1573
1464011;Siedlce;5621;5369;5195;4546;3323;2994;3402;3605;3763;4201;4282;3314;2770;2459;1983;1802;1443;1702;1569;1452;1271;1304;1573
1465000;Powiat m. st. Warszawa;62542;64567;58398;49409;31934;20682;31302;38640;41613;49227;54842;48840;39724;33212;26056;19382;17367;24403;24132;20172;18188;18713;19954
1465011;M.st.Warszawa od 2002;62542;64567;58398;49409;31934;20682;31302;38640;41613;49227;54842;48840;39724;33212;26056;19382;17367;24403;24132;20172;18188;18713;19954
1600000;OPOLSKIE;81623;74553;69396;60058;43338;35698;47129;48775;48029;51775;51636;42361;36203;32419;26066;22663;20948;24976;21535;20524;20309;19997;21740
1601000;Powiat brzeski;10948;10144;9021;7927;6566;5270;5810;6078;6282;6314;6905;5055;4016;3638;2909;2479;2156;2447;2302;2216;2291;2262;2347
1601011;Brzeg;4281;4017;3628;3035;2500;2021;2225;2234;2422;2309;2557;1794;1389;1274;1093;960;826;982;910;848;852;874;902
1601022;Skarbimierz;773;715;645;559;475;356;402;427;498;492;487;367;315;290;246;206;171;220;205;200;218;207;183
1601033;Grodków;2703;2537;2195;1975;1704;1350;1547;1632;1624;1556;1775;1316;1097;925;714;566;500;555;546;535;561;555;582
1601043;Lewin Brzeski;1544;1394;1216;1177;986;829;833;900;864;1001;1067;805;637;591;453;371;338;362;342;344;336;298;356
1601052;Lubsza;1086;987;873;798;573;468;534;605;551;617;669;510;385;378;277;252;215;226;198;187;208;216;208
1601062;Olszanka;561;494;464;383;328;246;269;280;323;339;350;263;193;180;126;124;106;102;101;102;116;112;116
1602000;Powiat głubczycki;4693;4273;3953;3305;2455;2177;2845;3025;3050;3368;3216;2730;2266;2129;1729;1472;1379;1573;1311;1242;1267;1279;1437
1602013;Baborów;537;462;434;356;294;274;371;410;427;452;438;370;318;268;244;213;184;228;176;179;159;158;166
1602022;Branice;547;522;472;411;335;293;385;400;396;478;465;365;333;293;245;200;173;187;165;136;152;170;184
1602033;Głubczyce;2400;2164;2057;1722;1251;1152;1445;1534;1562;1636;1547;1359;1094;1113;861;738;753;823;681;650;689;673;751
1602043;Kietrz;1209;1125;990;816;575;458;644;681;665;802;766;636;521;455;379;321;269;335;289;277;267;278;336
1603000;Powiat kędzierzyńsko-kozielski;5992;5617;5712;4925;4309;3040;4476;4508;4484;4922;4980;4099;3921;3449;3058;2705;2476;2758;2497;2318;2272;1963;2227
1603011;Kędzierzyn-Koźle;4446;4000;4106;3418;2980;2195;3202;3250;3199;3529;3547;2838;2705;2399;2066;1816;1628;1870;1642;1549;1501;1304;1524
1603022;Bierawa;441;455;418;400;317;203;306;289;288;348;349;279;260;224;226;182;174;191;196;175;154;129;151
1603032;Cisek;190;223;229;205;185;101;166;188;171;192;198;179;176;148;141;137;106;115;118;96;105;77;71
1603042;Pawłowiczki;428;412;426;391;345;230;306;297;327;340;342;323;315;279;245;220;210;203;202;184;189;163;174
1603052;Polska Cerekiew;151;173;200;207;202;126;202;211;223;225;233;187;182;155;138;121;116;126;128;104;113;97;100
1603062;Reńska Wieś;336;354;333;304;280;185;294;273;276;288;311;293;283;244;242;229;242;253;211;210;210;193;207
1604000;Powiat kluczborski;6167;5627;4774;3731;2935;2450;3345;3310;3283;3231;3178;2626;2240;2018;1699;1561;1475;1765;1500;1387;1344;1289;1292
1604013;Byczyna;1218;1083;912;741;496;413;579;579;500;511;548;443;403;348;291;267;261;299;268;238;229;219;205
1604023;Kluczbork;2944;2658;2213;1665;1337;1197;1672;1649;1656;1584;1559;1307;1032;937;794;728;716;881;718;657;618;625;649
1604032;Lasowice Wielkie;279;268;242;201;169;133;191;201;198;225;220;183;151;163;140;120;111;142;93;102;109;91;103
1604043;Wołczyn;1726;1618;1407;1124;933;707;903;881;929;911;851;693;654;570;474;446;387;443;421;390;388;354;335
1605000;Powiat krapkowicki;3214;3175;3059;2644;2222;2068;2764;2730;2531;2684;2591;2340;2116;1822;1493;1435;1457;1569;1408;1286;1273;1176;1322
1605013;Gogolin;593;610;597;486;433;404;574;551;473;512;515;460;424;378;316;289;280;321;263;237;227;214;233
1605023;Krapkowice;1408;1387;1301;1049;859;805;1080;1083;984;1082;1044;930;822;683;537;558;574;603;537;525;500;440;511
1605032;Strzeleczki;349;318;325;320;268;242;321;323;318;318;304;289;290;249;207;200;208;205;192;171;189;165;176
1605042;Walce;169;184;170;171;153;160;157;180;171;182;157;150;150;125;96;85;90;108;99;91;86;87;83
1605053;Zdzieszowice;695;676;666;618;509;457;632;593;585;590;571;511;430;387;337;303;305;332;317;262;271;270;319
1606000;Powiat namysłowski;4910;4585;4275;3807;2415;1926;2748;2661;2608;2739;2770;2308;1638;1563;1261;1026;1067;1234;1224;1258;1262;1247;1292
1606012;Domaszowice;484;442;418;369;279;186;256;260;271;264;287;226;129;154;123;97;91;111;127;122;137;127;115
1606023;Namysłów;2735;2530;2315;2079;1211;1031;1550;1532;1420;1520;1479;1242;874;858;710;563;627;719;689;756;743;747;777
1606032;Pokój;545;505;512;517;342;272;332;295;321;321;357;315;252;205;136;127;125;153;152;119;131;127;145
1606042;Świerczów;458;463;426;357;294;206;270;242;263;250;262;214;162;146;131;106;111;119;115;126;104;104;103
1606052;Wilków;688;645;604;485;289;231;340;332;333;384;385;311;221;200;161;133;113;132;141;135;147;142;152
1607000;Powiat nyski;19860;17151;15832;12488;7742;6416;8479;8770;8599;9567;8966;7234;6037;5027;3840;3250;2981;3757;3162;2906;2841;2746;3123
1607013;Głuchołazy;3292;2569;2486;2079;1587;1332;1838;1783;1616;1775;1638;1354;1154;1048;739;633;599;756;675;650;620;556;655
1607022;Kamiennik;518;443;404;355;224;131;176;215;251;257;228;192;178;152;125;119;99;128;107;83;87;82;91
1607033;Korfantów;1251;1121;1055;932;350;386;504;537;511;611;538;419;377;292;234;220;190;234;208;185;186;178;189
1607042;Łambinowice;1215;1119;1015;857;401;267;390;423;373;527;443;358;343;271;224;205;163;191;187;173;155;160;173
1607053;Nysa;7838;6789;6360;4693;2738;2391;3369;3325;3399;3866;3636;2849;2308;1903;1402;1133;1049;1352;1032;1010;989;1036;1166
1607063;Otmuchów;2173;1771;1396;1026;636;486;695;794;807;838;847;704;549;480;385;304;320;398;364;274;302;275;320
1607073;Paczków;2038;1951;1822;1545;1282;944;913;1097;1020;984;998;833;692;545;454;383;351;435;355;333;311;290;335
1607082;Pakosławice;550;510;476;367;248;188;228;243;272;262;269;194;190;148;118;102;97;117;89;78;75;58;70
1607092;Skoroszyce;985;878;818;634;276;291;366;353;350;447;369;331;246;188;159;151;113;146;145;120;116;111;124
1608000;Powiat oleski;3095;2903;2769;2368;1599;1400;2067;2128;2438;2521;2455;2048;1777;1587;1188;1027;1006;1192;986;995;1005;1028;1132
1608013;Dobrodzień;285;236;258;241;147;165;255;274;318;306;317;254;227;225;149;126;133;148;128;133;141;158;152
1608023;Gorzów Śląski;323;306;292;242;215;175;257;246;285;312;310;268;212;184;151;134;116;150;130;130;111;110;115
1608033;Olesno;684;612;647;531;361;340;489;471;582;599;570;511;463;397;296;264;245;312;258;265;271;260;342
1608043;Praszka;1123;1079;955;808;478;409;581;577;642;636;602;465;375;327;238;202;230;252;192;197;187;209;228
1608052;Radłów;139;139;152;145;102;83;109;127;153;160;167;143;135;124;101;79;70;66;68;64;87;75;74
1608062;Rudniki;427;417;354;310;225;161;272;308;330;377;355;276;251;244;173;141;138;185;142;136;135;148;151
1608072;Zębowice;114;114;111;91;71;67;104;125;128;131;134;131;114;86;80;81;74;79;68;70;73;68;70
1609000;Powiat opolski;7496;6907;6304;5812;3917;3147;4629;4948;4715;5300;5432;4525;3934;3611;2767;2226;1926;2598;2123;1974;1944;1945;2104
1609012;Chrząstowice;281;274;248;236;142;96;150;176;185;200;190;173;182;152;146;113;97;128;98;94;88;102;108
1609022;Dąbrowa;546;544;478;510;300;203;326;344;344;389;384;391;320;272;219;200;153;184;160;149;131;144;142
1609032;Dobrzeń Wielki;611;590;545;520;288;234;357;386;362;433;426;346;336;319;159;161;121;160;129;116;110;114;124
1609042;Komprachcice;530;497;445;442;284;215;316;326;324;364;372;336;310;308;199;155;143;177;153;150;140;130;159
1609052;Łubniany;381;384;333;311;203;155;211;222;210;262;291;256;240;232;224;175;147;187;171;157;162;156;173
1609062;Murów;379;377;352;302;211;169;232;231;246;290;258;224;205;174;159;129;107;136;114;106;107;97;96
1609073;Niemodlin;1586;1401;1210;1049;907;711;959;973;881;928;1007;744;563;528;393;308;243;379;289;249;270;257;288
1609083;Ozimek;750;572;547;529;379;417;700;854;810;892;919;752;627;570;434;342;302;428;358;340;345;327;359
1609092;Popielów;526;473;488;437;245;214;305;292;327;336;392;290;249;256;161;110;125;159;133;131;127;150;148
1609102;Prószków;343;341;302;286;182;138;196;222;212;248;256;207;213;205;167;136;112;141;126;126;103;106;107
1609112;Tarnów Opolski;534;472;487;439;277;205;320;293;301;343;338;273;262;232;211;148;137;191;151;138;128;120;137
1609122;Tułowice;589;558;453;369;263;216;286;341;226;287;249;214;159;131;96;82;76;116;90;84;70;82;103
1609132;Turawa;440;424;416;382;236;174;271;288;287;328;350;319;268;232;199;167;163;212;151;134;163;160;160
1610000;Powiat prudnicki;4005;3992;4080;4141;3143;2608;3235;3464;3368;3513;3766;3237;2689;2388;1757;1655;1495;1676;1451;1496;1495;1560;1676
1610013;Biała;504;535;572;559;413;337;436;479;493;537;531;435;363;320;245;218;191;229;194;206;185;202;217
1610023;Głogówek;710;723;758;828;550;464;573;590;576;618;660;570;511;431;292;220;218;284;280;285;267;272;313
1610032;Lubrza;284;320;295;322;260;186;247;266;261;294;304;282;224;220;158;142;119;139;110;109;123;119;124
1610043;Prudnik;2507;2414;2455;2432;1920;1621;1979;2129;2038;2064;2271;1950;1591;1417;1062;1075;967;1024;867;896;920;967;1022
1611000;Powiat strzelecki;3843;3428;3484;3105;2365;2149;2597;2674;2349;2627;2492;1958;1836;1658;1384;1273;1300;1431;1101;1094;1090;1254;1299
1611012;Izbicko;213;206;205;193;151;121;164;157;152;171;147;111;94;79;81;95;78;98;63;72;64;85;78
1611022;Jemielnica;284;250;260;232;200;196;215;209;179;197;209;175;162;158;124;116;116;143;115;112;104;123;127
1611033;Kolonowskie;224;192;196;184;144;129;170;158;159;172;163;128;110;122;78;70;85;84;66;59;65;76;76
1611043;Leśnica;278;285;290;284;197;160;213;218;185;173;189;162;167;139;125;111;114;102;80;87;78;74;90
1611053;Strzelce Opolskie;2004;1723;1741;1461;1112;1050;1227;1301;1115;1278;1212;939;892;789;669;605;620;684;529;524;536;534;639
1611063;Ujazd;282;267;281;266;194;179;206;193;183;204;192;150;153;135;117;99;103;114;91;90;75;85;84
1611073;Zawadzkie;558;505;511;485;367;314;402;438;376;432;380;293;258;236;190;177;184;206;157;150;168;277;205
1661000;Powiat m. Opole;7400;6751;6133;5805;3670;3047;4134;4479;4322;4989;4885;4201;3733;3529;2981;2554;2230;2976;2470;2352;2225;2248;2489
1661011;Opole;7400;6751;6133;5805;3670;3047;4134;4479;4322;4989;4885;4201;3733;3529;2981;2554;2230;2976;2470;2352;2225;2248;2489
1800000;PODKARPACKIE;182497;170293;163956;145246;126360;115567;141944;142263;146208;153807;154216;137932;123514;107567;90972;82933;75455;87326;77291;69046;67653;67336;72059
1801000;Powiat bieszczadzki;2796;2603;2430;2237;1715;1720;2096;2060;2119;2258;2046;1874;1788;1569;1323;1175;1162;1296;1184;1112;1085;1130;1112
1801032;Czarna;319;300;276;251;183;217;224;232;227;269;234;204;212;196;164;136;141;146;133;134;126;128;146
1801052;Lutowiska;302;318;295;280;215;184;237;255;269;264;265;218;211;211;158;138;143;149;161;128;134;136;141
1801083;Ustrzyki Dolne;2175;1985;1859;1706;1317;1319;1635;1573;1623;1725;1547;1452;1365;1162;1001;901;878;1001;890;850;825;866;825
1802000;Powiat brzozowski;8283;7511;7581;6733;5882;6202;6697;6640;6918;7356;7342;6700;6032;5437;4773;4415;4241;4460;4282;4038;3848;3780;3681
1802013;Brzozów;3221;2906;2947;2564;2234;2388;2587;2552;2730;2845;2832;2574;2322;2092;1901;1795;1678;1810;1734;1624;1511;1514;1495
1802022;Domaradz;826;781;792;708;676;625;640;674;680;748;711;655;641;570;467;463;459;483;489;496;458;445;410
1802032;Dydnia;1236;1143;1144;1067;907;949;1023;980;973;1026;1022;965;854;763;678;572;597;612;544;534;519;499;495
1802042;Haczów;955;862;856;758;681;716;833;811;871;940;932;853;743;659;543;514;451;493;491;460;431;414;413
1802052;Jasienica Rosielna;852;782;808;676;568;672;746;748;797;911;919;820;722;673;598;549;521;527;506;446;474;437;442
1802062;Nozdrzec;1193;1037;1034;960;816;852;868;875;867;886;926;833;750;680;586;522;535;535;518;478;455;471;426
1803000;Powiat dębicki;11500;10660;10617;9171;7287;5586;6919;6889;7534;8147;8312;7443;6587;5589;4138;3452;2719;3609;2682;2435;2433;2247;2800
1803011;Dębica;4080;3740;3744;3212;2556;2035;2593;2498;2721;2928;2981;2665;2364;1991;1486;1240;916;1236;954;834;866;785;999
1803022;Brzostek;1449;1394;1316;1165;936;624;688;675;728;802;834;762;687;612;433;352;270;374;274;261;252;231;268
1803032;Czarna;1121;1031;1043;871;733;552;682;736;765;845;841;744;680;593;435;360;330;411;273;299;275;252;288
1803042;Dębica;2229;2104;2061;1771;1353;1052;1313;1323;1463;1576;1643;1461;1286;1097;808;687;551;706;523;443;460;440;542
1803052;Jodłowa;425;404;390;361;273;229;262;244;276;295;274;256;214;193;145;131;102;127;92;88;93;82;102
1803063;Pilzno;1194;1073;1090;931;760;568;740;774;898;950;951;854;707;600;456;394;320;441;307;288;276;250;330
1803072;Żyraków;1002;914;973;860;676;526;641;639;683;751;788;701;649;503;375;288;230;314;259;222;211;207;271
1804000;Powiat jarosławski;11005;10091;10063;9569;8663;7651;9515;9505;9684;10176;10044;9220;8315;7748;7025;6551;5215;6072;5381;4674;4299;4489;4726
1804011;Jarosław;3511;3221;3159;3001;2829;2540;3002;3005;3008;3097;3022;2685;2444;2294;2113;1969;1591;1821;1576;1368;1299;1338;1413
1804021;Radymno;584;514;512;461;442;406;504;485;469;512;503;467;428;388;301;293;252;264;226;198;174;196;204
1804032;Chłopice;373;369;379;387;328;301;396;342;380;418;434;419;344;306;280;263;223;257;229;178;179;174;194
1804042;Jarosław;1069;931;1008;944;848;744;1008;1050;1058;1055;992;928;843;798;766;719;575;681;579;486;453;491;502
1804052;Laszki;798;727;732;734;639;567;711;625;629;671;678;622;570;557;478;427;355;404;349;284;267;254;280
1804062;Pawłosiów;640;614;612;583;523;453;558;572;626;682;653;605;573;520;463;444;347;401;365;326;308;322;324
1804072;Pruchnik;1067;944;932;882;759;722;819;822;870;926;932;935;820;749;715;651;505;571;519;499;412;407;449
1804082;Radymno;1060;1004;963;883;809;721;918;931;909;1007;956;920;835;771;663;604;424;534;485;413;400;438;486
1804092;Rokietnica;312;289;290;268;266;219;295;267;327;344;345;296;279;240;221;209;174;208;207;156;125;148;155
1804102;Roźwienica;587;511;519;517;444;355;464;539;509;537;593;529;467;446;417;418;312;371;343;275;256;266;275
1804112;Wiązownica;1004;967;957;909;776;623;840;867;899;927;936;814;712;679;608;554;457;560;503;491;426;455;444
1805000;Powiat jasielski;12653;12179;11215;9789;8291;8003;9620;9540;9780;10415;10015;8504;8091;7044;5748;5179;4918;5615;5442;4926;5107;4919;5198
1805011;Jasło;3910;3781;3429;3023;2599;2483;2887;2848;2918;3089;2964;2478;2370;2020;1680;1468;1381;1593;1547;1347;1405;1349;1462
1805022;Brzyska;697;659;630;526;470;441;512;528;523;537;503;455;420;374;301;298;278;310;301;283;301;249;288
1805032;Dębowiec;945;923;852;708;614;556;699;719;728;796;739;627;613;558;460;388;368;445;421;372;402;423;421
1805042;Jasło;1712;1639;1504;1357;1130;1144;1417;1356;1431;1472;1451;1179;1114;998;812;741;695;822;805;719;761;739;743
1805052;Kołaczyce;1192;1139;1081;930;775;739;910;934;946;984;912;797;728;598;496;455;437;527;478;473;501;465;479
1805062;Krempna;259;253;241;221;180;171;202;187;175;202;185;178;167;139;103;108;108;113;113;94;105;90;92
1805072;Nowy Żmigród;1035;1010;885;790;663;667;802;825;829;891;858;718;720;655;500;475;429;475;452;401;389;384;442
1805082;Osiek Jasielski;628;583;520;434;401;330;391;389;425;469;432;413;401;330;271;229;255;250;266;240;237;239;267
1805092;Skołyszyn;1399;1367;1294;1115;911;922;1054;1061;1101;1171;1189;1011;949;815;688;610;571;637;633;596;633;585;585
1805112;Tarnowiec;876;825;779;685;548;550;746;693;704;804;782;648;609;557;437;407;396;443;426;401;373;396;419
1806000;Powiat kolbuszowski;5672;5343;4953;4331;3806;3474;4129;3966;4114;4132;4180;3652;3175;2754;2324;1972;1817;2060;1744;1577;1494;1536;1677
1806012;Cmolas;853;745;681;547;500;484;562;542;602;571;584;501;443;390;325;275;241;305;264;246;226;225;251
1806023;Kolbuszowa;2195;2050;1918;1699;1472;1297;1590;1507;1568;1563;1615;1384;1181;1023;870;710;682;799;654;599;573;606;675
1806032;Majdan Królewski;1031;974;934;852;776;708;856;780;741;793;774;692;641;529;430;372;360;354;333;280;270;270;287
1806042;Niwiska;492;480;458;377;333;303;360;362;373;347;326;276;277;230;189;187;135;186;144;135;125;144;143
1806052;Raniżów;557;533;458;442;369;342;386;417;464;464;475;455;348;324;270;222;192;222;165;149;141;136;149
1806062;Dzikowiec;544;561;504;414;356;340;375;358;366;394;406;344;285;258;240;206;207;194;184;168;159;155;172
1807000;Powiat krośnieński;8498;7592;7577;6526;4723;4709;6367;6616;6614;7425;7137;5994;5041;3652;2608;2187;1841;2428;1995;2018;2221;2356;2624
1807012;Chorkówka;1078;968;965;800;580;654;968;964;932;1047;1002;852;710;537;406;344;294;360;297;294;350;394;434
1807023;Dukla;1550;1435;1423;1171;902;885;1155;964;1036;1126;1056;922;712;570;425;374;296;403;322;309;348;363;407
1807033;Iwonicz-Zdrój;835;762;703;634;459;442;566;598;602;675;657;520;492;337;233;181;163;214;205;184;179;199;245
1807043;Jedlicze;1249;1092;1104;937;662;686;894;895;883;1054;969;770;683;468;335;305;257;314;256;268;324;326;375
1807052;Korczyna;763;664;737;633;444;426;568;646;685;720;680;582;492;325;241;186;179;207;154;172;181;206;227
1807062;Krościenko Wyżne;341;228;322;273;197;199;280;309;316;364;350;268;220;183;127;100;77;109;88;96;104;129;115
1807072;Miejsce Piastowe;940;891;832;736;544;505;693;786;771;839;834;709;628;430;295;230;196;264;226;222;252;245;291
1807083;Rymanów;1070;949;904;826;588;528;746;801;752;836;870;751;593;412;271;230;182;282;229;251;248;268;273
1807092;Wojaszówka;672;603;587;516;347;384;497;526;528;625;570;483;401;307;213;185;147;221;173;169;183;174;198
1807102;Jaśliska;;;;;;;;127;109;139;149;137;110;83;62;52;50;54;45;53;52;52;59
1808000;Powiat leżajski;6395;5695;5124;5110;4473;4048;5320;5211;5428;5505;5585;5315;4809;4276;3993;3686;3380;3916;3656;3198;3105;2975;3001
1808011;Leżajsk;1100;955;874;859;730;738;924;928;956;1001;961;906;845;708;690;620;583;649;573;535;528;496;520
1808022;Grodzisko Dolne;605;552;506;526;444;373;568;524;574;590;566;528;484;489;431;404;341;409;408;342;305;327;293
1808032;Kuryłówka;503;478;395;416;371;335;407;388;418;423;439;437;394;360;328;309;318;347;290;280;294;263;252
1808042;Leżajsk;1934;1729;1595;1505;1350;1245;1660;1588;1671;1713;1699;1647;1468;1304;1215;1111;992;1191;1158;958;978;937;963
1808053;Nowa Sarzyna;2253;1981;1754;1804;1578;1357;1761;1783;1809;1778;1920;1797;1618;1415;1329;1242;1146;1320;1227;1083;1000;952;973
1809000;Powiat lubaczowski;6012;5675;5447;4898;4759;4282;4521;4554;4515;4458;4409;3925;3360;2888;2402;2125;1986;2316;2056;1831;1867;1704;1788
1809011;Lubaczów;1160;1096;1060;946;953;898;939;936;881;892;857;782;672;559;462;394;391;461;408;338;350;345;359
1809023;Cieszanów;868;769;782;714;633;552;586;625;652;647;564;559;469;387;346;294;274;319;280;251;249;200;221
1809032;Horyniec-Zdrój;540;529;468;401;376;357;390;382;359;367;379;317;297;249;213;181;178;218;194;158;150;148;135
1809042;Lubaczów;1084;1059;970;890;892;795;834;882;892;864;863;726;629;546;447;395;361;426;376;331;388;319;350
1809053;Narol;844;780;760;694;730;647;671;632;626;621;624;548;476;395;362;324;305;342;293;300;276;272;305
1809063;Oleszyce;822;750;740;674;629;561;606;606;588;567;566;497;414;354;279;276;246;279;264;229;219;212;204
1809072;Stary Dzików;267;263;240;218;187;162;181;196;213;215;211;181;147;129;105;106;87;101;100;84;94;67;63
1809082;Wielkie Oczy;427;429;427;361;359;310;314;295;304;285;345;315;256;269;188;155;144;170;141;140;141;141;151
1810000;Powiat łańcucki;7032;6518;6129;5324;4645;4310;5160;5237;5442;6027;6391;5800;4691;4561;3580;3482;3089;3644;3297;2629;2547;2519;2629
1810011;Łańcut;1431;1274;1232;1037;932;879;1044;1082;1076;1233;1273;1083;901;903;737;679;612;738;628;562;519;561;578
1810022;Białobrzegi;694;652;587;521;441;457;586;564;555;644;652;617;549;531;391;400;379;378;344;285;275;272;247
1810032;Czarna;1096;1007;949;844;738;671;799;785;818;893;1022;937;743;729;593;578;491;614;552;396;417;405;401
1810042;Łańcut;1618;1500;1447;1255;1040;973;1217;1221;1326;1396;1469;1364;1125;1020;819;837;704;897;822;625;640;600;658
1810052;Markowa;521;482;470;444;383;351;390;386;374;441;498;467;347;357;278;271;248;260;223;166;167;149;198
1810062;Rakszawa;863;825;752;651;606;526;619;639;692;775;816;730;548;563;446;403;347;405;398;325;300;293;287
1810072;Żołynia;809;778;692;572;505;453;505;560;601;645;661;602;478;458;316;314;308;352;330;270;229;239;260
1811000;Powiat mielecki;10636;9665;9340;7717;6502;6616;8833;8451;9378;8454;7693;7325;7114;4793;3618;2895;2849;3684;2900;2517;3017;3075;3502
1811011;Mielec;4682;4269;4090;3323;2890;3035;3993;3733;4033;3677;3306;3192;3116;2112;1601;1317;1297;1696;1362;1150;1354;1374;1583
1811022;Borowa;393;391;358;276;235;222;289;324;358;315;272;248;262;164;132;90;98;117;93;80;92;106;107
1811032;Czermin;494;465;447;356;335;314;431;435;497;421;366;370;349;229;157;145;131;176;125;99;120;152;154
1811042;Gawłuszowice;232;200;200;165;136;144;179;174;187;172;138;145;132;84;77;68;62;68;54;40;60;55;77
1811052;Mielec;976;853;866;693;592;608;849;774;877;782;754;674;671;438;347;256;281;333;255;211;293;287;342
1811062;Padew Narodowa;383;363;337;252;214;235;293;306;323;310;304;286;252;154;142;109;119;154;98;87;114;101;117
1811072;Przecław;1211;1078;1054;894;753;720;965;937;1005;927;828;785;758;540;397;309;269;360;312;270;342;325;364
1811083;Radomyśl Wielki;1123;997;995;881;666;592;813;794;943;871;835;778;733;491;339;262;258;352;271;242;281;312;350
1811092;Tuszów Narodowy;659;599;590;503;407;423;610;577;687;558;516;491;487;350;258;206;197;252;183;184;217;215;230
1811102;Wadowice Górne;483;450;403;374;274;323;411;397;468;421;374;356;354;231;168;133;137;176;147;154;144;148;178
1812000;Powiat niżański;6117;5533;5382;4889;4623;4439;5684;5558;5828;6027;6237;5477;4603;4484;4068;3868;3616;3835;3334;3116;3043;2929;2939
1812012;Harasiuki;634;584;579;552;535;472;571;581;606;679;707;618;517;482;437;434;408;395;331;320;293;274;282
1812022;Jarocin;473;443;420;398;375;355;454;408;435;445;455;403;329;333;296;271;265;277;249;250;249;215;214
1812032;Jeżowe;870;859;805;702;691;635;809;827;876;918;959;834;706;712;628;577;557;578;486;435;480;484;502
1812042;Krzeszów;328;283;276;239;243;232;290;281;308;307;344;329;286;248;247;232;210;210;185;193;176;173;180
1812053;Nisko;2050;1766;1739;1513;1448;1421;1931;1848;1926;1941;1944;1719;1372;1402;1270;1193;1098;1212;1061;973;940;886;889
1812063;Rudnik nad Sanem;1034;958;940;862;798;787;940;909;937;980;1054;885;816;756;670;661;612;660;575;540;507;518;487
1812073;Ulanów;728;640;623;623;533;537;689;704;740;757;774;689;577;551;520;500;466;503;447;405;398;379;385
1813000;Powiat przemyski;6498;6214;5968;5514;4889;4552;5564;5735;5584;5986;6400;5470;5036;4663;4068;3691;3465;3836;3711;3084;2963;2958;3036
1813012;Bircza;721;689;611;552;498;466;576;561;619;650;718;616;553;489;444;381;378;381;398;351;305;280;289
1813022;Dubiecko;899;866;777;715;580;527;685;708;668;744;777;670;610;590;530;442;431;481;461;367;363;375;413
1813032;Fredropol;561;527;551;455;399;384;437;462;464;485;485;429;411;353;309;283;277;303;274;216;210;198;233
1813042;Krasiczyn;467;422;428;397;369;328;421;415;405;451;484;385;381;383;320;301;295;287;297;244;243;226;222
1813052;Krzywcza;447;431;412;430;374;321;399;424;401;428;457;399;325;323;286;241;223;260;267;235;215;216;225
1813062;Medyka;570;542;539;496;447;459;554;547;497;508;554;488;446;436;377;354;324;395;357;305;293;278;300
1813072;Orły;729;661;625;592;505;445;598;594;556;602;658;571;533;443;406;413;380;407;370;308;307;330;328
1813082;Przemyśl;756;751;727;675;587;566;682;689;687;787;828;665;637;573;509;439;419;492;474;390;411;401;386
1813092;Stubno;355;356;375;325;299;286;323;341;299;309;327;320;268;270;217;194;199;218;209;167;151;165;144
1813102;Żurawica;993;969;923;877;831;770;889;994;988;1022;1112;927;872;803;670;643;539;612;604;501;465;489;496
1814000;Powiat przeworski;6173;6452;6215;5463;4843;4597;6154;6352;6500;6880;6809;5971;5675;5286;4663;4085;3933;4109;3851;3654;3397;3337;3610
1814011;Przeworsk;1186;1277;1240;1069;979;893;1221;1294;1289;1353;1335;1115;1058;987;897;760;739;776;722;636;575;566;635
1814022;Adamówka;344;351;327;294;259;248;286;288;332;350;335;285;253;235;198;166;139;153;130;142;143;144;146
1814032;Gać;335;344;312;287;238;206;342;329;364;397;378;325;297;285;259;221;221;238;198;208;214;209;222
1814042;Jawornik Polski;449;422;383;362;330;299;349;372;394;406;414;349;312;318;283;239;218;218;220;224;220;210;203
1814053;Kańczuga;1046;1109;1047;949;834;805;1048;1083;1055;1090;1105;1002;885;853;786;734;655;719;669;640;541;537;585
1814062;Przeworsk;1190;1251;1194;1021;901;883;1192;1220;1302;1365;1364;1221;1218;1110;940;834;805;836;780;718;670;673;712
1814073;Sieniawa;536;535;536;471;424;410;506;514;522;549;522;476;422;413;319;306;316;307;261;272;277;270;261
1814082;Tryńcza;594;696;667;564;517;492;695;728;679;775;754;661;710;647;552;461;467;513;498;471;419;384;446
1814092;Zarzecze;493;467;509;446;361;361;515;524;563;595;602;537;520;438;429;364;373;349;373;343;338;344;400
1815000;Powiat ropczycko-sędziszowski;7313;6826;6503;5633;4838;4506;5105;5034;5482;6168;6344;5431;4882;3695;3535;3426;2919;3579;3190;2769;2551;2673;2919
1815012;Iwierzyce;648;592;565;532;474;406;436;429;462;533;568;502;446;364;339;334;304;381;352;330;321;324;329
1815022;Ostrów;851;811;812;673;565;493;580;585;629;738;790;674;586;423;404;387;318;382;358;306;268;291;326
1815033;Ropczyce;2714;2508;2388;2058;1650;1526;1818;1753;1977;2216;2212;1866;1714;1316;1285;1195;951;1202;1005;844;797;844;962
1815043;Sędziszów Małopolski;2261;2116;1979;1651;1450;1433;1575;1580;1697;1962;2014;1773;1606;1174;1118;1114;1024;1237;1099;1001;907;930;978
1815052;Wielopole Skrzyńskie;839;799;759;719;699;648;696;687;717;719;760;616;530;418;389;396;322;377;376;288;258;284;324
1816000;Powiat rzeszowski;11948;11722;11597;9978;9280;6737;7839;8233;8671;9561;10011;9421;8878;7596;6604;6405;5711;6691;5678;4962;4670;4540;4992
1816011;Dynów;556;544;516;496;497;432;443;470;502;540;515;495;483;437;373;382;347;372;347;307;291;287;303
1816023;Błażowa;636;642;631;599;552;396;502;519;552;561;578;537;479;395;355;352;328;382;316;298;275;282;302
1816032;Boguchwała;1303;1302;1244;1063;1022;667;796;828;890;964;1017;966;982;822;745;646;575;722;609;544;511;488;555
1816042;Chmielnik;449;462;432;395;367;263;320;333;322;371;364;335;311;242;210;222;213;241;184;146;160;163;168
1816052;Dynów;536;513;496;456;449;391;459;439;464;520;540;503;450;400;370;392;330;344;332;302;278;258;296
1816063;Głogów Małopolski;1274;1266;1217;1081;976;701;833;884;931;1024;1142;1059;1035;836;713;673;608;714;552;493;487;447;544
1816072;Hyżne;520;506;479;431;403;265;277;306;327;366;415;370;363;285;235;252;216;275;236;228;215;189;211
1816082;Kamień;443;425;428;427;408;351;386;435;475;474;510;451;438;400;330;303;306;328;283;222;209;226;198
1816092;Krasne;986;953;967;583;516;408;442;475;487;576;583;527;492;438;398;389;359;436;388;311;277;292;339
1816102;Lubenia;515;498;475;436;405;350;390;386;438;488;481;453;439;365;285;291;248;267;240;180;178;149;189
1816113;Sokołów Małopolski;1241;1196;1221;1065;1028;804;937;957;1016;1115;1128;1084;1018;911;821;761;733;803;675;626;589;558;563
1816122;Świlcza;1226;1162;1242;976;831;561;685;720;745;852;930;883;822;725;611;589;515;603;486;437;382;371;412
1816132;Trzebownisko;1245;1277;1262;1071;979;588;745;933;959;1046;1118;1066;989;787;689;677;595;766;654;565;515;535;583
1816143;Tyczyn;1018;976;987;899;847;560;624;548;563;664;690;692;577;553;469;476;338;438;376;303;303;295;329
1817000;Powiat sanocki;9087;8329;6807;5944;5177;3944;5252;5394;5093;5430;5798;5228;4036;3712;3003;2822;2741;2969;2488;2644;2737;2881;3068
1817011;Sanok;3436;3174;2564;2241;2000;1576;2096;2192;2049;2081;2229;1968;1481;1376;1115;1056;995;1143;931;970;999;1006;1111
1817022;Besko;460;417;361;295;258;175;258;269;241;257;286;258;207;190;168;133;135;151;114;126;126;133;147
1817032;Bukowsko;471;444;372;332;276;212;290;296;299;309;329;308;213;183;151;135;135;138;117;124;150;151;171
1817042;Komańcza;534;498;368;320;255;213;322;293;283;344;340;315;259;248;190;192;203;171;164;177;158;149;156
1817052;Sanok;1731;1549;1255;1128;972;725;894;964;891;986;1087;966;753;706;572;533;540;598;489;525;568;572;620
1817062;Tyrawa Wołoska;244;221;174;166;131;113;116;114;102;134;128;132;113;105;73;72;66;66;66;79;70;90;90
1817073;Zagórz;1333;1224;994;867;772;542;811;782;742;787;811;738;579;543;417;423;408;403;350;360;364;430;419
1817082;Zarszyn;878;802;719;595;513;388;465;484;486;532;588;543;431;361;317;278;259;299;257;283;302;350;354
1818000;Powiat stalowowolski;7977;7251;6779;5671;4559;4700;7085;6696;6591;6818;6745;5460;4215;3082;2668;2417;2077;2778;2204;1841;1943;2098;2445
1818011;Stalowa Wola;4833;4312;4042;3286;2661;2811;4170;3900;3764;3876;3739;3023;2327;1726;1492;1332;1203;1634;1248;1041;1112;1192;1395
1818022;Bojanów;587;523;481;446;359;349;512;485;508;530;504;433;337;217;193;170;124;201;160;118;136;142;168
1818032;Pysznica;556;513;445;387;327;336;514;468;488;525;529;435;364;265;212;203;165;232;205;171;184;217;254
1818042;Radomyśl nad Sanem;555;515;475;408;309;306;472;442;451;479;514;417;307;224;202;185;151;177;152;133;130;159;159
1818052;Zaklików;666;613;561;510;436;436;686;716;707;716;737;582;462;360;293;253;213;234;185;168;183;185;210
1818062;Zaleszany;780;775;775;634;467;462;731;685;673;692;722;570;418;290;276;274;221;300;254;210;198;203;259
1819000;Powiat strzyżowski;7076;6631;6802;6297;5754;5163;5763;5958;6024;6288;6530;5869;5448;4746;4021;3730;3441;3830;3535;3266;3125;3113;3182
1819012;Czudec;1227;1185;1257;1202;1072;957;1070;1089;1093;1143;1250;1094;1015;883;777;734;642;763;704;631;629;581;591
1819022;Frysztak;1284;1169;1166;1028;943;941;1091;1133;1137;1217;1194;1099;1067;932;785;730;684;727;696;675;637;635;641
1819032;Niebylec;1223;1140;1165;1032;982;835;897;939;967;1005;1089;1004;908;796;697;658;617;654;600;533;527;501;524
1819043;Strzyżów;2261;2105;2141;2040;1852;1651;1866;1936;1901;1980;2036;1830;1710;1473;1203;1090;998;1121;1044;981;908;969;974
1819052;Wiśniowa;1081;1032;1073;995;905;779;839;861;926;943;961;842;748;662;559;518;500;565;491;446;424;427;452
1820000;Powiat tarnobrzeski;4674;4236;4042;3480;2943;2931;3727;3165;3271;3488;3293;2892;2542;2331;1803;1526;1472;1721;1610;1284;1251;1243;1422
1820013;Baranów Sandomierski;979;932;929;794;678;667;853;775;798;803;656;625;594;548;455;379;371;427;378;337;337;319;331
1820022;Gorzyce;1122;999;977;853;716;701;953;719;739;778;744;628;552;530;434;398;376;441;419;327;324;333;405
1820032;Grębów;941;857;802;694;581;557;702;627;660;736;754;630;534;468;376;317;336;351;355;273;247;240;269
1820043;Nowa Dęba;1632;1448;1334;1139;968;1006;1219;1044;1074;1171;1139;1009;862;785;538;432;389;502;458;347;343;351;417
1821000;Powiat leski;3040;2838;2774;2611;2351;2308;2595;2734;2763;2767;2878;2668;2486;2413;2026;1923;1852;1944;1745;1747;1716;1726;1754
1821012;Baligród;416;374;340;355;284;279;311;322;328;290;332;312;288;281;223;234;212;222;198;184;187;204;209
1821022;Cisna;209;185;197;183;205;199;210;230;243;215;224;221;212;217;185;162;166;189;146;155;170;182;175
1821033;Lesko;1156;1085;1081;985;907;915;985;1082;1097;1085;1140;1010;918;916;762;719;672;722;657;657;617;636;647
1821042;Olszanica;622;587;545;525;453;438;513;518;514;565;581;534;507;457;378;364;362;380;342;339;335;315;334
1821052;Solina;637;607;611;563;502;477;576;582;581;612;601;591;561;542;478;444;440;431;402;412;407;389;389
1861000;Powiat m. Krosno;2891;2536;2619;2165;1574;1730;2230;2305;2208;2600;2604;2123;1796;1415;1003;789;695;947;701;720;790;814;1024
1861011;Krosno;2891;2536;2619;2165;1574;1730;2230;2305;2208;2600;2604;2123;1796;1415;1003;789;695;947;701;720;790;814;1024
1862000;Powiat m. Przemyśl;6153;5759;5748;5282;4824;4779;5397;5413;5337;5220;5071;4706;4100;3866;3439;3088;2851;3076;2907;2487;2346;2338;2445
1862011;Przemyśl;6153;5759;5748;5282;4824;4779;5397;5413;5337;5220;5071;4706;4100;3866;3439;3088;2851;3076;2907;2487;2346;2338;2445
1863000;Powiat m. Rzeszów;8839;8671;8559;7880;7312;5993;7389;8199;8428;9124;9380;8715;8463;7884;6834;6571;6181;7419;6294;5452;5033;4957;5318
1863011;Rzeszów;8839;8671;8559;7880;7312;5993;7389;8199;8428;9124;9380;8715;8463;7884;6834;6571;6181;7419;6294;5452;5033;4957;5318
1864000;Powiat m. Tarnobrzeg;4229;3763;3685;3034;2647;2587;2983;2818;2902;3097;2962;2749;2351;2083;1705;1473;1284;1492;1424;1065;1065;999;1167
1864011;Tarnobrzeg;4229;3763;3685;3034;2647;2587;2983;2818;2902;3097;2962;2749;2351;2083;1705;1473;1284;1492;1424;1065;1065;999;1167
2000000;PODLASKIE;81274;76125;73193;61773;48796;45821;61169;63761;65920;68705;70889;60394;55019;48361;39997;36786;33277;37830;33374;31185;30992;30354;32402
2001000;Powiat augustowski;5610;5275;4973;4421;3667;3376;3859;4016;4127;4177;4232;3597;3258;2539;2138;2157;2123;2318;2037;2128;2159;2124;2141
2001011;Augustów;3062;2796;2679;2358;1936;1818;2098;2202;2236;2232;2206;1895;1644;1226;1103;1148;1076;1230;1046;1133;1180;1181;1171
2001022;Augustów;477;466;428;401;304;301;360;380;398;402;404;338;333;261;202;203;216;221;184;190;199;189;209
2001032;Bargłów Kościelny;402;402;395;374;305;263;322;336;347;371;356;319;298;247;188;195;198;204;195;201;196;197;196
2001043;Lipsk;699;692;594;464;427;364;411;396;419;423;465;381;346;304;245;210;209;227;206;184;200;180;172
2001052;Nowinka;226;220;216;186;159;148;167;184;175;184;190;161;150;111;89;82;107;113;101;111;89;90;116
2001062;Płaska;295;301;272;264;225;215;226;207;227;234;238;212;218;174;142;127;134;142;126;138;133;133;134
2001072;Sztabin;449;398;389;374;311;267;275;311;325;331;373;291;269;216;169;192;183;181;179;171;162;154;143
2002000;Powiat białostocki;8551;7674;7733;6291;4999;4984;7614;8054;8053;8658;8788;7639;6845;5949;5010;4419;3961;5002;4485;3753;3752;3655;3927
2002013;Choroszcz;645;599;565;447;353;353;575;588;646;724;711;661;565;452;358;316;273;401;385;297;302;302;342
2002023;Czarna Białostocka;899;792;793;635;496;444;709;777;762;797;796;631;504;450;368;335;272;394;346;252;249;294;295
2002032;Dobrzyniewo Duże;438;391;401;317;238;231;314;374;382;400;448;373;330;284;256;203;192;259;220;193;217;177;197
2002042;Gródek;486;461;483;423;316;294;424;476;495;453;452;394;387;293;260;246;202;255;236;212;195;200;205
2002052;Juchnowiec Kościelny;758;688;679;542;426;411;630;709;724;840;833;712;636;531;475;398;379;513;439;375;389;393;413
2002063;Łapy;1667;1381;1452;1271;1023;1204;1939;1842;1630;1715;1695;1513;1475;1340;1177;1040;930;1011;879;737;710;705;738
2002072;Michałowo;544;502;501;416;361;333;429;455;434;493;517;435;375;354;260;247;213;268;233;187;203;186;179
2002082;Poświętne;200;183;163;154;130;122;157;175;161;179;189;178;160;144;137;114;121;122;121;81;80;87;89
2002093;Supraśl;666;633;719;558;413;436;654;708;757;831;819;726;676;572;458;397;356;457;430;351;344;339;163
2002103;Suraż;101;84;64;68;69;60;91;96;106;103;107;100;74;89;63;63;65;71;63;64;60;56;58
2002112;Turośń Kościelna;300;249;229;217;182;150;217;250;254;276;284;272;234;241;191;187;190;217;201;181;163;147;158
2002123;Tykocin;262;249;224;186;160;132;208;226;254;291;324;247;193;162;150;122;119;151;126;114;117;105;100
2002133;Wasilków;819;739;743;574;456;455;756;803;843;910;956;837;712;598;507;439;401;515;479;419;431;417;481
2002143;Zabłudów;673;648;636;411;313;311;447;502;519;567;571;494;458;378;303;257;211;321;273;242;242;212;232
2002152;Zawady;93;75;81;72;63;48;64;73;86;79;86;66;66;61;47;55;37;47;54;48;50;35;40
2002162;Grabówka;;;;;;;;;;;;;;;;;;;;;;;237
2003000;Powiat bielski;3000;2612;2629;2279;1912;1611;2072;2140;2104;2180;2485;2059;1816;1667;1497;1310;1147;1202;858;832;875;915;977
2003011;Bielsk Podlaski;1772;1551;1593;1385;1166;1020;1359;1336;1217;1218;1377;1156;970;897;825;678;584;653;460;448;499;522;558
2003021;Brańsk;187;163;140;122;92;95;115;138;156;189;175;129;137;119;91;91;80;72;57;46;44;53;47
2003032;Bielsk Podlaski;281;254;269;230;184;153;183;207;197;187;234;209;195;184;165;152;140;144;107;111;99;109;129
2003042;Boćki;141;103;113;102;93;70;75;95;105;121;147;129;103;104;74;87;76;73;40;52;52;51;64
2003052;Brańsk;135;108;102;76;67;47;73;79;98;115;139;121;105;92;82;85;66;54;38;43;44;46;41
2003062;Orla;178;171;160;132;125;104;112;104;99;121;125;92;91;87;95;79;63;55;47;39;44;50;46
2003072;Rudka;103;98;95;74;68;33;48;59;93;92;113;89;85;75;66;55;57;62;44;37;36;29;25
2003082;Wyszki;203;164;157;158;117;89;107;122;139;137;175;134;130;109;99;83;81;89;65;56;57;55;67
2004000;Powiat grajewski;5167;4996;4793;4479;3880;3127;3876;4227;4210;4112;4165;3685;3246;3082;2560;2389;2059;2081;1869;1838;1748;1742;1688
2004011;Grajewo;2686;2585;2553;2290;1964;1638;2052;2164;2190;2108;2119;1846;1601;1530;1325;1211;1064;1072;954;954;896;875;850
2004022;Grajewo;507;485;454;438;362;302;395;449;441;445;445;398;348;340;262;243;193;204;203;209;207;199;185
2004032;Radziłów;345;346;318;308;284;208;245;275;270;271;265;235;217;201;159;183;149;134;128;110;118;147;148
2004043;Rajgród;539;540;488;510;433;337;415;492;490;448;466;416;387;349;292;263;234;246;202;209;186;188;179
2004053;Szczuczyn;744;689;660;612;556;451;535;573;558;564;593;534;451;448;346;325;285;289;253;236;220;213;205
2004062;Wąsosz;346;351;320;321;281;191;234;274;261;276;277;256;242;214;176;164;134;136;129;120;121;120;121
2005000;Powiat hajnowski;2572;2375;2542;2121;1542;1728;2392;2108;2039;2297;2303;1859;1715;1658;1300;1297;1127;1325;1186;1179;1216;1158;1195
2005011;Hajnówka;1373;1298;1325;1141;767;916;1219;1065;1016;1183;1075;834;762;729;539;599;496;636;549;538;595;601;615
2005022;Białowieża;118;124;152;121;103;110;148;127;136;149;145;128;131;100;95;82;83;90;81;72;69;64;72
2005032;Czeremcha;207;185;207;169;139;166;222;182;171;181;223;176;157;160;129;122;110;124;110;127;109;95;102
2005042;Czyże;53;52;51;53;37;37;52;38;37;44;45;45;50;44;36;39;31;34;41;44;38;27;40
2005052;Dubicze Cerkiewne;86;64;80;67;53;62;72;75;60;56;62;55;48;55;45;39;37;42;42;37;35;33;34
2005062;Hajnówka;188;146;166;140;98;100;150;146;148;170;166;136;121;126;93;94;87;100;88;96;96;90;87
2005073;Kleszczele;144;119;139;116;83;86;127;110;107;113;133;114;96;86;91;80;68;67;69;70;72;60;63
2005082;Narew;177;160;169;130;115;124;190;189;186;201;215;182;184;184;148;138;107;121;110;92;102;91;87
2005092;Narewka;226;227;253;184;147;127;212;176;178;200;239;189;166;174;124;104;108;111;96;103;100;97;95
2006000;Powiat kolneński;3569;3524;3003;2723;2331;2378;3044;3065;3116;3168;3360;2918;2718;2689;2477;2289;2247;2277;2230;2195;2056;1847;1768
2006011;Kolno;1208;1231;1027;996;802;844;1101;1133;1171;1096;1167;901;864;789;713;659;638;641;607;611;559;500;495
2006022;Grabowo;235;235;213;187;164;177;194;202;196;218;214;204;198;194;169;171;140;157;163;140;144;111;111
2006032;Kolno;762;720;643;529;477;480;610;632;594;658;712;662;597;584;548;482;521;544;508;515;486;448;412
2006042;Mały Płock;381;374;286;275;260;277;341;352;392;428;464;383;347;360;315;297;273;258;280;268;241;213;187
2006053;Stawiski;443;440;381;352;298;292;355;343;357;345;360;363;312;343;339;309;297;293;316;295;266;248;255
2006062;Turośl;540;524;453;384;330;308;443;403;406;423;443;405;400;419;393;371;378;384;356;366;360;327;308
2007000;Powiat łomżyński;3473;3184;3001;2363;2013;1564;2041;2169;2417;2555;2726;2523;2292;2051;1663;1361;1226;1202;915;941;939;919;1065
2007013;Jedwabne;296;277;270;223;172;144;196;203;233;230;237;203;211;193;157;129;103;108;77;84;86;75;73
2007022;Łomża;753;715;650;512;446;354;460;506;557;584;582;561;518;434;372;310;293;295;235;236;217;223;274
2007032;Miastkowo;338;306;310;261;223;152;193;214;211;229;287;280;245;236;189;134;124;137;88;88;95;83;121
2007043;Nowogród;296;268;289;173;163;142;182;186;236;233;256;247;203;166;148;116;109;104;96;86;80;76;94
2007052;Piątnica;718;638;595;448;382;278;375;436;442;505;493;478;412;403;302;268;231;215;159;176;181;213;215
2007062;Przytuły;75;67;56;61;49;36;57;65;69;65;87;76;74;58;41;32;26;35;27;31;30;26;23
2007072;Śniadowo;316;309;270;188;146;116;153;169;223;230;243;220;188;179;143;109;114;82;64;74;78;75;92
2007082;Wizna;288;257;231;210;166;150;176;153;187;207;231;198;197;152;123;117;76;87;64;59;62;60;56
2007092;Zbójna;393;347;330;287;266;192;249;237;259;272;310;260;244;230;188;146;150;139;105;107;110;88;117
2008000;Powiat moniecki;2018;1997;1956;1680;1436;1368;1691;1829;2006;2114;2149;1887;1880;1415;1084;1137;1021;1077;922;905;903;861;883
2008013;Goniądz;275;268;282;231;217;206;241;241;272;282;283;254;233;190;148;145;119;134;127;130;113;111;121
2008022;Jasionówka;114;111;97;96;67;77;94;100;101;123;125;108;98;81;71;76;77;76;62;55;57;62;58
2008032;Jaświły;142;142;127;95;81;78;113;114;143;159;163;158;160;130;80;87;91;94;72;81;86;84;79
2008043;Knyszyn;245;273;290;263;236;228;251;295;301;328;329;304;327;237;175;173;142;127;109;128;137;122;109
2008052;Krypno;134;128;148;121;111;101;130;153;161;171;201;149;178;137;101;127;100;118;97;88;96;81;94
2008063;Mońki;938;908;861;750;623;581;726;794;848;865;842;751;716;516;399;417;391;417;370;346;328;329;356
2008072;Trzcianne;170;167;151;124;101;97;136;132;180;186;206;163;168;124;110;112;101;111;85;77;86;72;66
2009000;Powiat sejneński;2354;2328;2193;1887;1668;1547;1687;1700;2084;1832;1890;1337;1449;1376;1151;1090;1052;1146;1053;963;1006;1011;942
2009011;Sejny;813;808;751;667;518;511;538;528;703;571;579;398;442;420;346;352;308;351;312;280;275;312;293
2009022;Giby;371;361;343;300;270;242;276;282;334;302;309;215;260;231;198;168;183;193;170;169;180;159;142
2009032;Krasnopol;366;351;358;292;290;256;290;275;331;325;342;224;253;250;214;182;176;192;181;162;166;163;144
2009042;Puńsk;399;383;352;300;276;244;278;289;325;310;313;224;220;216;173;180;180;189;177;162;178;169;157
2009052;Sejny;405;425;389;328;314;294;305;326;391;324;347;276;274;259;220;208;205;221;213;190;207;208;206
2010000;Powiat siemiatycki;1782;1843;1916;1933;1397;1192;1406;1552;1630;1703;1863;1761;1655;1553;1374;1189;1041;997;921;873;912;908;907
2010011;Siemiatycze;746;755;778;764;524;447;554;594;628;655;710;649;606;544;473;411;351;351;298;306;340;325;322
2010023;Drohiczyn;166;193;199;173;147;108;125;148;158;181;207;189;198;186;160;141;133;132;120;106;115;110;110
2010032;Dziadkowice;74;71;87;85;67;49;48;77;82;71;77;83;71;71;69;64;62;59;55;45;46;46;46
2010042;Grodzisk;94;95;79;97;71;52;66;85;77;94;100;99;96;92;81;70;67;69;66;66;63;70;65
2010052;Mielnik;86;106;105;109;78;80;78;85;80;82;94;93;77;65;72;50;54;42;48;46;47;46;53
2010062;Milejczyce;79;91;102;110;86;75;80;83;95;99;105;94;85;96;78;67;57;51;51;40;48;55;57
2010072;Nurzec-Stacja;271;270;303;309;242;221;243;241;271;258;281;290;273;266;236;191;155;141;131;139;123;122;111
2010082;Perlejewo;60;61;53;59;33;23;43;48;41;61;73;62;64;59;52;49;43;35;36;30;35;24;28
2010092;Siemiatycze;206;201;210;227;149;137;169;191;198;202;216;202;185;174;153;146;119;117;116;95;95;110;115
2011000;Powiat sokólski;6224;5587;5366;4714;3864;3787;4440;4618;4794;4793;5043;4355;4175;3557;3045;3045;2727;2928;2660;2449;2445;2313;2452
2011013;Dąbrowa Białostocka;1143;1058;1026;946;832;861;902;949;974;963;1002;844;809;653;519;561;528;581;501;475;465;417;444
2011022;Janów;202;201;180;168;139;117;153;151;155;153;172;155;148;146;115;109;98;99;83;79;73;77;88
2011032;Korycin;140;130;133;82;68;75;111;110;110;112;129;103;104;87;96;83;60;76;78;74;75;60;63
2011042;Krynki;420;384;344;317;254;213;260;251;271;321;314;277;281;257;230;228;209;214;214;200;178;148;153
2011052;Kuźnica;429;378;353;324;248;189;236;245;274;279;311;298;286;266;220;221;189;197;179;176;173;182;192
2011062;Nowy Dwór;231;214;231;211;190;178;190;207;188;183;192;181;177;149;136;145;132;151;136;123;103;105;104
2011072;Sidra;310;280;262;224;199;152;175;184;204;206;228;203;212;174;144;128;113;120;98;97;116;105;104
2011083;Sokółka;2531;2260;2153;1832;1412;1525;1863;1935;1994;1899;2014;1688;1606;1299;1123;1139;1003;1048;945;853;905;865;945
2011093;Suchowola;484;399;424;382;324;316;354;391;408;439;441;387;366;326;288;278;256;287;273;229;230;233;232
2011102;Szudziałowo;334;283;260;228;198;161;196;195;216;238;240;219;186;200;174;153;139;155;153;143;127;121;127
2012000;Powiat suwalski;2658;2412;2162;1811;1081;957;1346;1327;1359;1484;1546;1006;965;844;644;574;548;605;540;574;582;598;635
2012012;Bakałarzewo;180;174;158;133;79;69;99;92;93;105;115;68;54;58;43;46;41;49;42;49;47;54;47
2012022;Filipów;476;417;400;361;221;198;268;248;260;267;273;181;168;155;106;99;82;84;83;93;97;94;105
2012032;Jeleniewo;196;219;171;143;74;74;106;91;109;118;114;64;80;64;50;34;40;43;30;37;43;37;37
2012042;Przerośl;200;189;180;176;98;72;108;102;103;122;141;89;92;81;66;47;52;49;49;50;46;51;53
2012052;Raczki;474;426;379;327;168;149;196;222;193;227;244;134;149;107;82;78;82;97;77;80;73;82;89
2012062;Rutka-Tartak;154;124;117;84;45;38;64;65;81;85;85;60;48;46;31;25;23;22;20;22;33;26;30
2012072;Suwałki;520;447;393;295;193;191;271;284;293;315;330;244;218;206;152;142;130;143;138;136;154;149;153
2012082;Szypliszki;284;245;205;154;118;108;164;161;155;161;159;103;98;77;72;59;66;79;61;70;59;74;91
2012092;Wiżajny;174;171;159;138;85;58;70;62;72;84;85;63;58;50;42;44;32;39;40;37;30;31;30
2013000;Powiat wysokomazowiecki;3260;3238;2999;2365;1951;1715;1893;2115;2330;2378;2515;2058;2079;1847;1608;1567;1545;1595;1490;1547;1512;1541;1516
2013011;Wysokie Mazowieckie;704;720;613;472;420;333;424;470;451;469;486;381;383;346;297;260;247;281;249;256;245;263;269
2013023;Ciechanowiec;518;531;505;429;377;330;343;396;422;390;444;385;381;349;287;271;289;297;267;236;231;251;239
2013032;Czyżew-Osada;372;354;324;274;212;186;179;237;282;275;263;190;235;186;170;178;159;164;172;171;171;183;180
2013042;Klukowo;217;226;227;172;130;107;106;117;150;141;165;134;150;130;132;133;137;132;122;133;126;112;106
2013052;Kobylin-Borzymy;97;86;85;59;44;37;52;54;59;82;67;59;74;57;32;37;50;58;48;42;46;49;54
2013062;Kulesze Kościelne;142;154;144;109;80;84;89;98;122;118;119;113;97;81;67;61;65;73;69;76;81;74;75
2013072;Nowe Piekuty;169;138;131;92;86;91;98;120;123;132;138;121;123;98;81;69;79;63;77;80;74;76;75
2013082;Sokoły;354;354;327;270;194;185;195;184;231;252;270;238;200;209;175;172;169;154;138;156;149;163;160
2013092;Szepietowo;453;459;417;336;266;243;262;294;320;332;362;313;298;269;254;255;227;247;220;259;266;241;249
2013102;Wysokie Mazowieckie;234;216;226;152;142;119;145;145;170;187;201;124;138;122;113;131;123;126;128;138;123;129;109
2014000;Powiat zambrowski;3423;3509;3527;2870;2405;2246;2669;2530;2725;3006;2851;2401;2187;1859;1612;1357;1138;1149;1072;1071;1010;1036;1170
2014011;Zambrów;2048;2114;2133;1657;1379;1325;1659;1508;1608;1782;1710;1430;1334;1108;1014;876;743;775;684;677;652;672;752
2014022;Kołaki Kościelne;85;84;86;75;66;68;86;63;81;96;102;63;71;54;40;33;25;25;34;38;32;30;27
2014032;Rutki;540;564;536;505;432;355;360;380;393;407;392;334;284;258;212;158;113;115;97;106;106;106;132
2014042;Szumowo;264;266;257;196;178;163;180;187;225;239;221;187;146;140;103;78;70;67;69;64;59;75;70
2014052;Zambrów;486;481;515;437;350;335;384;392;418;482;426;387;352;299;243;212;187;167;188;186;161;153;189
2061000;Powiat m. Białystok;16231;15160;14857;12064;9113;9174;14086;15249;15526;16545;17234;14772;13204;11321;8877;8001;7072;9110;8125;6923;6761;6708;7701
2061011;Białystok;16231;15160;14857;12064;9113;9174;14086;15249;15526;16545;17234;14772;13204;11321;8877;8001;7072;9110;8125;6923;6761;6708;7701
2062000;Powiat m. Łomża;5226;4945;4584;3710;2935;2594;3487;3653;3859;3976;4095;3751;3156;2878;2318;2062;1814;2002;1574;1513;1524;1465;1678
2062011;Łomża;5226;4945;4584;3710;2935;2594;3487;3653;3859;3976;4095;3751;3156;2878;2318;2062;1814;2002;1574;1513;1524;1465;1678
2063000;Powiat m. Suwałki;6156;5466;4959;4062;2602;2473;3566;3409;3541;3727;3644;2786;2379;2076;1639;1542;1429;1814;1437;1501;1592;1553;1757
2063011;Suwałki;6156;5466;4959;4062;2602;2473;3566;3409;3541;3727;3644;2786;2379;2076;1639;1542;1429;1814;1437;1501;1592;1553;1757
2200000;POMORSKIE;191525;179658;159900;125951;86904;67771;100267;104694;106667;114644;114148;96752;77662;64132;49653;46082;41817;56216;47682;42401;42807;42924;49666
2201000;Powiat bytowski;11273;11201;10743;9508;6383;5698;6569;6715;6782;7130;7206;6312;5302;4317;3104;2907;2739;2838;2635;2764;2756;2543;2793
2201012;Borzytuchom;399;381;388;385;233;167;212;222;193;222;268;234;199;149;105;118;104;119;95;104;114;109;143
2201023;Bytów;3061;3072;2894;2397;1520;1588;1696;1686;1748;1884;1897;1581;1359;1084;736;664;640;625;603;704;661;623;694
2201032;Czarna Dąbrówka;1108;1042;1001;970;696;405;483;515;578;626;645;535;440;348;246;236;235;269;219;209;240;231;222
2201042;Kołczygłowy;699;728;696;626;354;319;379;395;360;407;428;352;311;233;163;152;145;156;158;157;135;133;184
2201052;Lipnica;576;536;529;563;361;235;261;255;287;347;303;303;288;227;134;156;125;104;107;110;114;105;126
2201063;Miastko;3212;3283;3129;2699;2026;1942;2332;2391;2346;2286;2288;2156;1711;1506;1160;1056;1087;1098;1030;1003;1014;908;969
2201072;Parchowo;433;434;449;420;254;196;225;263;260;275;285;229;212;147;88;104;76;102;104;112;102;89;102
2201082;Studzienice;466;484;452;439;249;200;217;221;265;281;292;234;199;150;89;87;72;82;75;83;93;87;70
2201092;Trzebielino;760;658;676;550;415;393;445;468;445;493;500;431;340;293;250;216;161;170;144;134;141;135;154
2201102;Tuchomie;559;583;529;459;275;253;319;299;300;309;300;257;243;180;133;118;94;113;100;148;142;123;129
2202000;Powiat chojnicki;11100;10121;9766;8788;6200;5103;6676;7039;7554;7585;7421;6348;5387;4526;3462;3213;2921;3156;3053;3071;3149;3133;3490
2202011;Chojnice;4335;3855;3648;3166;2224;1860;2662;2779;2969;2914;2739;2290;1838;1527;1148;952;846;966;948;903;869;922;1103
2202023;Brusy;1773;1691;1569;1394;958;658;843;946;1080;1074;1076;959;844;628;501;556;538;526;502;558;551;536;581
2202032;Chojnice;1920;1838;1740;1595;1062;887;1242;1387;1487;1557;1523;1239;1017;896;704;674;582;657;624;625;645;620;647
2202043;Czersk;2826;2523;2586;2432;1780;1578;1780;1783;1856;1864;1917;1720;1552;1368;1018;937;858;918;880;889;1000;979;1080
2202052;Konarzyny;246;214;223;201;176;120;149;144;162;176;166;140;136;107;91;94;97;89;99;96;84;76;79
2203000;Powiat człuchowski;8500;7696;6639;5524;4118;4298;5064;5132;4863;4817;4927;4261;3737;3058;2380;1883;1793;2236;2091;1853;1791;1760;1970
2203011;Człuchów;1889;1652;1404;1155;787;825;1009;1024;841;944;951;841;689;587;451;385;358;463;390;382;364;354;387
2203023;Czarne;1482;1359;1183;953;721;718;852;887;971;812;882;741;678;504;387;307;273;359;344;265;245;242;275
2203032;Człuchów;1515;1307;1130;1109;731;763;961;970;844;1000;1013;890;706;646;482;381;397;450;392;371;360;367;425
2203043;Debrzno;1508;1447;1208;996;909;925;1032;1014;916;916;981;830;798;595;485;366;347;425;401;388;372;350;382
2203052;Koczała;592;594;540;396;284;349;369;374;359;331;333;290;275;216;189;136;138;164;183;136;121;107;117
2203062;Przechlewo;924;807;694;567;429;438;511;513;497;482;440;360;320;290;205;171;176;229;243;191;206;214;234
2203072;Rzeczenica;590;530;480;348;257;280;330;350;435;332;327;309;271;220;181;137;104;146;138;120;123;126;150
2204000;Powiat gdański;5686;5222;4050;2640;1524;1018;2174;2521;2504;3135;3428;3070;2346;2162;1861;1718;1610;2362;2061;1624;1709;1691;2010
2204011;Pruszcz Gdański;1347;1172;890;565;373;243;563;653;641;815;802;727;543;511;444;414;393;582;513;387;374;394;485
2204022;Cedry Wielkie;565;501;397;285;157;86;167;205;210;250;299;255;188;174;152;147;135;184;139;106;123;130;132
2204032;Kolbudy;652;638;460;307;176;136;269;313;301;353;407;375;287;245;224;207;215;290;278;215;235;250;269
2204042;Pruszcz Gdański;1109;1031;820;529;292;217;440;506;503;676;752;679;532;514;443;423;395;622;488;378;440;411;525
2204052;Przywidz;352;335;286;193;108;79;142;164;161;187;209;217;164;141;117;114;86;113;137;109;116;93;130
2204062;Pszczółki;589;509;389;258;133;83;193;217;239;274;310;259;197;168;149;122;125;200;167;155;145;138;162
2204072;Suchy Dąb;289;286;237;162;94;55;122;135;135;165;182;147;140;136;99;94;81;117;97;77;72;76;88
2204082;Trąbki Wielkie;783;750;571;341;191;119;278;328;314;415;467;411;295;273;233;197;180;254;242;197;204;199;219
2205000;Powiat kartuski;7751;7301;6735;4992;3334;2349;3735;4545;4614;4828;5060;3725;2542;2022;1725;1490;1316;2134;1955;1745;1482;1360;1894
2205012;Chmielno;520;499;424;353;216;140;171;248;287;330;378;260;180;146;117;103;87;128;130;109;86;78;105
2205023;Kartuzy;2449;2307;2123;1524;1067;764;1209;1418;1348;1381;1445;1097;748;617;458;384;355;585;534;515;438;383;558
2205032;Przodkowo;376;349;345;243;179;110;204;228;288;305;279;190;136;121;106;100;68;128;129;110;94;89;114
2205042;Sierakowice;1263;1154;1054;796;534;365;574;682;616;629;677;512;314;276;225;205;198;285;263;250;198;197;263
2205052;Somonino;748;740;660;459;307;245;368;472;499;492;546;414;247;174;165;140;128;205;176;153;148;116;186
2205062;Stężyca;647;611;576;470;266;181;325;397;390;434;481;344;248;171;165;133;111;161;168;149;118;133;154
2205072;Sulęczyno;331;350;337;278;166;125;174;203;229;249;254;197;133;90;85;78;64;93;84;75;58;60;68
2205083;Żukowo;1417;1291;1216;869;599;419;710;897;957;1008;1000;711;536;427;404;347;305;549;471;384;342;304;446
2206000;Powiat kościerski;6344;5985;5702;5114;3836;3275;4036;4067;4071;4115;4117;3489;2776;2303;1853;1829;1697;2161;1791;1908;1948;1876;2186
2206011;Kościerzyna;2255;2052;1879;1657;1228;1070;1410;1365;1352;1378;1384;1188;899;766;624;665;578;765;571;631;646;615;791
2206022;Dziemiany;327;285;318;295;213;219;237;252;242;255;224;214;186;128;100;94;100;108;91;121;131;120;134
2206032;Karsin;541;541;518;500;404;385;415;362;408;388;387;299;272;216;176;164;148;157;150;159;179;173;180
2206042;Kościerzyna;1212;1178;1150;1024;777;672;818;836;835;852;828;734;554;479;388;379;359;459;408;433;427;414;461
2206052;Liniewo;473;462;424;397;292;207;251;291;285;281;290;229;195;163;131;129;128;152;132;126;134;122;133
2206062;Lipusz;276;265;297;234;160;152;189;194;178;178;185;135;115;100;80;82;80;116;94;95;98;79;103
2206072;Nowa Karczma;632;591;521;470;383;286;353;377;367;385;388;331;264;229;187;177;158;225;192;193;177;189;215
2206082;Stara Kiszewa;628;611;595;537;379;284;363;390;404;398;431;359;291;222;167;139;146;179;153;150;156;164;169
2207000;Powiat kwidzyński;8565;8297;7150;5480;3875;3215;4531;4076;5371;6133;5386;3961;2891;2710;2029;1720;1756;2289;2106;1711;2063;2128;2305
2207011;Kwidzyn;3242;3058;2593;2006;1417;1292;1781;1619;2162;2474;2137;1485;1067;1060;791;627;658;915;817;664;757;806;915
2207022;Gardeja;1058;1060;897;699;486;413;548;492;700;759;667;478;304;295;222;183;202;270;245;205;271;287;305
2207032;Kwidzyn;1194;1172;1025;739;519;410;667;564;739;875;785;610;451;403;311;292;251;333;299;249;282;312;333
2207043;Prabuty;1639;1620;1388;1012;748;605;805;697;920;1072;923;707;594;509;388;342;361;412;416;350;409;398;380
2207052;Ryjewo;825;818;767;625;429;286;429;411;461;533;486;380;266;234;172;164;162;198;172;134;185;182;192
2207062;Sadlinki;607;569;480;399;276;209;301;293;389;420;388;301;209;209;145;112;122;161;157;109;159;143;180
2208000;Powiat lęborski;8523;7483;6894;6444;4641;3780;4402;4569;4295;4736;4634;3657;3112;2219;1695;1899;1934;2368;2304;2288;2260;2164;2182
2208011;Lębork;4557;3856;3450;3143;2136;1718;2157;2285;2198;2412;2324;1775;1528;1093;833;934;966;1237;1186;1181;1164;1098;1140
2208021;Łeba;425;417;399;374;300;214;235;235;209;236;234;228;197;152;130;128;134;166;144;141;147;145;133
2208032;Cewice;1045;960;909;865;651;535;529;577;535;555;543;467;342;238;170;207;201;240;226;222;232;247;235
2208042;Nowa Wieś Lęborska;1667;1504;1416;1390;1019;871;1016;935;887;996;992;762;662;472;347;377;383;440;487;498;444;437;440
2208052;Wicko;829;746;720;672;535;442;465;537;466;537;541;425;383;264;215;253;250;285;261;246;273;237;234
2209000;Powiat malborski;7710;7319;6470;5381;4373;3485;4543;4603;4746;4803;4952;3945;3519;2813;2258;2203;1712;2053;1478;1459;1397;1416;1711
2209011;Malbork;4211;3992;3491;2869;2291;1812;2449;2474;2580;2531;2596;2112;1890;1524;1231;1235;950;1144;836;831;774;819;1002
2209032;Lichnowy;692;663;559;461;378;269;388;371;375;411;419;327;294;219;181;178;149;176;114;107;106;94;120
2209042;Malbork;491;482;411;339;290;255;306;313;328;317;327;298;249;229;164;159;140;160;122;117;125;105;126
2209062;Miłoradz;511;481;418;361;278;241;309;289;287;325;338;214;212;165;130;112;80;116;84;75;75;89;89
2209073;Nowy Staw;1129;1065;989;830;715;596;679;724;756;777;799;622;528;414;364;328;256;288;198;202;198;187;247
2209082;Stare Pole;676;636;602;521;421;312;412;432;420;442;473;372;346;262;188;191;137;169;124;127;119;122;127
2210000;Powiat nowodworski;6040;5894;4776;4238;3348;2602;3193;3493;3437;3648;3623;3125;2755;2060;1562;1500;1300;1643;1355;1252;1145;1060;1193
2210011;Krynica Morska;186;197;170;182;140;115;122;125;129;125;125;119;116;87;83;61;51;51;47;46;45;46;45
2210023;Nowy Dwór Gdański;3100;3052;2410;2136;1744;1401;1709;1859;1850;1938;1909;1648;1482;1044;775;761;667;870;702;663;586;575;668
2210032;Ostaszewo;467;409;329;320;240;166;268;304;264;292;291;255;206;148;103;125;122;136;109;98;87;75;82
2210042;Stegna;1654;1615;1324;1161;863;668;780;863;865;926;940;794;692;559;427;391;307;405;347;314;303;262;286
2210052;Sztutowo;633;621;543;439;361;252;314;342;329;367;358;309;259;222;174;162;153;181;150;131;124;102;112
2211000;Powiat pucki;5083;5301;5261;4180;2991;2063;3103;3211;3435;3672;3713;3415;3078;2600;2169;1950;1828;2052;1692;1680;1623;1555;1863
2211011;Hel;274;263;286;318;148;99;109;140;153;149;173;151;134;128;100;100;91;94;69;62;69;58;61
2211021;Jastarnia;334;363;374;386;168;134;180;192;203;235;248;234;203;185;156;135;147;145;115;121;114;100;109
2211031;Puck;813;824;753;721;491;341;522;486;531;553;540;494;475;380;304;281;254;274;256;243;238;218;256
2211041;Władysławowo;910;1049;1090;828;618;485;597;620;717;799;739;721;664;547;475;424;386;420;339;361;336;306;357
2211052;Kosakowo;349;386;439;421;258;166;336;299;335;341;369;364;347;305;267;235;221;255;219;204;218;201;277
2211062;Krokowa;855;784;700;492;381;267;415;448;455;494;535;460;397;314;287;262;210;264;201;210;180;181;232
2211072;Puck;1548;1632;1619;1014;927;571;944;1026;1041;1101;1109;991;858;741;580;513;519;600;493;479;468;491;571
2212000;Powiat słupski;12929;12185;11549;9319;6786;4840;6790;7115;7101;7339;7242;6394;5019;3943;2700;2289;2102;3156;3219;2483;2323;2360;2320
2212011;Ustka;1511;1416;1289;966;815;693;771;753;759;824;838;661;580;483;325;249;210;294;308;310;266;279;255
2212022;Damnica;1084;1094;890;673;393;268;471;492;502;561;587;514;392;265;144;122;112;167;181;116;115;114;139
2212032;Dębnica Kaszubska;1735;1599;1439;1277;943;710;934;955;1042;1012;1032;919;815;684;489;399;376;523;495;460;394;375;345
2212042;Główczyce;1695;1535;1505;1331;1010;552;623;687;691;712;679;673;473;226;159;166;141;268;294;166;180;172;186
2212053;Kępice;1623;1511;1502;1281;914;796;902;964;988;1019;1002;909;704;647;387;409;381;527;514;466;455;432;289
2212062;Kobylnica;1129;1099;1156;879;645;407;769;827;676;725;639;560;363;352;257;181;189;331;312;211;196;242;285
2212072;Potęgowo;1176;1074;1088;912;577;311;629;649;675;586;649;528;423;317;224;211;174;249;243;143;136;144;135
2212082;Redzikowo;1587;1533;1514;1137;837;564;948;1042;1048;1118;1089;953;716;518;395;330;307;493;538;327;304;338;418
2212092;Smołdzino;535;508;453;306;185;146;238;242;265;269;264;255;188;126;78;74;65;101;116;57;74;70;85
2212102;Ustka;854;816;713;557;467;393;505;504;455;513;463;422;365;325;242;148;147;203;218;227;203;194;183
2213000;Powiat starogardzki;13188;13482;13114;11196;7960;5823;8842;8469;9010;9166;8369;6567;4904;3762;2523;2508;2436;3415;2605;2507;2506;2505;2924
2213011;Czarna Woda;449;444;450;381;289;215;308;266;294;282;272;208;163;126;74;74;74;95;63;70;73;87;78
2213021;Skórcz;400;401;416;362;263;177;268;269;262;290;273;207;152;122;81;94;75;99;68;67;69;68;81
2213031;Starogard Gdański;5106;5137;4984;4069;2919;2057;3237;3031;3195;3157;2734;2072;1499;1164;784;741;791;1224;804;795;749;772;952
2213042;Bobowo;401;394;403;334;265;156;246;253;248;257;219;183;135;102;77;74;67;72;79;77;64;70;77
2213052;Kaliska;546;602;596;539;398;281;429;415;455;473;429;382;264;198;135;107;113;157;134;116;142;131;157
2213062;Lubichowo;619;630;636;553;410;308;386;415;487;450;457;370;318;217;159;187;191;223;186;168;180;183;183
2213072;Osieczna;344;356;384;308;228;218;254;268;292;291;281;244;149;122;105;111;105;126;91;96;105;102;107
2213082;Osiek;246;270;232;202;142;107;167;174;201;195;204;143;110;93;68;65;67;76;71;69;59;67;67
2213093;Skarszewy;1566;1612;1490;1280;771;641;995;957;1010;1048;1050;805;598;441;318;271;244;365;309;285;317;299;366
2213102;Skórcz;525;549;518;475;370;270;364;318;335;345;332;275;202;174;90;131;112;138;111;96;84;95;113
2213112;Smętowo Graniczne;619;598;508;477;338;292;440;431;391;406;332;293;256;218;131;148;127;170;134;132;126;119;141
2213122;Starogard Gdański;1209;1308;1278;1115;812;564;907;877;967;1024;914;709;550;395;264;275;266;367;295;302;302;272;309
2213132;Zblewo;1158;1181;1219;1101;755;537;841;795;873;948;872;676;508;390;237;230;204;303;260;234;236;240;293
2214000;Powiat tczewski;11293;10765;9586;8464;6816;3816;5833;5408;5264;5309;5490;4332;3713;3170;2921;2815;2432;3344;2563;2301;2391;2325;2513
2214011;Tczew;5057;4574;4055;3765;3032;1800;2834;2552;2478;2528;2560;2083;1733;1449;1410;1369;1158;1701;1211;1115;1166;1142;1298
2214023;Gniew;2053;1993;1776;1399;1116;602;893;848;788;789;819;660;538;500;426;415;361;496;389;345;333;327;327
2214032;Morzeszczyn;534;529;480;394;326;164;250;224;222;258;243;180;175;157;130;123;101;111;118;92;84;85;88
2214043;Pelplin;2024;2053;1802;1588;1321;658;943;898;868;831;906;677;610;520;442;408;356;459;390;346;361;336;351
2214052;Subkowy;518;541;510;438;335;206;317;304;283;295;316;232;214;177;159;151;138;184;161;116;138;110;115
2214062;Tczew;1107;1075;963;880;686;386;596;582;625;608;646;500;443;367;354;349;318;393;294;287;309;325;334
2215000;Powiat wejherowski;12227;11386;9076;6316;4454;4042;7311;8472;8404;9429;9092;8391;7145;5916;4208;3999;3385;4475;3481;3440;3546;3794;4512
2215011;Reda;1117;1044;837;567;454;451;808;891;866;1055;1013;914;810;714;504;437;379;510;403;386;398;438;521
2215021;Rumia;2465;2328;1841;1214;911;779;1534;1611;1573;1740;1585;1455;1239;1049;757;700;605;826;606;542;615;683;828
2215031;Wejherowo;3204;2999;2299;1626;1238;1198;1959;2245;2328;2478;2317;2246;1938;1570;1094;1025;868;1138;867;901;849;862;1029
2215042;Choczewo;726;658;506;385;209;163;291;345;353;356;418;366;290;257;172;192;150;178;138;134;129;146;149
2215052;Gniewino;683;559;396;259;175;153;279;351;313;360;400;327;317;252;190;206;125;178;163;175;135;161;172
2215062;Linia;395;390;311;233;120;128;192;267;287;300;286;259;195;150;108;111;88;115;85;89;87;103;131
2215072;Luzino;755;710;611;440;293;254;532;649;631;747;718;719;578;473;313;299;294;372;270;269;289;283;359
2215082;Łęczyce;1117;1052;959;700;406;273;530;655;667;718;674;579;526;412;297;251;204;288;235;234;247;294;302
2215092;Szemud;549;497;396;265;181;185;358;436;408;519;539;487;398;304;233;252;213;277;247;194;235;255;297
2215102;Wejherowo;1216;1149;920;627;467;458;828;1022;978;1156;1142;1039;854;735;540;526;459;593;467;516;562;569;724
2216000;Powiat sztumski;6216;5768;5252;3736;2299;2110;3226;2974;3129;3390;3329;2731;1850;1632;1212;1113;964;1052;804;656;565;517;618
2216013;Dzierzgoń;1385;1317;1184;867;642;510;822;760;766;874;912;714;531;495;412;388;327;338;267;220;206;151;200
2216022;Mikołajki Pomorskie;624;611;550;414;217;206;309;301;258;284;279;254;160;136;84;84;73;82;59;53;41;43;54
2216032;Stary Dzierzgoń;602;573;532;419;268;197;320;254;299;336;378;279;200;223;165;138;136;149;117;70;77;64;57
2216042;Stary Targ;1208;1125;1005;732;383;380;608;546;565;638;615;551;343;303;219;174;138;173;121;96;79;80;90
2216053;Sztum;2397;2142;1981;1304;789;817;1167;1113;1241;1258;1145;933;616;475;332;329;290;310;240;217;162;179;217
2261000;Powiat m. Gdańsk;25600;22588;18709;11806;7159;4828;9512;10874;11067;13075;13900;11976;8853;7986;6807;6552;5934;8890;7407;5866;6291;6443;7862
2261011;Gdańsk;25600;22588;18709;11806;7159;4828;9512;10874;11067;13075;13900;11976;8853;7986;6807;6552;5934;8890;7407;5866;6291;6443;7862
2262000;Powiat m. Gdynia;10953;9834;8337;6152;2557;2284;5413;5579;5592;6599;6567;6011;5163;4192;3173;2779;2383;3871;2651;2144;2174;2493;3100
2262011;Gdynia;10953;9834;8337;6152;2557;2284;5413;5579;5592;6599;6567;6011;5163;4192;3173;2779;2383;3871;2651;2144;2174;2493;3100
2263000;Powiat m. Słupsk;10921;10318;8823;5807;3832;2805;4688;5110;4692;4878;4776;4276;2948;2208;1623;1369;1306;2245;2099;1336;1367;1449;1831
2263011;Słupsk;10921;10318;8823;5807;3832;2805;4688;5110;4692;4878;4776;4276;2948;2208;1623;1369;1306;2245;2099;1336;1367;1449;1831
2264000;Powiat m. Sopot;1623;1512;1268;866;418;337;626;722;736;857;916;766;622;533;388;346;269;476;332;313;321;352;389
2264011;Sopot;1623;1512;1268;866;418;337;626;722;736;857;916;766;622;533;388;346;269;476;332;313;321;352;389
2400000;ŚLĄSKIE;325516;309704;281280;229819;165960;122748;168425;181198;186187;205459;208296;175675;148508;119981;94687;80079;66521;91032;76324;64903;62445;62583;77144
2401000;Powiat będziński;13101;12558;11851;10090;7679;4935;6573;7064;7110;7993;8264;7133;6538;5614;4347;3713;2439;3570;3124;2711;2420;2453;2909
2401011;Będzin;5554;5288;5043;4244;3257;2118;2748;3007;3012;3394;3529;2986;2800;2403;1819;1586;1064;1628;1346;1152;1053;1027;1242
2401021;Czeladź;3042;2936;2763;2384;1790;1208;1636;1697;1737;1906;1944;1695;1500;1244;977;872;528;753;657;581;503;505;584
2401031;Wojkowice;803;767;695;616;468;260;342;374;382;427;482;397;377;342;250;204;132;171;147;154;118;118;147
2401042;Bobrowniki;791;775;726;665;507;280;366;403;425;493;479;458;415;370;290;211;148;219;224;200;169;165;189
2401052;Mierzęcice;535;470;447;387;297;172;242;259;263;277;314;303;248;245;188;148;95;141;125;107;103;100;132
2401062;Psary;830;794;787;638;477;329;402;440;457;535;553;462;471;397;292;261;171;232;205;183;174;172;194
2401073;Siewierz;928;938;844;689;540;346;496;515;509;581;586;514;446;372;323;276;200;277;276;230;206;243;279
2401081;Sławków;618;590;546;467;343;222;341;369;325;380;377;318;281;241;208;155;101;149;144;104;94;123;142
2402000;Powiat bielski;7603;7167;6540;5201;3635;3498;4678;4799;5252;6030;5816;4827;4095;3034;2363;1942;1746;2694;2151;1782;1758;1827;2001
2402011;Szczyrk;343;324;289;293;237;204;235;217;259;318;310;265;243;158;107;78;81;108;75;66;69;51;62
2402022;Bestwina;481;439;382;275;160;140;221;245;300;385;355;289;228;176;158;133;126;188;154;125;119;134;152
2402032;Buczkowice;506;535;469;403;307;314;382;400;470;531;476;375;345;258;200;156;135;233;175;112;125;131;145
2402043;Czechowice-Dziedzice;2640;2419;2163;1508;889;880;1353;1300;1412;1602;1644;1331;1101;904;724;647;648;893;738;654;638;630;671
2402052;Jasienica;806;731;710;541;410;408;560;564;642;744;641;534;473;334;255;198;166;291;240;205;214;224;220
2402062;Jaworze;287;259;248;226;179;144;178;213;208;249;199;184;175;127;97;80;68;122;88;69;65;75;83
2402072;Kozy;547;508;440;369;242;259;340;376;406;449;442;387;316;213;153;120;98;192;164;97;109;121;133
2402082;Porąbka;821;839;765;691;534;500;586;616;664;696;696;586;481;341;270;202;157;247;192;170;144;167;179
2402093;Wilamowice;579;534;539;448;319;334;406;425;417;522;518;438;363;258;197;157;132;233;159;149;133;137;174
2402102;Wilkowice;593;579;535;447;358;315;417;443;474;534;535;438;370;265;202;171;135;187;166;135;142;157;182
2403000;Powiat cieszyński;10059;9912;8884;7529;5585;4478;5987;6782;7034;7458;7711;6549;5048;4297;3768;3330;3073;3875;3446;3138;3179;2963;3087
2403011;Cieszyn;2267;2226;1896;1565;1284;1071;1336;1482;1593;1624;1673;1382;1012;889;762;662;609;733;684;572;591;541;579
2403021;Ustroń;813;765;656;558;374;339;502;547;572;576;621;546;452;427;332;314;302;349;318;298;305;265;297
2403031;Wisła;731;711;661;542;367;262;375;451;520;590;597;517;444;376;337;270;239;313;245;233;246;220;211
2403042;Brenna;636;633;590;457;317;274;379;453;435;449;452;395;342;275;254;233;193;242;224;245;237;217;222
2403052;Chybie;409;404;374;354;250;239;291;332;329;346;344;293;245;190;187;152;145;183;158;150;179;158;154
2403062;Dębowiec;322;296;286;224;180;141;157;196;215;230;235;198;122;105;95;83;81;103;75;71;72;70;85
2403072;Goleszów;762;731;643;537;391;306;390;496;504;461;533;439;361;299;264;266;249;318;273;284;237;221;252
2403082;Hażlach;617;597;587;473;362;299;375;415;393;444;459;354;268;227;220;207;186;238;206;176;181;188;206
2403092;Istebna;658;680;680;598;421;315;418;535;581;652;650;612;478;424;376;304;270;353;335;307;283;265;283
2403103;Skoczów;1492;1500;1293;1138;811;632;965;1024;1018;1136;1108;940;654;543;480;457;427;567;504;443;475;451;432
2403113;Strumień;668;658;588;517;368;275;390;443;431;506;526;468;360;283;221;192;193;243;213;207;201;208;192
2403122;Zebrzydowice;684;711;630;566;460;325;409;408;443;444;513;405;310;259;240;190;179;233;211;152;172;159;174
2404000;Powiat częstochowski;10004;10193;9471;8568;6417;5524;6782;7514;8113;9090;9805;8160;6464;4778;3716;3123;2678;3628;3045;2515;2414;2517;2854
2404013;Blachownia;987;1058;1010;904;681;493;668;812;829;920;1002;819;608;455;349;247;202;288;232;218;201;203;254
2404022;Dąbrowa Zielona;489;449;415;367;302;292;327;324;367;381;411;345;326;266;236;209;212;243;210;170;183;156;148
2404032;Janów;443;482;493;458;340;267;314;349;376;467;483;418;324;230;157;142;114;162;139;116;111;124;130
2404042;Kamienica Polska;328;347;358;292;234;179;268;282;311;339;425;323;248;178;128;101;79;130;101;75;68;85;109
2404052;Kłomnice;978;966;962;814;512;484;591;693;760;850;956;737;570;356;265;206;179;265;244;185;155;196;222
2404063;Koniecpol;1332;1321;1130;1063;919;971;1011;950;1038;1041;1049;933;851;662;611;574;515;570;481;384;397;364;374
2404072;Konopiska;695;682;611;608;411;289;451;557;587;707;716;589;471;349;256;210;145;227;181;156;163;167;200
2404082;Kruszyna;304;316;326;291;199;185;228;250;247;307;335;270;210;169;116;93;73;110;104;83;69;81;84
2404092;Lelów;514;521;417;404;367;361;390;414;397;417;465;388;358;301;251;227;223;228;206;162;149;117;132
2404102;Mstów;579;568;553;491;369;322;373;423;475;569;594;497;360;275;188;147;138;221;175;125;127;141;177
2404112;Mykanów;773;799;720;687;523;374;478;579;658;714;764;671;520;366;295;237;196;282;235;220;203;232;289
2404122;Olsztyn;524;513;482;429;266;198;285;351;385;497;509;422;297;240;164;148;108;196;147;134;122;128;159
2404132;Poczesna;792;882;805;677;511;416;525;637;663;750;855;705;521;354;264;214;166;237;201;157;151;180;219
2404142;Przyrów;424;449;362;323;292;281;301;285;311;329;382;308;270;200;170;161;145;178;158;135;124;121;133
2404152;Rędziny;696;688;704;641;389;341;470;526;578;660;678;577;410;300;209;167;136;228;183;144;141;173;167
2404162;Starcza;146;152;123;119;102;71;102;82;131;142;181;158;120;77;57;40;47;63;48;51;50;49;57
2405000;Powiat gliwicki;6216;5905;5710;4278;2791;2153;3099;3435;3401;3817;3945;3443;3100;2522;2133;1818;1355;1883;1817;1303;1248;1175;1689
2405011;Knurów;2411;2200;2176;1614;1062;824;1130;1179;1074;1286;1365;1154;995;765;649;552;376;564;554;358;371;323;565
2405021;Pyskowice;1420;1440;1316;967;558;446;705;782;746;843;823;684;640;477;419;351;276;382;360;275;230;235;344
2405032;Gierałtowice;352;332;340;268;194;113;175;193;232;233;241;225;196;154;136;101;70;138;117;89;89;66;111
2405042;Pilchowice;407;378;363;284;199;130;200;264;259;311;315;288;247;227;188;179;130;164;152;115;96;107;130
2405052;Rudziniec;481;454;445;342;250;205;265;297;298;323;378;348;349;324;278;232;177;240;241;193;193;167;224
2405063;Sośnicowice;398;366;372;270;176;124;198;225;257;249;255;226;201;174;139;130;107;118;123;87;82;82;117
2405073;Toszek;518;493;494;368;227;215;287;321;366;391;377;306;279;228;192;158;121;161;151;109;108;113;120
2405082;Wielowieś;229;242;204;165;125;96;139;174;169;181;191;212;193;173;132;115;98;116;119;77;79;82;78
2406000;Powiat kłobucki;5618;5366;5078;4106;3278;2382;3324;3899;4268;4679;4943;4183;3751;3001;2432;2448;2131;2629;2412;2158;2205;2290;2379
2406013;Kłobuck;1546;1530;1444;1194;916;712;973;1009;1183;1239;1329;1161;1002;809;659;671;554;689;631;561;571;611;643
2406023;Krzepice;466;455;430;307;276;193;305;365;372;429;436;382;327;276;208;219;184;240;230;182;209;226;233
2406032;Lipie;386;332;309;272;228;141;202;269;245;291;290;259;218;172;132;142;140;155;144;127;109;124;123
2406042;Miedźno;580;596;536;438;356;256;289;358;409;489;509;435;382;290;269;260;213;270;249;235;244;230;254
2406052;Opatów;361;338;335;245;197;151;231;278;295;321;369;264;253;211;177;169;167;183;168;158;153;162;178
2406062;Panki;279;279;254;199;166;116;180;239;255;261;301;220;197;161;126;131;117;145;123;117;105;111;114
2406072;Popów;316;283;284;248;176;117;173;242;237;287;279;251;238;154;126;132;108;143;142;134;141;151;137
2406082;Przystajń;394;384;346;300;236;187;231;274;269;288;278;251;228;186;174;162;138;184;142;151;157;143;160
2406092;Wręczyca Wielka;1290;1169;1140;903;727;509;740;865;1003;1074;1152;960;906;742;561;562;510;620;583;493;516;532;537
2407000;Powiat lubliniecki;3939;3617;3648;2919;2405;2171;2897;3346;3478;3546;3641;3007;2567;2307;1830;1686;1455;1678;1473;1501;1387;1413;1518
2407011;Lubliniec;1288;1146;1163;902;740;695;888;1063;1071;1077;1087;936;780;690;541;499;425;482;461;478;418;398;463
2407022;Boronów;156;158;158;134;109;88;138;147;161;165;169;139;130;128;91;76;64;86;67;67;55;73;70
2407032;Ciasna;301;302;325;249;189;175;241;276;293;315;314;267;226;193;153;160;138;157;136;144;129;132;149
2407042;Herby;496;466;445;353;279;226;330;367;386;366;382;318;294;250;200;182;167;198;167;167;136;141;144
2407052;Kochanowice;333;282;290;255;223;231;241;299;311;367;379;297;239;217;191;156;142;161;145;132;141;136;150
2407062;Koszęcin;621;568;620;483;402;357;440;511;545;587;593;493;400;352;270;269;213;247;201;211;221;216;248
2407072;Pawonków;268;224;233;185;156;125;202;235;249;240;276;200;153;181;150;133;121;125;99;122;124;135;127
2407083;Woźniki;476;471;414;358;307;274;417;448;462;429;441;357;345;296;234;211;185;222;197;180;163;182;167
2408000;Powiat mikołowski;5411;5131;4658;4677;3324;1716;2220;2643;2780;3196;3273;2703;2302;1637;1330;1290;1129;1775;1463;1032;1002;1162;1416
2408011;Łaziska Górne;1378;1349;1226;1242;883;421;608;649;670;807;800;707;611;404;308;313;287;461;378;248;262;307;354
2408021;Mikołów;2510;2287;2078;2027;1448;770;918;1155;1282;1425;1509;1192;966;693;573;536;441;720;583;410;409;437;557
2408031;Orzesze;995;1021;901;912;661;361;465;551;542;629;625;540;477;358;295;290;253;382;338;241;205;260;326
2408042;Ornontowice;204;188;153;178;124;58;96;113;122;120;136;95;99;92;71;61;61;86;69;50;48;43;63
2408052;Wyry;324;286;300;318;208;106;133;175;164;215;203;169;149;90;83;90;87;126;95;83;78;115;116
2409000;Powiat myszkowski;6541;6171;5351;4869;4011;3764;4446;4385;4760;5005;5134;4071;3305;2698;1988;1589;1428;1843;1670;1582;1400;1247;1325
2409011;Myszków;3456;3251;2713;2433;2041;1950;2305;2254;2377;2487;2509;1934;1603;1306;934;719;606;833;751;666;575;562;612
2409023;Koziegłowy;996;970;901;799;598;566;732;667;782;781;828;672;566;469;345;269;268;343;319;309;263;230;239
2409032;Niegowa;522;496;443;382;326;300;333;344;374;422;438;353;311;249;183;162;145;146;153;151;136;96;108
2409042;Poraj;718;652;577;572;457;434;528;562;627;657;708;581;404;334;258;194;186;247;221;193;200;169;176
2409053;Żarki;849;802;717;683;589;514;548;558;600;658;651;531;421;340;268;245;223;274;226;263;226;190;190
2410000;Powiat pszczyński;5774;5348;5063;3761;2762;1564;2492;2699;2997;3339;3321;2599;2268;1989;1581;1400;1189;1757;1464;1365;1358;1248;1516
2410012;Goczałkowice-Zdrój;311;285;290;215;149;86;135;155;163;166;166;122;116;89;88;88;57;102;88;77;77;82;104
2410022;Kobiór;279;274;248;169;126;69;104;114;129;154;151;127;105;91;66;66;55;79;58;49;56;40;52
2410032;Miedźna;976;853;837;600;442;243;398;435;473;496;488;316;259;234;201;198;143;242;195;166;166;180;194
2410042;Pawłowice;869;826;743;556;408;225;389;349;414;442;403;338;302;278;187;140;116;176;190;157;161;139;196
2410053;Pszczyna;2893;2666;2549;1899;1396;814;1247;1421;1562;1823;1825;1457;1293;1121;920;806;722;1025;801;803;799;704;807
2410062;Suszec;446;444;396;322;241;127;219;225;256;258;288;239;193;176;119;102;96;133;132;113;99;103;163
2411000;Powiat raciborski;5184;4668;4342;3265;2163;1851;2554;2896;2794;3039;3126;2745;2489;2302;2027;1657;1638;2006;1936;1509;1377;1408;1820
2411011;Racibórz;2985;2661;2490;1712;1094;1036;1458;1675;1545;1700;1755;1476;1320;1246;1095;898;898;1132;1085;827;756;775;1041
2411022;Kornowac;181;169;176;125;88;72;89;100;111;107;121;108;108;91;82;50;53;63;66;46;49;53;63
2411033;Krzanowice;188;191;172;167;109;90;126;141;131;133;145;126;118;88;83;73;92;112;108;80;69;72;85
2411042;Krzyżanowice;383;375;338;320;224;161;199;250;258;268;300;279;229;207;192;163;168;180;182;158;137;135;180
2411053;Kuźnia Raciborska;672;553;510;401;266;215;296;300;302;355;359;313;322;292;252;223;181;214;199;175;170;167;195
2411062;Nędza;303;275;237;209;143;97;147;174;169;180;184;194;149;148;128;108;97;124;119;90;77;84;91
2411072;Pietrowice Wielkie;288;252;243;200;128;94;136;132;142;151;129;112;128;111;89;64;72;86;82;64;43;51;86
2411082;Rudnik;184;192;176;131;111;86;103;124;136;145;133;137;115;119;106;78;77;95;95;69;76;71;79
2412000;Powiat rybnicki;3733;3446;3121;2512;1499;1114;1738;1943;2053;2135;2288;1950;1743;1602;1230;1011;851;1256;936;804;741;814;1072
2412013;Czerwionka-Leszczyny;2384;2112;1931;1605;991;685;1065;1209;1262;1277;1392;1135;994;978;775;649;546;748;587;512;491;548;680
2412022;Gaszowice;385;380;336;253;155;122;192;218;250;255;282;244;218;168;135;103;80;158;109;95;86;80;120
2412032;Jejkowice;163;193;155;141;66;56;80;87;102;105;104;105;94;78;51;49;39;53;39;36;30;27;44
2412042;Lyski;368;349;300;227;116;106;166;206;196;216;224;187;190;151;101;89;85;143;97;72;69;77;105
2412052;Świerklany;433;412;399;286;171;145;235;223;243;282;286;279;247;227;168;121;101;154;104;89;65;82;123
2413000;Powiat tarnogórski;8289;7796;7306;5875;4368;3551;4872;5335;5351;5958;6078;5225;4686;4087;3318;2804;2483;3326;3128;2321;2276;2324;2679
2413011;Kalety;687;638;600;527;372;335;382;431;460;493;466;388;359;315;267;241;229;255;244;189;177;164;198
2413021;Miasteczko Śląskie;531;491;441;353;260;185;308;341;328;413;383;334;322;267;204;175;157;217;219;168;143;148;155
2413031;Radzionków;1073;998;915;748;546;407;553;607;617;661;696;609;543;458;354;301;252;375;331;255;235;215;272
2413041;Tarnowskie Góry;3794;3617;3370;2600;2010;1696;2369;2515;2496;2720;2829;2415;2073;1835;1498;1254;1152;1539;1444;1065;1084;1129;1314
2413052;Krupski Młyn;141;129;114;99;76;40;72;109;113;111;120;105;97;86;66;51;42;60;51;35;39;41;47
2413062;Ożarowice;252;211;207;188;119;116;153;165;164;197;192;182;188;166;131;112;94;118;125;79;93;85;83
2413072;Świerklaniec;556;547;546;454;317;256;326;382;372;458;444;423;369;348;270;210;191;294;260;179;184;205;231
2413082;Tworóg;383;384;368;253;162;145;229;251;261;311;316;264;255;218;189;168;142;168;160;116;116;133;140
2413092;Zbrosławice;872;781;745;653;506;371;480;534;540;594;632;505;480;394;339;292;224;300;294;235;205;204;239
2414000;Powiat bieruńsko-lędziński;2811;2725;2495;1961;1346;754;1140;1283;1306;1580;1611;1225;967;850;663;559;448;710;479;414;328;360;501
2414011;Bieruń;1052;995;862;646;411;248;423;418;429;512;508;360;271;250;207;192;140;229;149;125;106;115;170
2414021;Imielin;359;351;361;298;230;116;159;171;190;227;245;193;165;127;100;76;72;106;79;60;58;47;57
2414031;Lędziny;887;868;764;633;421;242;339;429;460;532;537;418;320;285;212;182;152;235;144;131;78;108;150
2414042;Bojszowy;240;256;277;200;148;85;118;153;122;160;156;119;106;79;59;52;39;70;62;55;56;61;83
2414052;Chełm Śląski;273;255;231;184;136;63;101;112;105;149;165;135;105;109;85;57;45;70;45;43;30;29;41
2415000;Powiat wodzisławski;9457;8602;7882;6979;5263;3482;4969;4878;5376;5449;5658;5069;4588;3813;2870;2289;2316;3359;2545;2236;2320;1847;2603
2415011;Pszów;815;768;748;599;488;308;437;473;557;528;512;475;428;393;267;205;201;303;222;199;220;177;251
2415021;Radlin;1148;967;879;846;548;336;592;546;637;605;657;550;526;429;331;282;266;410;286;262;244;208;321
2415031;Rydułtowy;1336;1222;1168;1118;834;525;815;772;834;816;819;763;704;635;500;379;393;521;416;350;353;291;396
2415041;Wodzisław Śląski;3508;3206;2829;2369;1808;1257;1735;1690;1833;1889;1992;1741;1536;1256;938;762;794;1135;848;745;801;639;855
2415052;Godów;625;586;537;493;380;254;350;331;350;415;442;390;355;290;193;167;142;230;182;163;177;130;187
2415062;Gorzyce;1037;972;879;786;610;385;524;544;603;637;660;613;552;425;334;252;276;401;313;268;294;203;310
2415072;Lubomia;364;323;304;296;229;161;215;216;238;239;228;195;178;149;132;99;97;151;124;99;95;81;116
2415082;Marklowice;249;232;233;191;174;104;138;142;150;135;143;134;129;104;79;58;61;94;68;63;51;46;76
2415092;Mszana;375;326;305;281;192;152;163;164;174;185;205;208;180;132;96;85;86;114;86;87;85;72;91
2416000;Powiat zawierciański;12107;11742;10868;9859;8491;5909;7799;7460;7328;7887;7581;6118;5555;4566;3640;3031;2358;2819;1996;1997;1950;1954;2386
2416011;Poręba;807;700;659;598;474;366;518;514;458;495;494;383;381;318;252;219;149;183;130;139;133;135;175
2416021;Zawiercie;5400;5181;4835;4410;3836;2791;3621;3476;3387;3523;3384;2795;2509;2019;1670;1378;1042;1252;894;904;873;921;1113
2416032;Irządze;184;174;164;152;136;87;109;105;142;132;147;116;121;94;58;48;44;53;37;36;33;37;40
2416042;Kroczyce;637;603;578;550;486;338;446;452;436;473;460;357;325;264;212;190;138;147;92;107;103;110;135
2416053;Łazy;1564;1643;1511;1358;1100;715;1024;924;911;1000;933;751;637;571;452;402;336;403;293;273;279;267;352
2416063;Ogrodzieniec;1099;1030;933;798;728;486;619;591;585;639;596;470;432;344;282;221;188;213;146;153;158;149;164
2416073;Pilica;748;685;634;536;448;325;415;363;350;446;425;328;282;238;180;133;110;148;105;82;97;91;101
2416083;Szczekociny;794;818;750;677;630;362;424;433;469;586;548;447;455;380;250;200;176;195;132;132;127;118;148
2416092;Włodowice;560;575;526;474;404;277;413;386;399;422;410;328;286;248;205;180;131;159;119;122;106;95;111
2416102;Żarnowiec;314;333;278;306;249;162;210;216;191;171;184;143;127;90;79;60;44;66;48;49;41;31;47
2417000;Powiat żywiecki;8187;8354;7801;5797;3933;4329;6750;7278;7430;8696;8347;6709;5428;4514;3711;3639;3304;3982;3039;2380;2369;2680;3301
2417011;Żywiec;1635;1655;1486;1077;730;820;1366;1468;1511;1670;1595;1302;1130;863;687;648;586;741;533;367;453;485;634
2417022;Czernichów;369;387;326;248;181;170;249;286;290;344;310;232;225;170;150;140;127;168;145;93;79;96;111
2417032;Gilowice;266;296;302;220;128;145;240;257;252;301;279;242;193;158;128;126;104;147;123;76;77;109;130
2417042;Jeleśnia;639;649;612;447;270;340;602;665;684;811;777;607;448;353;340;332;312;436;386;289;263;286;369
2417052;Koszarawa;124;129;129;80;62;65;118;129;138;142;143;130;78;55;52;48;52;73;55;43;44;51;60
2417062;Lipowa;579;593;582;399;295;307;455;515;545;630;570;479;385;334;239;219;195;259;192;148;146;178;221
2417072;Łękawica;251;256;216;173;99;129;209;204;220;220;240;201;190;120;111;113;104;139;117;95;83;91;93
2417082;Łodygowice;646;591;549;431;281;297;486;525;543;629;587;481;382;318;271;310;240;302;230;179;153;204;241
2417092;Milówka;520;534;479;357;235;276;410;492;482;619;587;414;289;247;219;221;196;243;165;175;166;184;212
2417102;Radziechowy-Wieprz;661;656;630;454;309;386;598;667;675;769;748;602;448;389;302;307;286;359;239;192;187;241;318
2417112;Rajcza;727;768;726;568;402;381;529;510;557;677;662;570;495;418;321;310;282;219;167;143;147;161;202
2417122;Ślemień;194;179;189;164;116;114;156;159;180;180;189;165;147;112;103;84;77;93;60;57;58;54;61
2417132;Świnna;334;386;350;231;165;233;325;347;333;407;353;272;218;213;188;162;153;201;166;113;138;152;177
2417142;Ujsoły;355;354;349;250;180;168;232;255;273;326;341;270;249;204;165;158;143;150;134;104;101;94;131
2417152;Węgierska Górka;887;921;876;698;480;498;775;799;747;971;966;742;551;560;435;461;447;452;327;306;274;294;341
2461000;Powiat m. Bielsko-Biała;9191;8707;8111;6503;4789;4431;5466;5720;6011;6564;6277;5216;4433;3230;2463;2058;1830;2832;2320;1760;1845;2031;2289
2461011;Bielsko-Biała;9191;8707;8111;6503;4789;4431;5466;5720;6011;6564;6277;5216;4433;3230;2463;2058;1830;2832;2320;1760;1845;2031;2289
2462000;Powiat m. Bytom;17853;16912;15186;12341;8935;6791;9315;9879;10707;10966;11571;10387;9147;7483;5288;4406;3780;4591;3806;3600;3538;3364;4425
2462011;Bytom;17853;16912;15186;12341;8935;6791;9315;9879;10707;10966;11571;10387;9147;7483;5288;4406;3780;4591;3806;3600;3538;3364;4425
2463000;Powiat m. Chorzów;11141;10620;9899;7946;5190;3322;4627;4676;4459;4754;4955;4135;3665;3060;2444;1878;1377;1808;1387;1359;1372;1376;1735
2463011;Chorzów;11141;10620;9899;7946;5190;3322;4627;4676;4459;4754;4955;4135;3665;3060;2444;1878;1377;1808;1387;1359;1372;1376;1735
2464000;Powiat m. Częstochowa;18410;18257;17142;15121;10920;8682;11383;13220;13909;15455;15492;12232;9078;6766;4967;4060;3228;4732;3883;3331;3248;3575;4342
2464011;Częstochowa;18410;18257;17142;15121;10920;8682;11383;13220;13909;15455;15492;12232;9078;6766;4967;4060;3228;4732;3883;3331;3248;3575;4342
2465000;Powiat m. Dąbrowa Górnicza;12687;12138;10846;9193;6906;4195;6131;6054;6299;7166;6925;5991;5104;4488;3385;2878;2144;2860;2655;2442;2438;2143;2411
2465011;Dąbrowa Górnicza;12687;12138;10846;9193;6906;4195;6131;6054;6299;7166;6925;5991;5104;4488;3385;2878;2144;2860;2655;2442;2438;2143;2411
2466000;Powiat m. Gliwice;13049;12611;11506;8685;5933;4249;6310;6559;6407;7293;7593;6702;5812;4520;3814;3371;2454;3380;3255;2417;2224;2251;3134
2466011;Gliwice;13049;12611;11506;8685;5933;4249;6310;6559;6407;7293;7593;6702;5812;4520;3814;3371;2454;3380;3255;2417;2224;2251;3134
2467000;Powiat m. Jastrzębie-Zdrój;7854;7099;6296;5340;4143;2740;3312;3826;3726;3775;4170;3604;3151;2537;1851;1487;1461;1983;1561;1041;1111;1053;1492
2467011;Jastrzębie-Zdrój;7854;7099;6296;5340;4143;2740;3312;3826;3726;3775;4170;3604;3151;2537;1851;1487;1461;1983;1561;1041;1111;1053;1492
2468000;Powiat m. Jaworzno;7785;7228;5901;4770;3968;2694;3377;3240;3001;3449;3206;2737;2077;1779;1500;1315;1213;1500;1423;1265;1213;1177;1366
2468011;Jaworzno;7785;7228;5901;4770;3968;2694;3377;3240;3001;3449;3206;2737;2077;1779;1500;1315;1213;1500;1423;1265;1213;1177;1366
2469000;Powiat m. Katowice;16735;15258;14146;10810;6826;3831;6618;7681;8786;10834;11332;9878;8093;5970;4737;3579;2233;3798;3898;3071;2162;2122;3229
2469011;Katowice;16735;15258;14146;10810;6826;3831;6618;7681;8786;10834;11332;9878;8093;5970;4737;3579;2233;3798;3898;3071;2162;2122;3229
2470000;Powiat m. Mysłowice;5571;5125;4518;3615;2700;2103;2489;2659;2449;2828;2807;2571;2186;1673;1593;1400;1230;1734;1514;1263;1043;1023;1282
2470011;Mysłowice;5571;5125;4518;3615;2700;2103;2489;2659;2449;2828;2807;2571;2186;1673;1593;1400;1230;1734;1514;1263;1043;1023;1282
2471000;Powiat m. Piekary Śląskie;4653;4417;3879;3230;2645;1740;2422;2695;2676;2948;2916;2383;2109;1614;1224;1097;970;1295;1053;1025;1067;1121;1336
2471011;Piekary Śląskie;4653;4417;3879;3230;2645;1740;2422;2695;2676;2948;2916;2383;2109;1614;1224;1097;970;1295;1053;1025;1067;1121;1336
2472000;Powiat m. Ruda Śląska;8205;7469;6611;5115;3196;2366;3441;3923;3828;4242;4392;3634;3077;2335;1743;1275;1151;1453;1098;1044;1127;1162;1714
2472011;Ruda Śląska;8205;7469;6611;5115;3196;2366;3441;3923;3828;4242;4392;3634;3077;2335;1743;1275;1151;1453;1098;1044;1127;1162;1714
2473000;Powiat m. Rybnik;8460;8053;7248;5260;3624;2585;3882;4356;4409;4632;4792;4237;3844;3248;2418;1936;1650;2469;1698;1475;1393;1371;1952
2473011;Rybnik;8460;8053;7248;5260;3624;2585;3882;4356;4409;4632;4792;4237;3844;3248;2418;1936;1650;2469;1698;1475;1393;1371;1952
2474000;Powiat m. Siemianowice Śląskie;7180;6195;5190;3961;2789;2120;2790;2582;3022;3017;3213;2844;2464;1675;1364;1145;888;1311;923;860;798;826;1182
2474011;Siemianowice Śląskie;7180;6195;5190;3961;2789;2120;2790;2582;3022;3017;3213;2844;2464;1675;1364;1145;888;1311;923;860;798;826;1182
2475000;Powiat m. Sosnowiec;20231;19692;17216;13167;9854;7400;10224;10588;10299;11555;10948;9313;8061;7070;5690;4611;3718;4890;4307;3560;3774;3777;4155
2475011;Sosnowiec;20231;19692;17216;13167;9854;7400;10224;10588;10299;11555;10948;9313;8061;7070;5690;4611;3718;4890;4307;3560;3774;3777;4155
2476000;Powiat m. Świętochłowice;4622;4559;3847;3062;1743;1249;1995;2338;2262;2454;2494;1841;1487;1219;986;879;666;883;594;532;499;542;720
2476011;Świętochłowice;4622;4559;3847;3062;1743;1249;1995;2338;2262;2454;2494;1841;1487;1219;986;879;666;883;594;532;499;542;720
2477000;Powiat m. Tychy;7808;7183;6635;4967;3091;2214;3222;3741;3558;4307;4193;3059;2371;2155;1725;1594;1245;1903;1321;1059;1015;1100;1475
2477011;Tychy;7808;7183;6635;4967;3091;2214;3222;3741;3558;4307;4193;3059;2371;2155;1725;1594;1245;1903;1321;1059;1015;1100;1475
2478000;Powiat m. Zabrze;15271;15148;13375;11739;7897;5500;7206;7722;7751;8321;8522;7399;5910;4304;3651;3110;2567;3757;2694;2297;2154;2121;2813
2478011;Zabrze;15271;15148;13375;11739;7897;5500;7206;7722;7751;8321;8522;7399;5910;4304;3651;3110;2567;3757;2694;2297;2154;2121;2813
2479000;Powiat m. Żory;4776;4332;3659;2748;1861;1361;1895;2100;1797;2002;1956;1796;1545;1244;897;671;695;1063;810;754;692;766;1036
2479011;Żory;4776;4332;3659;2748;1861;1361;1895;2100;1797;2002;1956;1796;1545;1244;897;671;695;1063;810;754;692;766;1036
2600000;ŚWIĘTOKRZYSKIE;126538;126322;117754;99406;83339;77716;83819;82141;83217;86708;90124;75434;66131;57126;46570;44118;42042;44881;38035;34029;33724;32289;35748
2601000;Powiat buski;4488;4446;4327;3808;3219;3212;3213;3305;3129;3285;3459;2901;2581;2028;1651;1390;1319;1581;1226;1128;1082;1027;1306
2601013;Busko-Zdrój;2245;2215;2169;1901;1608;1582;1582;1698;1564;1654;1676;1390;1217;969;793;673;640;797;594;530;486;463;595
2601022;Gnojno;281;282;262;230;189;184;179;174;179;177;197;181;153;129;96;101;79;84;71;78;66;65;103
2601032;Nowy Korczyn;313;321;304;297;241;225;222;216;214;233;263;211;198;151;119;90;108;118;80;84;79;64;95
2601042;Pacanów;410;408;371;326;280;261;270;273;265;249;280;243;220;157;136;112;128;128;117;103;101;86;113
2601052;Solec-Zdrój;303;306;292;230;185;212;196;214;183;204;202;182;161;126;96;83;76;117;78;68;57;66;83
2601062;Stopnica;436;420;435;393;339;341;346;327;330;352;384;345;294;237;189;164;142;158;135;130;129;126;156
2601072;Tuczępy;185;180;196;178;155;159;177;163;159;177;195;152;143;116;98;68;71;81;60;55;57;63;78
2601082;Wiślica;315;314;298;253;222;248;241;240;235;239;262;197;195;143;124;99;75;98;91;80;107;94;83
2602000;Powiat jędrzejowski;6962;6953;6948;5713;4532;4285;4637;4871;4939;4934;5454;4712;4238;3481;2629;2471;2414;2563;2012;1796;1862;1548;1808
2602012;Imielno;348;387;373;300;222;207;203;241;243;232;243;227;181;153;126;131;127;118;99;90;104;93;95
2602023;Jędrzejów;2433;2411;2406;2072;1633;1516;1621;1714;1761;1772;1893;1632;1464;1260;937;865;850;906;659;591;606;526;651
2602033;Małogoszcz;1032;1043;1073;805;647;614;683;713;711;749;824;712;643;512;378;353;340;364;286;253;264;216;232
2602042;Nagłowice;389;399;380;340;270;259;263;289;308;300;332;272;256;202;140;137;142;159;130;115;111;70;97
2602052;Oksa;336;326;315;278;196;189;215;234;249;233;263;204;208;143;123;123;108;110;91;88;101;68;82
2602063;Sędziszów;1057;1044;1053;795;680;672;777;740;721;719;844;709;614;508;368;353;358;359;286;267;287;225;251
2602072;Słupia;261;247;283;229;177;172;159;166;166;146;198;180;178;154;109;91;77;90;82;66;73;61;64
2602082;Sobków;607;599;580;488;381;351;379;400;399;427;484;404;364;289;258;220;218;248;215;171;163;162;183
2602092;Wodzisław;499;497;485;406;326;305;337;374;381;356;373;372;330;260;190;198;194;209;164;155;153;127;153
2603000;Powiat kazimierski;2290;2394;2188;2079;1819;1684;1918;1911;2109;2088;2292;2100;1746;1586;1312;1222;1077;1248;1219;1056;1083;1031;1140
2603012;Bejsce;208;219;205;196;167;162;193;186;194;198;227;209;182;165;138;119;120;130;133;101;101;102;120
2603022;Czarnocin;214;231;194;186;157;145;162;191;185;181;232;230;192;165;119;124;102;121;109;105;99;98;106
2603033;Kazimierza Wielka;1235;1247;1185;1124;983;930;1073;1062;1234;1210;1255;1119;960;878;742;674;562;664;653;572;603;576;611
2603042;Opatowiec;195;236;207;186;165;143;148;144;159;150;173;151;112;101;83;85;81;88;85;77;77;63;78
2603053;Skalbmierz;438;461;397;387;347;304;342;328;337;349;405;391;300;277;230;220;212;245;239;201;203;192;225
2604000;Powiat kielecki;21574;21378;20132;16797;14296;14298;13612;13261;13214;14240;15107;12059;11177;9925;8208;7957;7718;7051;5499;4418;4315;4118;4600
2604012;Bieliny;1035;1060;1002;772;673;663;593;596;638;761;725;617;598;473;422;412;391;330;239;230;198;177;210
2604023;Bodzentyn;1089;1120;1040;880;809;818;813;925;855;918;959;807;768;722;622;706;741;523;429;238;247;219;258
2604033;Chęciny;1639;1602;1490;1242;1027;1184;1309;927;915;1084;1137;795;715;611;536;512;458;387;260;218;227;200;282
2604043;Chmielnik;1313;1296;1236;1083;974;1003;946;1053;1011;949;1065;796;706;623;478;454;393;402;351;315;304;294;288
2604052;Daleszyce;1698;1723;1675;1348;1167;1215;1101;1032;1006;1099;1165;1002;975;884;706;654;668;640;456;341;321;319;392
2604062;Górno;1463;1425;1360;1117;967;907;859;832;843;922;881;774;613;541;389;388;341;387;281;244;253;228;273
2604072;Łagów;604;653;662;546;498;513;370;375;387;389;494;392;353;316;310;284;283;264;209;197;173;162;155
2604082;Łopuszno;1104;1095;1040;892;692;661;632;627;665;658;728;509;572;524;422;441;427;425;375;243;182;145;181
2604092;Masłów;871;868;823;667;567;510;507;513;543;628;635;521;524;440;390;390;367;340;218;189;192;182;230
2604102;Miedziana Góra;1021;1004;957;784;652;618;601;680;630;689;720;591;482;441;349;310;327;338;258;202;208;228;261
2604112;Mniów;1548;1572;1461;1308;1068;1047;1040;866;795;785;820;715;598;600;496;481;504;464;367;312;311;293;285
2604122;Morawica;1151;1119;997;777;649;655;654;642;734;767;867;700;538;456;373;343;362;335;282;222;235;246;272
2604132;Nowa Słupia;1311;1258;1183;1020;875;846;696;666;658;700;852;625;661;584;528;483;499;376;384;333;316;286;255
2604142;Piekoszów;1637;1575;1480;1252;1086;1045;1013;1001;980;1073;1153;966;830;777;546;523;458;455;320;294;288;303;387
2604152;Pierzchnica;448;448;438;385;325;364;367;374;366;370;393;318;313;264;199;187;198;216;163;151;138;109;123
2604162;Raków;671;646;629;534;479;491;472;423;466;406;462;294;319;276;229;220;234;200;182;155;159;162;133
2604172;Nowiny;662;629;607;509;411;393;383;433;441;485;500;366;334;290;217;204;190;183;152;109;111;130;142
2604182;Strawczyn;1015;1010;933;772;617;573;562;539;565;634;636;518;546;546;479;492;471;399;284;211;228;220;227
2604192;Zagnańsk;1294;1275;1119;909;760;792;694;757;716;923;915;753;732;557;517;473;406;387;289;214;224;215;246
2605000;Powiat konecki;12553;12428;11401;9794;8326;7973;7074;7070;7380;7218;7802;6261;5244;4216;3507;3405;3236;3743;2772;2624;2536;2422;2667
2605012;Fałków;662;674;635;536;480;411;311;339;367;337;315;233;239;165;128;149;122;130;98;112;101;113;105
2605022;Gowarczów;766;792;758;660;501;504;433;462;539;479;515;451;316;270;217;220;209;246;190;200;197;181;203
2605033;Końskie;4919;4880;4521;3721;3225;3135;2923;2913;3107;2957;3203;2555;2106;1631;1383;1322;1327;1564;1122;1095;1072;1024;1202
2605042;Radoszyce;1519;1503;1385;1117;972;904;733;785;828;846;886;656;555;471;383;390;396;417;332;289;282;273;293
2605052;Ruda Maleniecka;565;557;525;454;374;336;287;305;337;325;323;260;248;207;169;147;147;166;123;115;111;105;126
2605062;Słupia Konecka;277;286;313;236;200;178;139;154;145;133;161;110;97;72;70;66;65;75;65;51;72;53;50
2605072;Smyków;665;637;590;520;456;413;304;317;357;355;354;291;247;208;183;172;160;178;130;119;116;114;126
2605083;Stąporków;3180;3099;2674;2550;2118;2092;1944;1795;1700;1786;2045;1705;1436;1192;974;939;810;967;712;643;585;559;562
2606000;Powiat opatowski;5500;5634;5461;5103;4546;4490;5458;4746;5297;5583;5675;4990;4681;3857;3247;3139;3143;3108;3015;2811;2673;2546;2689
2606012;Baćkowice;365;370;346;356;321;344;422;348;399;424;449;392;333;266;229;237;232;222;228;222;212;213;214
2606022;Iwaniska;875;931;922;897;746;742;955;788;933;969;991;846;830;632;527;532;539;526;533;484;487;461;453
2606032;Lipnik;624;666;631;593;553;551;608;595;623;635;648;583;539;482;374;360;362;375;346;339;298;292;318
2606043;Opatów;1128;1145;1110;1081;1002;987;1253;999;1167;1242;1216;1064;1002;865;735;668;703;709;646;622;569;570;606
2606053;Ożarów;1233;1250;1220;1061;924;893;1086;988;997;1064;1048;928;907;727;617;598;560;577;590;512;481;435;489
2606062;Sadowie;316;326;325;281;255;248;314;271;301;320;344;324;292;235;197;199;193;198;175;167;170;177;185
2606072;Tarłów;542;566;527;492;455;424;476;431;488;562;570;498;448;379;344;330;347;311;296;258;270;229;242
2606082;Wojciechowice;417;380;380;342;290;301;344;326;389;367;409;355;330;271;224;215;207;190;201;207;186;169;182
2607000;Powiat ostrowiecki;14075;13551;12132;10446;8645;7331;9454;8708;8859;9150;9249;7560;6836;5525;4708;4311;3895;4221;3204;3000;3225;3266;3611
2607011;Ostrowiec Świętokrzyski;9150;8750;7745;6592;5320;4546;5929;5378;5368;5573;5615;4557;4081;3281;2769;2516;2354;2555;1892;1791;1959;1980;2233
2607022;Bałtów;413;439;391;304;278;240;278;268;280;298;277;213;232;190;172;147;137;136;101;101;111;93;111
2607032;Bodzechów;1539;1495;1401;1301;1112;889;1168;1080;1171;1196;1215;1036;930;761;635;615;509;587;463;439;466;473;468
2607043;Ćmielów;906;921;822;751;638;558;681;654;673;685;682;575;532;435;406;343;317;339;239;244;234;247;282
2607053;Kunów;1465;1347;1232;992;879;756;1002;917;970;986;1025;822;738;585;508;477;408;426;347;288;297;303;348
2607062;Waśniów;602;599;541;506;418;342;396;411;397;412;435;357;323;273;218;213;170;178;162;137;158;170;169
2608000;Powiat pińczowski;3167;3186;3048;2351;1776;1576;1622;1657;1665;1764;1886;1660;1508;1327;1139;1127;1081;1158;1063;1020;905;877;990
2608013;Działoszyce;430;416;414;336;279;237;228;236;204;218;249;239;205;168;131;144;135;157;143;132;113;118;134
2608022;Kije;364;351;358;270;215;180;178;176;189;206;221;184;183;154;128;141;124;124;106;84;106;98;108
2608032;Michałów;368;351;298;225;190;184;167;184;172;177;174;169;149;126;109;93;90;113;115;115;103;99;111
2608043;Pińczów;1756;1803;1746;1306;945;856;924;928;939;989;1062;920;831;762;654;641;625;658;585;586;489;467;538
2608052;Złota;249;265;232;214;147;119;125;133;161;174;180;148;140;117;117;108;107;106;114;103;94;95;99
2609000;Powiat sandomierski;6772;6722;6446;5467;4826;3875;4356;4295;4704;4759;5030;4187;3229;3140;2716;2471;2497;2657;2350;2291;2147;2131;2367
2609011;Sandomierz;1958;1977;1887;1534;1307;1080;1238;1193;1308;1364;1409;1209;952;921;802;743;742;825;685;647;584;597;665
2609022;Dwikozy;796;809;744;636;554;416;510;529;549;518;577;487;371;381;315;309;304;320;291;287;251;244;275
2609032;Klimontów;907;901;857;760;724;589;641;644;659;625;669;574;427;405;362;305;329;333;295;284;304;270;306
2609043;Koprzywnica;623;592;582;493;462;378;431;391;426;450;466;390;290;276;237;228;202;220;211;211;198;195;203
2609052;Łoniów;624;617;558;468;418;320;370;369;431;437;459;360;295;287;243;200;208;213;191;188;175;187;218
2609062;Obrazów;489;503;480;425;376;298;303;290;352;355;396;333;258;256;238;205;207;212;200;196;209;197;210
2609072;Samborzec;673;617;641;544;504;378;393;421;452;457;471;345;253;247;214;202;208;228;200;196;176;165;197
2609082;Wilczyce;297;314;311;272;210;185;196;200;229;246;245;211;169;151;124;126;135;141;138;143;113;134;145
2609093;Zawichost;405;392;386;335;271;231;274;258;298;307;338;278;214;216;181;153;162;165;139;139;137;142;148
2610000;Powiat skarżyski;10394;10717;9962;8789;7844;6567;7267;7316;7400;7646;7703;6653;5808;4964;3811;3901;3593;4176;3865;3406;3365;3268;3421
2610011;Skarżysko-Kamienna;6010;6099;5589;4952;4294;3574;3947;4031;4119;4295;4232;3583;3088;2645;2088;2096;1919;2282;2077;1803;1776;1724;1866
2610022;Bliżyn;1495;1512;1440;1245;1225;953;1050;1149;1132;1168;1163;1029;930;794;607;614;568;632;599;508;504;463;488
2610032;Łączna;636;666;610;527;492;415;500;485;472;468;483;442;394;312;229;266;243;263;253;230;244;239;238
2610042;Skarżysko Kościelne;782;945;903;779;727;670;702;704;709;738;759;628;582;485;360;363;351;429;391;363;333;346;316
2610053;Suchedniów;1471;1495;1420;1286;1106;955;1068;947;968;977;1066;971;814;728;527;562;512;570;545;502;508;496;513
2611000;Powiat starachowicki;10455;10291;9459;7099;5268;5357;6974;6741;6751;7215;6975;5527;4815;4106;3524;3135;3188;3469;3337;3242;3314;3109;3101
2611011;Starachowice;5660;5511;5040;3840;2854;2986;3924;3689;3721;3947;3786;3036;2641;2283;1946;1715;1700;1814;1724;1707;1742;1634;1633
2611022;Brody;1416;1453;1280;953;731;727;941;934;890;957;976;767;663;564;476;446;469;531;480;468;510;454;426
2611032;Mirzec;862;897;834;621;461;459;594;583;594;613;597;470;385;323;293;251;283;297;308;297;288;277;277
2611042;Pawłów;1579;1498;1431;1045;777;757;902;959;989;1066;1000;783;675;553;471;414;435;499;490;473;472;452;485
2611053;Wąchock;938;932;874;640;445;428;613;576;557;632;616;471;451;383;338;309;301;328;335;297;302;292;280
2612000;Powiat staszowski;6089;6375;5906;5237;4328;3586;3924;3773;4036;4175;4153;3640;3051;2890;2339;2265;2107;2275;1729;1632;1712;1635;1886
2612012;Bogoria;674;676;676;600;487;383;450;431;484;492;492;459;365;345;294;289;262;243;201;204;217;224;249
2612022;Łubnice;292;313;246;241;177;152;190;180;173;207;192;157;126;105;95;82;83;88;77;75;68;75;83
2612032;Oleśnica;326;321;298;272;239;225;245;246;232;254;252;234;177;164;138;134;129;112;102;101;103;94;105
2612043;Osiek;867;935;919;768;661;519;505;436;512;601;576;489;464;414;314;274;262;299;211;194;220;186;217
2612053;Połaniec;1034;1135;973;879;685;614;613;624;694;664;639;462;463;430;360;347;311;381;263;223;254;243;261
2612062;Rytwiany;505;592;524;470;389;344;400;351;374;370;377;359;269;265;212;213;205;208;155;162;137;131;164
2612073;Staszów;2096;2086;1985;1732;1459;1174;1320;1315;1385;1373;1415;1305;1040;1003;804;804;743;823;634;575;624;603;716
2612082;Szydłów;295;317;285;275;231;175;201;190;182;214;210;175;147;164;122;122;112;121;86;98;89;79;91
2613000;Powiat włoszczowski;5653;5520;4989;4036;3173;3013;3025;3049;2930;2965;3172;2670;1839;1755;1430;1300;1418;1539;1258;1125;1041;1010;1065
2613012;Kluczewsko;585;614;574;489;386;363;378;397;379;371;421;343;233;229;191;160;170;172;161;120;101;113;116
2613022;Krasocin;1382;1331;1159;958;765;749;765;771;682;732;784;683;423;479;360;341;355;396;304;307;302;283;289
2613032;Moskorzew;355;328;284;239;220;208;215;222;187;195;224;159;112;114;97;80;98;91;95;75;79;73;66
2613042;Radków;238;236;212;170;142;122;133;136;137;139;142;126;99;88;68;75;69;69;72;50;47;55;54
2613052;Secemin;698;710;539;443;330;367;371;344;355;333;372;303;198;159;135;118;174;189;135;145;128;114;125
2613063;Włoszczowa;2395;2301;2221;1737;1330;1204;1163;1179;1190;1195;1229;1056;774;686;579;526;552;622;491;428;384;372;415
2661000;Powiat m. Kielce;16566;16727;15355;12687;10741;10469;11285;11438;10804;11686;12167;10514;9378;8326;6349;6024;5356;6092;5486;4480;4464;4301;5097
2661011;Kielce;16566;16727;15355;12687;10741;10469;11285;11438;10804;11686;12167;10514;9378;8326;6349;6024;5356;6092;5486;4480;4464;4301;5097
2800000;WARMIŃSKO-MAZURSKIE;170430;162361;150910;127574;98995;87420;109181;105942;107333;113223;115873;98139;83510;73079;60003;53141;45731;51475;42567;41069;39317;38879;43666
2801000;Powiat bartoszycki;9732;9420;9268;7938;6945;6791;7580;6730;6697;6590;6802;5977;5118;4966;4273;3849;3326;3348;3104;2956;2777;2577;2715
2801011;Bartoszyce;3306;3073;3051;2601;2173;2121;2425;2071;2081;2116;2117;1891;1568;1490;1258;1135;957;1064;933;892;811;749;840
2801021;Górowo Iławeckie;851;837;798;634;563;493;570;507;491;442;492;420;334;297;290;250;183;180;176;160;171;142;137
2801032;Bartoszyce;1893;1855;1787;1599;1405;1381;1536;1408;1409;1380;1391;1225;1051;1025;926;822;700;729;689;662;586;587;574
2801043;Bisztynek;1041;1061;1015;914;746;794;823;727;723;737;754;632;562;554;497;442;419;393;349;335;310;289;336
2801052;Górowo Iławeckie;1502;1476;1473;1159;1112;1051;1197;1039;1032;967;1057;982;861;875;729;678;620;556;555;549;567;484;489
2801063;Sępopol;1139;1118;1144;1031;946;951;1029;978;961;948;991;827;742;725;573;522;447;426;402;358;332;326;339
2802000;Powiat braniewski;6672;6557;6439;5790;5207;4356;4730;4364;4360;4562;4861;4196;3873;3535;3034;2863;2551;2499;2111;1910;1555;1565;1719
2802011;Braniewo;2415;2296;2219;2067;1713;1393;1592;1504;1401;1455;1505;1248;1159;1019;870;783;713;700;569;498;409;393;539
2802022;Braniewo;1044;1071;1098;941;863;736;797;704;788;798;810;731;722;663;552;548;473;447;376;333;290;293;282
2802033;Frombork;518;489;490;458;419;359;390;368;386;418;450;370;324;305;262;237;172;189;174;155;116;130;120
2802042;Lelkowo;622;661;650;607;581;454;525;472;461;473;539;488;411;399;349;337;316;315;259;223;187;182;172
2802053;Pieniężno;1096;1054;1039;899;856;755;708;650;649;744;812;694;646;617;519;523;457;425;389;343;242;270;311
2802062;Płoskinia;419;436;405;350;342;284;279;260;285;276;323;265;233;206;186;179;184;177;146;126;115;135;131
2802072;Wilczęta;558;550;538;468;433;375;439;406;390;398;422;400;378;326;296;256;236;246;198;232;196;162;164
2803000;Powiat działdowski;8843;8423;7244;5436;4398;4823;6210;5792;5767;6399;6536;5683;5023;4629;4041;3665;3201;3181;2659;2826;2760;2685;2986
2803011;Działdowo;2568;2398;1960;1395;1154;1330;1624;1554;1439;1593;1662;1432;1248;1192;983;846;832;857;670;751;672;640;819
2803022;Działdowo;1558;1524;1352;1008;783;879;1116;979;1002;1173;1176;1039;901;840;736;659;603;575;465;470;457;497;538
2803032;Iłowo-Osada;1034;871;627;432;355;424;528;539;495;650;699;651;612;535;468;435;358;341;295;286;285;295;332
2803043;Lidzbark;2033;2004;1797;1365;1081;1276;1613;1513;1625;1688;1674;1472;1273;1173;1056;981;751;774;720;763;786;703;705
2803052;Płośnica;676;680;619;498;459;421;581;542;550;611;600;489;436;430;380;339;306;290;260;270;290;265;275
2803062;Rybno;974;946;889;738;566;493;748;665;656;684;725;600;553;459;418;405;351;344;249;286;270;285;317
2804000;Powiat elbląski;8091;7758;7018;5910;4344;4286;5319;5456;5292;5615;6116;5325;4550;4127;3507;3183;2587;3096;2656;2446;2328;2280;2461
2804012;Elbląg;841;795;734;622;497;397;593;617;613;646;717;656;545;466;393;327;246;314;278;245;252;256;302
2804022;Godkowo;549;533;505;415;353;374;385;385;395;378;425;353;296;269;233;203;163;206;192;158;148;156;154
2804032;Gronowo Elbląskie;662;618;498;431;355;267;426;379;398;438;477;430;381;317;281;219;158;194;158;150;154;131;157
2804042;Markusy;515;518;445;365;272;181;303;318;328;354;432;396;319;272;233;226;137;198;160;161;155;161;188
2804052;Milejewo;369;373;330;278;234;184;255;287;263;288;310;281;236;222;155;139;107;120;106;104;94;83;81
2804063;Młynary;568;566;491;382;271;342;355;398;348;346;410;332;309;279;250;229;213;246;204;204;178;154;170
2804073;Pasłęk;2840;2672;2509;2151;1421;1645;1904;1969;1837;2086;2234;1862;1581;1490;1265;1189;1082;1232;989;921;878;892;939
2804082;Rychliki;769;743;674;545;413;453;520;506;488;505;530;494;426;423;360;305;275;314;306;284;246;244;244
2804093;Tolkmicko;978;940;832;721;528;443;578;597;622;574;581;521;457;389;337;346;206;272;263;219;223;203;226
2805000;Powiat ełcki;10065;9622;8980;8111;6552;6094;7675;7793;7906;8547;8201;6976;5861;5286;4416;4012;3503;3977;3391;3295;3152;3088;3167
2805011;Ełk;5397;5184;4841;4399;3529;3519;4721;4592;4933;5247;4977;4069;3394;3010;2500;2186;1931;2101;1804;1750;1674;1647;1809
2805022;Ełk;1860;1749;1616;1459;1111;1030;1215;1413;1201;1366;1327;1223;1153;1073;881;918;785;909;781;751;734;697;609
2805032;Kalinowo;994;929;875;810;731;631;670;686;672;732;725;669;498;487;404;346;302;372;326;295;310;313;296
2805042;Prostki;1177;1125;1088;972;782;633;723;759;752;820;771;668;544;466;429;371;337;400;316;317;290;299;294
2805052;Stare Juchy;637;635;560;471;399;281;346;343;348;382;401;347;272;250;202;191;148;195;164;182;144;132;159
2806000;Powiat giżycki;7555;7583;7133;6345;4815;3142;3951;3755;3250;3603;3717;3140;2884;2532;1849;1577;1565;1905;1428;1468;1487;1487;1741
2806011;Giżycko;3548;3517;3305;2959;2193;1530;1914;1815;1596;1789;1851;1500;1409;1217;860;749;709;888;646;679;705;666;839
2806042;Giżycko;1050;1087;1037;938;735;479;600;569;459;529;569;470;430;403;280;252;244;286;195;215;214;219;268
2806052;Kruklanki;444;472;483;430;311;184;207;202;169;172;199;185;174;150;105;90;107;113;95;93;94;87;103
2806062;Miłki;544;535;497;453;373;261;308;291;256;260;285;253;236;187;134;118;122;158;120;124;112;127;139
2806083;Ryn;979;969;891;775;605;337;463;431;388;410;407;342;295;270;234;171;177;222;177;155;175;168;169
2806102;Wydminy;990;1003;920;790;598;351;459;447;382;443;406;390;340;305;236;197;206;238;195;202;187;220;223
2807000;Powiat iławski;9951;9184;8886;7410;4445;3503;3983;3940;4472;4638;4272;3062;2492;2042;1670;1699;1541;1732;1351;1438;1411;1359;1762
2807011;Iława;3045;2698;2585;2085;1180;1093;1244;1255;1421;1369;1315;950;736;669;540;538;466;573;423;432;394;413;542
2807021;Lubawa;813;772;750;661;432;312;410;412;400;457;365;233;222;191;128;177;149;121;117;155;139;125;168
2807032;Iława;1203;1077;1082;987;512;410;505;508;577;619;605;437;344;294;238;231;198;215;193;189;198;172;262
2807043;Kisielice;917;819;798;612;402;330;329;393;469;425;435;248;167;153;108;127;118;113;99;112;126;125;127
2807052;Lubawa;710;712;719;612;351;225;332;269;311;368;261;164;155;117;90;115;96;97;72;117;122;98;128
2807063;Susz;2159;2048;1974;1623;1098;856;888;844;1013;1083;944;764;631;440;418;353;343;416;315;319;331;330;408
2807073;Zalewo;1104;1058;978;830;470;277;275;259;281;317;347;266;237;178;148;158;171;197;132;114;101;96;127
2808000;Powiat kętrzyński;8311;8265;7949;6962;5427;4804;6055;6009;6292;6469;6618;6216;5475;4574;3461;3471;3375;3739;3217;3135;2778;2773;2882
2808011;Kętrzyn;3046;2919;2670;2295;1864;1683;2104;1986;2122;2138;2283;2093;1788;1463;1099;1092;1088;1247;1010;1001;906;891;945
2808022;Barciany;917;966;979;904;695;580;731;767;821;806;828;770;651;545;434;421;404;443;423;415;350;361;378
2808032;Kętrzyn;1215;1187;1159;1005;825;736;915;880;926;959;937;959;820;664;524;562;554;626;534;524;462;473;460
2808043;Korsze;1575;1652;1604;1414;1024;953;1162;1225;1209;1314;1299;1208;1143;964;733;737;722;756;665;629;533;521;545
2808053;Reszel;929;909;903;764;566;516;703;678;753;790;797;732;681;590;400;414;355;416;363;349;342;334;377
2808062;Srokowo;629;632;634;580;453;336;440;473;461;462;474;454;392;348;271;245;252;251;222;217;185;193;177
2809000;Powiat lidzbarski;6058;6193;5827;5302;4329;3603;4322;3946;3854;3787;4189;3646;3174;2816;2297;1970;1709;1737;1476;1304;1243;1319;1494
2809011;Lidzbark Warmiński;2069;2164;1924;1708;1365;1090;1357;1252;1174;1150;1275;1083;920;839;650;564;484;483;418;370;409;428;457
2809022;Kiwity;515;535;566;531;413;301;376;317;321;265;323;295;267;200;188;154;121;128;97;99;107;93;114
2809032;Lidzbark Warmiński;1112;1155;1127;1087;865;622;698;622;582;610;699;604;525;470;384;312;242;273;224;198;194;229;242
2809042;Lubomino;508;495;461;430;383;354;385;375;366;382;415;352;297;272;243;216;199;193;173;147;133;146;135
2809053;Orneta;1854;1844;1749;1546;1303;1236;1506;1380;1411;1380;1477;1312;1165;1035;832;724;663;660;564;490;400;423;546
2810000;Powiat mrągowski;7299;6640;5933;5001;4355;3652;4184;4158;4097;4393;4258;3583;3193;2783;2061;1973;1757;1929;1550;1485;1324;1251;1557
2810011;Mrągowo;2834;2521;2199;1833;1573;1347;1584;1582;1577;1699;1598;1358;1240;1090;798;752;699;736;586;548;502;477;635
2810023;Mikołajki;1349;1324;1265;1116;988;888;879;934;876;898;888;750;637;523;449;452;383;424;365;364;330;315;351
2810032;Mrągowo;1157;1048;850;711;617;511;627;618;619;675;682;584;525;490;317;277;227;300;215;219;191;163;209
2810042;Piecki;1127;1017;979;781;686;571;659;611;605;699;650;544;478;396;260;260;259;260;224;200;194;197;245
2810052;Sorkwity;832;730;640;560;491;335;435;413;420;422;440;347;313;284;237;232;189;209;160;154;107;99;117
2811000;Powiat nidzicki;4171;4176;3551;2868;2250;2060;2218;2138;2243;2489;2432;1896;1611;1256;940;879;720;700;581;618;655;627;772
2811012;Janowiec Kościelny;329;347;284;211;193;170;177;176;191;192;214;172;141;92;66;56;59;55;39;48;51;46;59
2811022;Janowo;351;341;292;246;186;155;187;155;154;175;178;137;125;97;59;57;48;56;50;39;55;44;62
2811032;Kozłowo;944;963;892;689;555;532;531;535;553;618;641;466;390;327;252;236;164;162;152;139;145;149;179
2811043;Nidzica;2547;2525;2083;1722;1316;1203;1323;1272;1345;1504;1399;1121;955;740;563;530;449;427;340;392;404;388;472
2812000;Powiat nowomiejski;4736;4590;4679;4066;2988;2056;3066;3162;3494;3595;3899;3122;2340;1682;1342;1295;1243;1451;1543;1666;1560;1532;1810
2812011;Nowe Miasto Lubawskie;1109;1070;1126;962;624;481;754;771;809;853;882;679;515;374;321;326;294;363;370;372;356;337;436
2812022;Biskupiec;1141;1183;1157;1024;844;569;720;818;923;967;1086;897;662;503;381;344;318;359;406;410;388;387;423
2812032;Grodziczno;580;503;531;492;386;252;371;369;404;402;449;402;268;199;169;172;174;201;195;224;223;195;213
2812042;Kurzętnik;1026;974;957;808;603;385;655;628;682;677;735;549;420;295;233;219;211;232;289;326;280;298;366
2812052;Bratian;880;860;908;780;531;369;566;576;676;696;747;595;475;311;238;234;246;296;283;334;313;315;372
2813000;Powiat olecki;4278;3983;3832;3346;2481;2946;3110;2950;3027;3224;3271;2871;2501;2206;1913;1572;1273;1475;1263;1263;1636;1436;1525
2813032;Kowale Oleckie;833;798;771;660;504;594;612;558;556;613;589;521;462;424;384;311;235;264;231;236;272;258;254
2813043;Olecko;2517;2300;2180;1845;1360;1618;1670;1632;1716;1892;1884;1614;1414;1192;1022;862;669;813;691;662;884;768;868
2813052;Świętajno;550;530;535;510;374;419;512;447;455;426;466;457;393;361;327;265;220;240;207;225;282;244;230
2813062;Wieliczki;378;355;346;331;243;315;316;313;300;293;332;279;232;229;180;134;149;158;134;140;198;166;173
2814000;Powiat olsztyński;12643;11569;10730;9051;6842;5440;7687;7574;7801;8488;8949;7714;6649;5919;5175;4230;3424;4240;3100;2815;2645;2588;2846
2814013;Barczewo;1770;1599;1495;1369;1002;647;1070;1045;1037;1094;1177;1017;900;800;701;582;450;533;390;307;307;306;322
2814023;Biskupiec;2228;2043;1867;1624;1385;1199;1543;1457;1504;1599;1734;1502;1248;1131;902;765;657;823;627;544;570;520;637
2814033;Dobre Miasto;1675;1485;1388;1185;1090;899;1125;1094;1112;1120;1203;1075;935;825;814;725;629;789;626;681;563;573;590
2814042;Dywity;775;666;616;468;299;279;418;433;482;514;514;439;388;329;306;234;201;274;184;182;163;180;185
2814052;Gietrzwałd;549;542;494;366;242;221;334;364;348;388;401;353;269;266;225;149;139;182;118;85;84;77;85
2814063;Jeziorany;1026;880;876;750;597;477;613;610;659;741;797;694;617;550;516;439;338;382;291;250;227;252;261
2814072;Jonkowo;552;529;498;439;252;180;361;345;361;389;404;361;335;280;254;195;147;174;147;146;113;94;109
2814082;Kolno;481;440;420;402;330;292;313;293;346;369;385;329;260;226;205;162;141;173;107;112;107;95;113
2814093;Olsztynek;1706;1590;1416;1124;756;587;882;926;846;995;1051;856;724;610;536;393;251;266;167;142;149;167;179
2814102;Purda;897;861;810;674;457;302;453;463;493;594;553;484;412;375;319;249;215;277;182;161;145;135;145
2814112;Stawiguda;446;447;396;315;192;176;280;281;295;370;377;307;283;271;204;187;131;213;130;101;111;104;125
2814122;Świątki;538;487;454;335;240;181;295;263;318;315;353;297;278;256;193;150;125;154;131;104;106;85;95
2815000;Powiat ostródzki;14546;13368;12510;10722;8222;6781;8868;7841;8212;8857;9114;7376;5882;5405;4471;4155;3568;3780;3074;2935;2816;3055;3310
2815011;Ostróda;3526;3193;3001;2521;1777;1519;1945;1795;1931;2146;2092;1653;1233;1091;898;910;748;776;602;607;511;593;705
2815022;Dąbrówno;728;672;668;580;468;338;495;401;416;501;467;387;318;318;276;236;175;188;144;161;155;164;192
2815032;Grunwald;1037;977;921;801;631;430;612;535;564;603;714;549;443;402;343;321;217;228;161;182;157;168;165
2815042;Łukta;605;589;592;535;431;323;395;363;402;466;470;357;291;271;217;199;201;187;157;132;102;101;131
2815052;Małdyty;982;861;823;672;563;480;547;495;499;597;556;483;390;372;286;286;263;306;250;233;252;237;250
2815063;Miłakowo;999;932;790;746;632;593;747;618;655;663;694;566;485;449;370;332;306;340;262;246;266;276;299
2815073;Miłomłyn;788;766;722;610;498;359;473;418;420;452;478;390;325;282;243;194;189;166;147;141;125;132;125
2815083;Morąg;3757;3356;3079;2672;2037;1818;2476;2282;2221;2222;2403;2034;1641;1575;1269;1139;1017;1170;1033;946;938;1026;1040
2815092;Ostróda;2124;2022;1914;1585;1185;921;1178;934;1104;1207;1240;957;756;645;569;538;452;419;318;287;310;358;403
2816000;Powiat piski;7826;8199;8027;6362;5401;5057;6090;6091;6323;5790;6306;5305;4616;3440;2586;2019;1853;2211;1995;1853;1813;1851;1967
2816013;Biała Piska;1686;1954;1915;1522;1246;1242;1483;1525;1601;1478;1696;1449;1144;967;689;521;516;616;521;481;435;454;415
2816023;Orzysz;1480;1423;1369;1172;1010;1040;1169;1164;1134;1001;1041;905;772;560;403;309;268;350;325;284;293;298;314
2816033;Pisz;3240;3530;3427;2623;2178;1959;2460;2520;2732;2489;2719;2259;2075;1458;1088;854;792;932;878;844;813;835;966
2816043;Ruciane-Nida;1420;1292;1316;1045;967;816;978;882;856;822;850;692;625;455;406;335;277;313;271;244;272;264;272
2817000;Powiat szczycieński;8639;8026;7806;6734;5495;5077;6367;6605;6405;6479;6342;5413;4074;3282;2604;2116;1954;2278;1933;1794;1916;1960;2344
2817011;Szczytno;2736;2428;2332;1990;1733;1693;1979;2055;1894;2025;1961;1738;1272;978;820;659;595;698;575;580;589;589;776
2817022;Dźwierzuty;950;911;855;727;568;556;697;737;716;733;765;648;480;356;315;246;237;271;235;204;205;190;230
2817032;Jedwabno;570;541;508;431;346;321;391;398;411;417;402;307;255;202;174;147;102;123;104;109;121;125;126
2817043;Pasym;609;528;539;461;340;305;450;492;445;450;437;351;281;221;186;131;110;136;131;110;152;119;150
2817052;Rozogi;666;685;645;596;471;409;530;549;544;543;512;453;296;268;184;149;153;181;138;123;138;149;180
2817062;Szczytno;1254;1142;1221;1107;915;843;1082;1103;1165;1118;1083;914;732;593;450;353;376;437;347;332;356;415;429
2817072;Świętajno;880;831;803;712;562;466;656;701;647;628;586;515;359;324;235;208;167;202;179;150;152;155;193
2817082;Wielbark;974;960;903;710;560;484;582;570;583;565;596;487;399;340;240;223;214;230;224;186;203;218;260
2818000;Powiat gołdapski;4642;4416;3982;3242;2354;2200;2434;2071;2180;2410;2394;1991;1784;1590;1076;940;842;864;678;747;597;576;608
2818012;Banie Mazurskie;768;741;702;615;463;395;423;359;382;418;426;360;335;305;207;166;178;180;132;148;109;110;104
2818022;Dubeninki;601;572;547;466;343;297;329;257;288;268;305;277;234;212;158;118;123;109;93;98;96;84;66
2818033;Gołdap;3273;3103;2733;2161;1548;1508;1682;1455;1510;1724;1663;1354;1215;1073;711;656;541;575;453;501;392;382;438
2819000;Powiat węgorzewski;3634;3537;3315;3050;2533;2043;2200;2115;2176;2337;2384;2120;1818;1670;1386;1228;1025;1105;904;742;712;727;735
2819012;Budry;582;556;503;470;419;321;334;311;340;389;389;371;304;284;227;224;183;187;169;134;116;111;112
2819022;Pozezdrze;526;520;505;435;330;271;307;320;331;329;338;281;262;223;191;165;146;147;108;93;88;88;89
2819033;Węgorzewo;2526;2461;2307;2145;1784;1451;1559;1484;1505;1619;1657;1468;1252;1163;968;839;696;771;627;515;508;528;534
2861000;Powiat m. Elbląg;12942;11841;10187;8298;5891;5066;7006;7589;7245;7687;7890;6598;5454;4818;3826;3358;2311;3204;2623;2627;2426;2451;2992
2861011;Elbląg;12942;11841;10187;8298;5891;5066;7006;7589;7245;7687;7890;6598;5454;4818;3826;3358;2311;3204;2623;2627;2426;2451;2992
2862000;Powiat m. Olsztyn;9796;9011;7614;5630;3721;3640;6126;5863;6240;7264;7322;5929;5138;4521;4075;3087;2403;3024;1930;1746;1726;1692;2273
2862011;Olsztyn;9796;9011;7614;5630;3721;3640;6126;5863;6240;7264;7322;5929;5138;4521;4075;3087;2403;3024;1930;1746;1726;1692;2273
3000000;WIELKOPOLSKIE;247869;232251;211420;169089;112827;91441;133563;135172;134954;147902;144832;116410;93311;77697;58857;50867;46313;60958;49850;46289;46531;46625;56059
3001000;Powiat chodzieski;4778;4555;4253;3190;2114;2175;2853;2957;3086;3226;3113;2564;2072;1935;1482;1326;1402;1611;1375;1301;1410;1392;1442
3001011;Chodzież;1771;1619;1496;1158;722;798;1035;1077;1146;1193;1153;869;690;635;467;414;452;521;470;391;445;443;469
3001022;Budzyń;900;864;837;615;380;406;531;511;535;578;525;406;330;318;218;220;207;223;194;202;227;216;228
3001032;Chodzież;640;633;588;421;318;313;392;391;395;397;389;367;227;213;169;168;172;206;159;172;182;172;180
3001043;Margonin;627;638;599;454;333;328;376;398;422;416;460;396;364;310;305;254;281;293;243;239;247;250;274
3001053;Szamocin;840;801;733;542;361;330;519;580;588;642;586;526;461;459;323;270;290;368;309;297;309;311;291
3002000;Powiat czarnkowsko-trzcianecki;9238;7983;7162;5732;3715;3778;5253;4868;4783;4877;4715;3840;2705;2273;1609;1435;1369;1525;1065;1322;1403;1436;1826
3002011;Czarnków;1117;933;804;660;473;375;512;461;460;469;439;374;227;188;111;112;99;156;97;139;123;143;201
3002022;Czarnków;960;828;715;655;435;408;566;503;502;540;552;465;240;181;93;86;81;152;94;108;131;136;188
3002032;Drawsko;589;510;443;290;211;305;441;361;349;356;392;302;269;230;196;190;161;158;118;165;146;144;169
3002043;Krzyż Wielkopolski;984;888;829;715;477;536;692;638;643;594;617;507;424;369;269;250;234;199;176;218;208;187;240
3002052;Lubasz;657;532;470;365;240;202;264;297;266;291;239;246;156;103;72;67;69;82;63;62;51;69;110
3002062;Połajewo;470;436;380;302;184;157;215;221;246;267;221;198;164;96;67;65;45;63;28;60;68;79;85
3002073;Trzcianka;3046;2575;2358;1732;1131;1152;1674;1574;1517;1594;1487;1151;726;664;477;382;418;452;262;266;368;375;494
3002083;Wieleń;1415;1281;1163;1013;564;643;889;813;800;766;768;597;499;442;324;283;262;263;227;304;308;303;339
3003000;Powiat gnieźnieński;12885;12737;11075;8996;5936;4996;5999;6386;6802;7561;7762;6172;4705;3849;3102;2357;1802;2059;2070;2171;2225;2180;2551
3003011;Gniezno;6788;6707;5883;4855;3088;2763;3456;3397;3546;3886;3936;3070;2403;1929;1634;1196;921;942;1053;1111;1149;1081;1300
3003023;Czerniejewo;661;647;602;452;334;251;295;277;297;368;355;274;186;160;132;102;72;102;99;115;116;118;127
3003032;Gniezno;478;458;348;221;202;162;188;397;415;494;513;431;302;248;206;147;119;166;152;149;159;157;213
3003042;Kiszkowo;439;443;326;282;132;125;177;177;213;228;236;167;129;109;83;64;45;58;56;75;71;76;77
3003053;Kłecko;666;691;610;519;309;215;265;280;347;374;400;319;231;189;136;110;75;112;90;81;101;96;113
3003062;Łubowo;381;377;355;277;164;159;200;200;241;270;283;231;165;132;90;75;59;69;68;87;86;86;93
3003072;Mieleszyn;351;358;338;296;243;166;163;178;200;220;225;179;118;106;88;77;49;55;51;51;51;53;61
3003082;Niechanowo;411;449;379;333;241;198;222;258;295;293;308;241;187;153;130;89;79;76;84;84;81;87;101
3003093;Trzemeszno;1591;1473;1218;960;606;485;499;601;616;710;772;609;486;390;283;211;163;203;197;200;217;234;246
3003103;Witkowo;1119;1134;1016;801;617;472;534;621;632;718;734;651;498;433;320;286;220;276;220;218;194;192;220
3004000;Powiat gostyński;6577;6129;5737;4952;3801;3361;3930;3930;3922;3941;3818;3356;2635;2347;1984;1816;1651;1901;1674;1546;1653;1569;1585
3004013;Borek Wielkopolski;675;649;602;533;368;278;349;369;382;397;369;323;246;227;194;165;146;167;156;158;152;162;157
3004023;Gostyń;2646;2477;2335;1959;1556;1415;1656;1620;1568;1606;1560;1394;1089;961;830;763;678;790;649;595;684;643;640
3004033;Krobia;1001;953;909;765;575;553;622;653;686;642;670;531;440;342;292;285;239;259;244;233;247;207;229
3004042;Pępowo;479;396;363;346;298;269;298;263;246;239;248;244;184;187;132;135;133;139;124;112;100;114;103
3004052;Piaski;752;703;636;578;418;364;398;407;426;442;414;359;280;246;211;189;179;196;195;166;190;199;200
3004063;Pogorzela;407;360;339;322;275;190;245;232;224;221;216;197;166;139;133;112;103;146;130;131;121;100;109
3004073;Poniec;617;591;553;449;311;292;362;386;390;394;341;308;230;245;192;167;173;204;176;151;159;144;147
3005000;Powiat grodziski;2668;2170;2006;1479;1115;935;1796;1748;1985;2377;2031;1745;1455;1168;1006;943;763;929;935;950;1002;985;1081
3005012;Granowo;269;260;224;159;105;70;172;165;187;241;224;168;148;126;101;90;70;92;88;107;98;83;86
3005023;Grodzisk Wielkopolski;1062;851;770;630;491;394;768;747;831;994;793;692;593;476;422;409;338;379;397;418;423;426;464
3005032;Kamieniec;348;280;215;153;124;101;200;211;217;296;226;187;153;134;112;115;88;127;108;113;151;128;139
3005043;Rakoniewice;704;530;542;386;266;250;457;434;507;566;536;495;385;336;278;236;195;239;260;223;232;252;277
3005053;Wielichowo;285;249;255;151;129;120;199;191;243;280;252;203;176;96;93;93;72;92;82;89;98;96;115
3006000;Powiat jarociński;7148;6500;6121;5041;3379;2571;3732;4010;3309;3652;3614;2863;2379;1536;1241;1032;1012;1417;1263;1109;1140;1241;1565
3006012;Jaraczewo;732;711;652;556;380;311;421;448;369;444;401;326;284;203;180;130;127;161;151;120;141;143;174
3006023;Jarocin;4468;3950;3751;2970;2019;1603;2356;2496;2097;2235;2177;1724;1411;922;746;629;640;903;803;698;711;805;1048
3006032;Kotlin;756;727;668;604;436;279;402;468;346;379;427;307;282;179;127;116;90;134;135;117;120;121;132
3006043;Żerków;1192;1112;1050;911;544;378;553;598;497;594;609;506;402;232;188;157;155;219;174;174;168;172;211
3007000;Powiat kaliski;5895;5559;5144;4588;2442;1750;2536;2493;2497;2654;2585;2107;1623;1319;905;742;691;880;834;953;904;1013;1207
3007012;Blizanów;649;614;579;523;199;159;281;266;289;287;283;234;155;149;100;91;83;102;97;107;106;112;149
3007022;Brzeziny;442;402;400;394;219;151;194;216;192;184;215;170;122;105;62;65;50;59;70;62;50;69;77
3007032;Ceków-Kolonia;361;349;324;216;132;80;145;137;154;131;145;107;92;63;45;39;31;45;53;61;52;77;82
3007042;Godziesze Wielkie;536;500;474;457;273;189;262;282;310;329;308;227;183;162;104;92;87;93;97;116;123;113;140
3007052;Koźminek;596;588;520;497;265;202;246;243;253;272;259;209;162;130;87;55;61;85;70;87;83;100;124
3007062;Lisków;348;345;323;275;151;100;145;155;139;173;143;121;100;75;53;45;48;52;56;55;60;52;66
3007072;Mycielin;376;384;367;292;124;115;165;136;146;171;171;122;104;80;54;38;42;53;53;52;48;54;70
3007082;Opatówek;709;629;612;516;304;257;340;303;302;335;298;260;196;143;104;78;68;106;93;104;109;119;146
3007093;Stawiszyn;632;636;558;504;249;138;234;228;212;247;237;209;158;136;111;92;75;97;84;93;95;96;114
3007102;Szczytniki;604;535;481;444;237;193;260;260;250;277;257;223;178;122;78;70;65;94;78;112;86;112;117
3007112;Żelazków;642;577;506;470;289;166;264;267;250;248;269;225;173;154;107;77;81;94;83;104;92;109;122
3008000;Powiat kępiński;3168;2148;1975;1330;802;785;1192;1470;1714;1570;1392;972;772;659;606;585;523;664;566;598;521;516;561
3008012;Baranów;311;238;184;109;63;73;111;148;177;164;162;100;85;76;56;67;68;72;65;72;61;59;59
3008022;Bralin;321;236;200;129;80;74;101;126;174;157;143;86;59;57;53;47;44;61;54;66;52;46;63
3008033;Kępno;1625;1086;1002;728;407;425;631;748;857;804;666;482;380;328;328;313;272;345;289;266;259;255;271
3008042;Łęka Opatowska;204;126;134;70;56;60;86;109;121;104;106;71;57;44;39;34;28;45;31;53;41;46;41
3008052;Perzów;209;132;119;74;40;34;81;91;114;113;106;84;62;55;48;45;39;51;39;61;43;51;49
3008062;Rychtal;252;177;172;113;92;59;101;125;133;112;99;79;68;43;40;35;36;44;46;40;32;26;40
3008072;Trzcinica;246;153;164;107;64;60;81;123;138;116;110;70;61;56;42;44;36;46;42;40;33;33;38
3009000;Powiat kolski;9800;9064;8708;7080;5690;4315;5436;4878;5200;5345;5553;4945;4286;3304;1989;1413;1283;1518;949;929;1076;1021;1302
3009011;Koło;2718;2413;2335;1797;1383;1179;1533;1447;1454;1395;1482;1288;1070;855;497;411;354;443;258;296;316;286;385
3009022;Babiak;919;844;831;690;587;408;489;446;505;531;554;463;417;304;164;96;111;129;65;80;89;100;104
3009032;Chodów;466;418;403;354;299;160;221;208;200;241;275;257;225;143;87;49;52;54;41;32;35;30;42
3009043;Dąbie;839;742;729;625;487;367;441;367;434;449;462;386;359;285;165;108;85;114;69;39;65;73;86
3009052;Grzegorzew;556;551;550;462;322;219;310;273;318;346;354;322;263;216;142;86;88;79;73;51;79;56;91
3009063;Kłodawa;1236;1168;1105;922;787;687;798;650;714;715;749;682;594;446;272;190;177;197;115;109;146;130;182
3009072;Koło;679;655;614;541;398;300;401;378;367;387;386;349;305;236;155;117;117;118;85;84;81;96;108
3009082;Kościelec;772;723;670;491;415;254;366;334;386;415;403;358;306;260;154;102;94;137;78;70;75;75;87
3009092;Olszówka;459;437;392;324;273;224;262;202;239;255;253;246;204;152;90;67;56;59;56;50;57;48;68
3009102;Osiek Mały;707;693;653;502;415;329;384;344;372;371;386;355;302;225;147;104;82;109;57;72;79;82;80
3009113;Przedecz;449;420;426;372;324;188;231;229;211;240;249;239;241;182;116;83;67;79;52;46;54;45;69
3010000;Powiat koniński;13085;12915;12194;10289;8440;5532;7214;7928;7780;8476;8667;7816;6942;6561;5038;3935;3796;4372;3712;3559;3423;3424;3849
3010013;Golina;1318;1254;1169;924;739;491;741;804;825;875;944;825;719;680;504;414;413;479;400;365;314;337;373
3010022;Grodziec;593;526;490;421;356;191;256;283;256;276;286;269;219;201;135;103;106;120;114;114;111;103;132
3010032;Kazimierz Biskupi;1020;1002;997;814;663;469;605;662;673;733;739;602;557;538;392;369;302;358;303;304;291;292;343
3010043;Kleczew;1006;1058;1067;849;734;444;572;644;572;685;629;602;522;468;338;272;289;307;241;240;201;230;262
3010052;Kramsk;1045;1029;948;807;696;522;639;720;754;822;873;798;717;675;540;403;389;452;375;364;339;335;342
3010062;Krzymów;752;762;687;534;441;292;408;477;442;503;528;450;366;365;285;248;223;248;201;189;160;173;184
3010073;Rychwał;786;781;669;626;462;294;354;423;440;468;455;385;333;274;212;213;171;199;168;158;179;180;209
3010082;Rzgów;621;622;560;476;392;255;386;405;383;415;429;368;301;312;234;186;165;180;186;178;181;184;214
3010092;Skulsk;698;693;676;623;502;380;439;466;454;446;451;431;392;371;308;172;183;235;215;200;215;179;175
3010103;Sompolno;1328;1349;1215;1103;859;543;695;667;680;743;764;697;640;606;469;342;357;382;333;355;353;325;357
3010112;Stare Miasto;899;843;776;669;548;372;538;592;533;630;595;555;466;471;387;256;241;295;263;218;219;239;276
3010123;Ślesin;1339;1313;1292;1025;645;565;732;842;837;864;920;851;811;773;593;455;452;521;436;419;398;406;465
3010132;Wierzbinek;889;881;892;780;517;376;390;438;451;515;540;508;451;406;327;258;269;319;247;249;242;239;280
3010142;Wilczyn;791;802;756;638;886;338;459;505;480;501;514;475;448;421;314;244;236;277;230;206;220;202;237
3011000;Powiat kościański;4809;4779;4182;2826;1671;1444;2584;2495;2415;2705;2519;1884;1637;1397;1024;890;808;1068;802;809;874;890;996
3011011;Kościan;1422;1478;1275;874;509;438;845;728;677;793;685;491;469;406;293;275;261;354;274;257;274;284;303
3011023;Czempiń;725;682;604;408;229;174;313;364;343;393;360;269;234;192;142;118;103;158;116;118;138;122;126
3011032;Kościan;958;942;852;622;344;261;493;521;487;526;487;383;302;272;200;177;159;225;146;153;169;164;192
3011043;Krzywiń;627;586;531;369;250;254;381;320;315;359;375;275;245;225;171;143;110;124;104;88;103;123;126
3011053;Śmigiel;1077;1091;920;553;339;317;552;562;593;634;612;466;387;302;218;177;175;207;162;193;190;197;249
3012000;Powiat krotoszyński;6913;5931;5398;4575;2937;3292;3679;3382;3382;3320;3168;2837;1948;1614;1304;1161;1019;1394;1103;1039;985;1073;1268
3012011;Sulmierzyce;286;262;232;196;93;132;144;142;145;139;129;113;74;45;45;43;30;42;41;32;34;20;35
3012023;Kobylin;644;512;440;408;288;320;334;308;316;292;283;262;171;173;116;118;121;138;131;127;99;140;144
3012033;Koźmin Wielkopolski;1125;989;870;743;477;489;597;555;561;560;510;465;295;248;202;169;147;213;159;152;161;155;183
3012043;Krotoszyn;3818;3251;2987;2504;1603;1772;1990;1841;1835;1818;1712;1530;1088;902;746;664;565;810;627;584;553;611;734
3012052;Rozdrażew;374;355;311;246;141;180;191;162;173;174;154;132;101;67;54;43;47;53;38;49;43;47;52
3012063;Zduny;666;562;558;478;335;399;423;374;352;337;380;335;219;179;141;124;109;138;107;95;95;100;120
3013000;Powiat leszczyński;3153;2982;2520;1908;1324;1125;1728;1890;1804;1921;1795;1367;1126;966;736;693;621;732;499;556;602;611;826
3013012;Krzemieniewo;505;523;457;332;243;240;311;348;296;309;294;238;175;146;115;115;107;105;80;89;84;59;95
3013022;Lipno;359;323;278;222;183;131;225;256;247;248;218;192;159;141;114;107;106;116;82;89;102;100;151
3013033;Osieczna;592;547;432;326;206;180;283;284;287;302;283;200;183;155;113;104;97;114;77;79;85;87;110
3013043;Rydzyna;561;488;438;340;245;189;303;335;320;351;326;226;206;160;115;109;102;127;79;76;97;118;130
3013052;Święciechowa;511;496;373;291;186;164;265;284;269;291;277;206;161;148;129;103;94;123;70;96;93;100;129
3013062;Wijewo;170;165;171;131;85;89;116;125;130;147;134;107;76;78;48;44;38;44;34;32;35;48;61
3013072;Włoszakowice;455;440;371;266;176;132;225;258;255;273;263;198;166;138;102;111;77;103;77;95;106;99;150
3014000;Powiat międzychodzki;3304;3231;2527;2173;1303;764;1285;1177;1188;1534;1459;992;873;667;577;575;552;713;709;610;578;630;738
3014012;Chrzypsko Wielkie;262;239;190;183;138;64;111;93;90;98;94;76;65;49;50;51;48;56;53;52;46;49;53
3014022;Kwilcz;687;669;567;463;284;151;265;246;208;255;263;165;185;137;126;123;121;162;152;159;124;129;142
3014033;Międzychód;1627;1598;1206;977;511;369;645;593;668;884;852;548;464;343;255;268;265;347;325;267;285;317;380
3014043;Sieraków;728;725;564;550;370;180;264;245;222;297;250;203;159;138;146;133;118;148;179;132;123;135;163
3015000;Powiat nowotomyski;4378;4148;3654;2548;1297;1181;1969;1837;1891;2214;1979;1388;1219;959;714;688;689;1032;755;746;826;720;954
3015012;Kuślin;350;389;311;215;109;91;137;116;140;162;153;110;94;81;68;58;61;86;77;58;66;55;65
3015023;Lwówek;722;767;738;526;306;243;319;324;340;355;326;254;201;175;117;102;108;173;123;135;142;112;115
3015032;Miedzichowo;288;268;231;187;119;94;115;126;124;140;129;102;80;59;49;49;42;56;50;46;43;23;44
3015043;Nowy Tomyśl;1410;1250;1149;755;378;369;694;663;626;730;649;467;404;276;219;244;245;364;251;288;315;250;363
3015053;Opalenica;901;868;741;501;236;212;318;309;346;491;390;272;245;223;159;125;141;225;153;137;153;177;210
3015063;Zbąszyń;707;606;484;364;149;172;386;299;315;336;332;183;195;145;102;110;92;128;101;82;107;103;157
3016000;Powiat obornicki;4864;4605;3922;2859;1701;1179;2034;2177;2261;2664;2587;1962;1492;1385;853;766;623;892;805;709;654;679;916
3016013;Oborniki;2572;2371;1982;1420;743;610;1162;1195;1216;1472;1352;970;790;769;483;427;370;533;454;420;383;419;556
3016023;Rogoźno;1520;1480;1312;994;695;401;611;678;737;820;896;739;524;447;258;259;181;255;236;213;193;198;257
3016032;Ryczywół;772;754;628;445;263;168;261;304;308;372;339;253;178;169;112;80;72;104;115;76;78;62;103
3017000;Powiat ostrowski;14062;12752;11783;8884;6019;5057;8167;7442;6536;7042;6628;5161;3962;3140;2166;2010;1854;2404;1869;1998;1994;1950;2521
3017011;Ostrów Wielkopolski;6339;5785;5398;3894;2669;2359;3795;3346;2830;3091;2874;2262;1800;1461;1016;977;894;1157;961;1008;1037;983;1315
3017023;Nowe Skalmierzyce;1102;956;848;641;411;344;514;535;440;505;456;354;248;176;96;126;121;167;114;138;115;133;174
3017033;Odolanów;1325;1195;1089;922;539;418;838;763;713;730;693;527;394;331;173;200;172;192;160;163;163;146;167
3017042;Ostrów Wielkopolski;1627;1484;1413;1102;804;630;951;856;708;759;739;569;433;328;272;250;233;280;198;208;202;213;277
3017052;Przygodzice;1060;925;863;595;441;368;684;578;519;557;540;419;287;214;158;138;107;185;115;141;145;132;179
3017063;Raszków;1039;1006;900;769;486;381;568;530;529;539;537;416;306;224;170;103;111;140;119;116;139;132;168
3017072;Sieroszewice;791;733;645;514;358;308;445;441;410;438;393;317;239;190;141;112;110;155;95;103;96;112;127
3017082;Sośnie;779;668;627;447;311;249;372;393;387;423;396;297;255;216;140;104;106;128;107;121;97;99;114
3018000;Powiat ostrzeszowski;3709;3122;2622;1766;1446;1184;2215;2234;2482;2531;2561;2096;1628;1362;1095;1067;983;1066;737;850;858;870;1012
3018012;Czajków;187;152;128;97;69;39;53;66;78;69;61;61;49;42;32;35;29;33;17;22;18;13;20
3018022;Doruchów;413;289;261;184;148;110;214;229;244;240;255;193;138;93;86;92;75;79;58;57;61;62;71
3018033;Grabów nad Prosną;483;430;363;246;184;171;254;264;312;286;308;252;176;140;107;100;113;106;77;105;89;73;97
3018042;Kobyla Góra;426;361;297;221;158;129;243;258;307;325;304;236;213;164;135;129;113;123;84;87;110;108;120
3018052;Kraszewice;249;209;155;115;95;72;103;129;144;124;126;100;82;63;44;49;39;47;29;47;44;55;50
3018063;Mikstat;451;413;294;162;158;124;224;208;243;238;224;199;147;130;87;81;89;91;67;88;80;73;91
3018073;Ostrzeszów;1500;1268;1124;741;634;539;1124;1080;1154;1249;1283;1055;823;730;604;581;525;587;405;444;456;486;563
3019000;Powiat pilski;11358;10568;9114;7228;5382;3975;5974;5984;6429;7451;6795;5360;4227;3690;2829;2429;2349;2931;2372;2196;2459;2333;2786
3019011;Piła;5371;5055;4254;3445;2646;2068;3125;3219;3353;3950;3557;2776;2086;1818;1479;1261;1152;1583;1223;1078;1292;1186;1458
3019022;Białośliwie;372;367;306;203;123;119;238;232;237;261;230;190;165;162;112;75;84;111;112;83;108;106;116
3019032;Kaczory;545;527;479;331;274;191;267;283;317;371;367;279;218;186;127;126;119;139;109;104;101;97;121
3019043;Łobżenica;1121;1008;875;687;506;309;448;411;502;534;462;405;368;330;244;209;210;216;183;192;203;199;206
3019052;Miasteczko Krajeńskie;247;241;208;156;131;82;145;146;150;152;150;96;92;94;57;36;48;54;48;50;48;50;49
3019062;Szydłowo;842;793;688;543;408;316;406;413;450;551;522;392;311;260;205;169;162;180;154;121;148;137;190
3019073;Ujście;667;490;497;401;311;249;355;368;415;467;426;316;209;175;130;121;133;178;142;130;126;128;136
3019083;Wyrzysk;1482;1370;1161;939;625;447;687;649;707;810;799;635;540;446;329;299;317;321;285;296;293;269;336
3019093;Wysoka;711;717;646;523;358;194;303;263;298;355;282;271;238;219;146;133;124;149;116;142;140;161;174
3020000;Powiat pleszewski;6249;6180;5996;4789;3247;2374;3130;3225;3113;3231;3406;2349;1652;1332;911;895;983;1346;945;875;761;797;989
3020012;Chocz;583;605;573;477;329;217;290;284;264;264;273;187;130;113;79;93;94;92;73;67;55;49;70
3020022;Czermin;481;502;476;385;261;181;221;263;253;268;305;197;146;94;68;62;65;100;73;62;69;60;68
3020032;Dobrzyca;654;684;637;476;343;270;307;354;333;341;332;240;153;149;96;107;108;156;105;80;68;82;95
3020042;Gizałki;515;553;540;466;308;170;239;270;247;259;261;162;125;107;66;75;68;99;66;63;54;59;87
3020052;Gołuchów;920;915;853;695;464;318;415;445;402;448;490;341;235;167;127;104;123;170;124;129;113;117;128
3020063;Pleszew;3096;2921;2917;2290;1542;1218;1658;1609;1614;1651;1745;1222;863;702;475;454;525;729;504;474;402;430;541
3021000;Powiat poznański;11433;11361;10593;8189;4332;2330;4846;5028;5383;7123;7152;5606;4720;4058;3249;2620;2152;4012;3338;2085;2117;2170;2751
3021011;Luboń;1086;1034;946;733;394;208;454;497;557;700;729;603;426;321;246;214;180;375;315;190;175;171;230
3021021;Puszczykowo;383;371;345;283;165;82;149;159;179;218;222;198;160;140;115;94;57;109;100;77;69;67;70
3021033;Buk;515;548;506;345;171;125;193;187;162;253;241;200;182;157;128;121;97;144;104;69;86;75;91
3021042;Czerwonak;851;826;785;592;300;190;407;373;427;512;547;395;340;289;228;178;137;255;222;131;159;156;172
3021052;Dopiewo;453;497;451;345;209;111;240;268;284;361;362;252;221;223;175;131;118;209;196;108;134;134;164
3021062;Kleszczewo;190;212;188;149;77;34;64;95;118;146;135;111;77;78;48;38;38;89;64;43;36;40;53
3021072;Komorniki;478;454;409;313;166;96;202;247;277;367;374;315;265;228;188;174;131;267;213;124;151;141;187
3021083;Kostrzyn;777;818;768;587;253;128;308;276;292;400;371;337;301;253;211;160;120;202;180;113;122;125;151
3021093;Kórnik;704;701;699;543;226;109;272;257;277;376;402;279;227;226;194;171;126;289;234;140;143;153;191
3021103;Mosina;1226;1148;1045;783;430;254;467;485;548;715;741;617;458;355;282;209;204;378;316;209;190;211;260
3021113;Murowana Goślina;725;760;664;546;286;125;310;306;315;443;398;317;272;203;167;123;108;172;172;96;88;82;112
3021123;Pobiedziska;796;815;804;685;391;161;301;318;332;514;491;373;282;250;197;161;110;203;187;109;95;111;150
3021132;Rokietnica;325;306;303;245;170;66;164;155;172;243;263;230;206;190;121;90;79;182;154;101;95;92;130
3021143;Stęszew;607;582;618;451;265;109;263;251;237;334;360;247;254;216;187;132;115;167;128;94;84;84;108
3021152;Suchy Las;326;328;312;240;136;84;181;202;209;283;249;188;198;179;144;84;68;172;140;93;101;101;120
3021163;Swarzędz;1437;1415;1264;981;483;322;614;669;686;900;885;639;551;445;346;344;284;538;418;253;265;294;370
3021172;Tarnowo Podgórne;554;546;486;368;210;126;257;283;311;358;382;305;300;305;272;196;180;261;195;135;124;133;192
3022000;Powiat rawicki;3636;3258;3024;2448;1929;2031;3172;2999;2759;2762;2749;2278;1758;1476;1267;1030;988;1173;884;918;934;932;1085
3022013;Bojanowo;723;668;607;442;334;364;522;520;454;500;472;392;380;298;238;188;169;200;150;149;150;149;163
3022023;Jutrosin;327;266;250;195;174;181;303;279;294;226;243;195;132;123;107;82;90;108;75;82;86;78;79
3022033;Miejska Górka;531;477;443;380;266;258;446;430;419;403;408;345;248;203;174;137;139;166;128;121;120;128;119
3022042;Pakosław;169;141;124;105;94;92;179;193;191;151;170;146;98;92;80;68;61;55;53;52;56;49;80
3022053;Rawicz;1886;1706;1600;1326;1061;1136;1722;1577;1401;1482;1456;1200;900;760;668;555;529;644;478;514;522;528;644
3023000;Powiat słupecki;6389;6045;5706;4790;3541;3066;3823;3868;3958;4122;4256;3404;2557;2160;1848;1753;1536;1812;1509;1488;1508;1532;1654
3023011;Słupca;1608;1418;1319;1092;714;655;842;871;918;933;943;752;559;485;414;428;349;440;352;353;347;351;395
3023022;Lądek;526;465;472;372;286;238;308;264;319;339;379;287;248;197;165;145;130;133;119;131;138;132;134
3023032;Orchowo;521;508;468;390;333;250;308;304;276;310;305;228;183;168;151;155;135;160;113;116;121;131;130
3023042;Ostrowite;577;555;537;466;323;300;389;411;389;396;398;321;228;209;183;180;156;166;145;147;139;126;158
3023052;Powidz;254;248;248;213;174;128;159;151;183;168;204;161;127;119;78;62;68;66;72;54;58;66;55
3023062;Słupca;847;813;795;651;490;418;561;546;589;608;634;542;439;367;320;285;269;313;255;254;278;257;272
3023072;Strzałkowo;1005;977;863;722;510;458;568;612;606;646;611;517;381;299;244;259;223;299;240;213;220;251;286
3023083;Zagórów;1051;1061;1004;884;711;619;688;709;678;722;782;596;392;316;293;239;206;235;213;220;207;218;224
3024000;Powiat szamotulski;5566;5438;5341;4186;2757;2290;3803;3733;3611;3915;3481;2555;2235;1765;1415;1181;962;1363;1239;1176;1194;1208;1406
3024011;Obrzycko;295;272;280;204;139;96;139;153;130;149;127;109;80;64;40;43;30;47;47;46;42;37;44
3024022;Duszniki;436;416;396;305;193;184;297;267;279;315;292;238;181;150;148;116;88;115;112;107;110;106;118
3024032;Kaźmierz;362;383;349;238;189;133;261;276;271;253;270;191;175;135;122;96;75;113;113;104;110;92;110
3024042;Obrzycko;283;242;271;235;154;123;181;225;218;242;230;159;145;121;105;81;73;78;78;74;70;77;84
3024053;Ostroróg;370;355;334;313;178;154;235;201;250;261;223;172;153;124;84;76;69;94;93;85;81;80;93
3024063;Pniewy;821;853;818;631;382;352;528;561;542;614;539;391;327;253;226;146;126;196;153;146;154;159;196
3024073;Szamotuły;2130;2015;1932;1550;1022;792;1380;1469;1394;1544;1327;936;833;652;494;453;371;533;446;440;413;426;510
3024083;Wronki;869;902;961;710;500;456;782;581;527;537;473;359;341;266;196;170;130;187;197;174;214;231;251
3025000;Powiat średzki;4605;4716;4062;3381;2193;2077;3130;3104;3042;3247;3458;2878;2530;2202;1485;1391;1521;1747;1306;1390;1354;1361;1616
3025012;Dominowo;294;327;282;202;157;134;182;170;181;196;207;169;156;132;93;89;101;98;78;85;69;66;80
3025022;Krzykosy;484;493;404;373;237;193;317;347;344;328;375;331;267;250;153;138;139;188;127;144;136;140;151
3025032;Nowe Miasto nad Wartą;782;826;668;613;429;337;552;522;508;522;609;502;445;364;256;225;220;244;189;229;205;196;237
3025043;Środa Wielkopolska;2546;2610;2292;1849;1145;1219;1752;1765;1706;1865;1904;1578;1420;1246;832;797;915;1035;779;805;797;824;995
3025052;Zaniemyśl;499;460;416;344;225;194;327;300;303;336;363;298;242;210;151;142;146;182;133;127;147;135;153
3026000;Powiat śremski;4003;3500;3052;2408;1333;1107;2096;1977;1927;2365;2330;1580;1258;908;594;445;462;687;514;567;540;657;787
3026012;Brodnica;381;324;287;210;106;85;154;156;139;185;208;160;124;88;70;62;53;61;55;67;57;57;62
3026023;Dolsk;389;317;274;219;109;112;226;203;205;234;218;168;135;98;48;51;40;62;47;60;65;57;85
3026033;Książ Wielkopolski;650;561;519;389;207;181;332;314;289;393;380;263;211;139;107;78;77;105;94;96;79;94;102
3026043;Śrem;2583;2298;1972;1590;911;729;1384;1304;1294;1553;1524;989;788;583;369;254;292;459;318;344;339;449;538
3027000;Powiat turecki;8317;8265;7727;6142;2781;3138;4175;4203;4059;4349;3965;3315;2585;1933;1607;1637;1381;1682;1235;1275;1278;1167;1575
3027011;Turek;2955;2880;2660;2001;893;1122;1479;1437;1352;1472;1250;1111;888;632;531;576;493;584;398;443;450;409;558
3027022;Brudzew;642;623;574;478;236;275;320;308;347;360;335;236;197;133;124;114;106;142;123;118;107;88;111
3027033;Dobra;554;597;534;437;174;197;293;279;281;300;249;226;178;126;114;110;74;111;74;60;79;66;108
3027042;Kawęczyn;484;477;453;388;161;173;236;190;193;207;223;166;128;116;78;89;70;90;69;61;65;62;91
3027052;Malanów;527;529;564;359;162;199;250;241;232;212;192;170;145;138;100;109;75;91;74;72;72;64;99
3027062;Przykona;388;393;378;309;175;166;221;230;220;223;208;178;128;82;61;76;64;87;67;69;70;75;69
3027073;Tuliszków;1314;1281;1216;988;508;461;599;687;592;668;636;535;389;321;259;221;184;214;174;159;137;128;184
3027082;Turek;633;668;590;474;210;264;344;354;369;417;393;311;221;166;152;143;140;176;116;137;149;143;187
3027092;Władysławów;820;817;758;708;262;281;433;477;473;490;479;382;311;219;188;199;175;187;140;156;149;132;168
3028000;Powiat wągrowiecki;6782;6399;5771;4726;3738;2791;4168;4504;4888;5338;5185;3761;2498;2032;1513;1360;1074;1370;1148;1278;1274;1231;1465
3028011;Wągrowiec;2462;2255;2000;1667;1272;944;1462;1533;1677;1815;1730;1222;874;642;442;450;388;521;373;453;502;471;564
3028022;Damasławek;587;545;480;392;330;252;336;338;415;403;397;310;226;198;169;132;106;112;99;115;93;92;128
3028033;Gołańcz;861;808;827;633;522;391;535;598;648;735;747;537;350;314;207;192;142;177;159;164;148;139;165
3028042;Mieścisko;585;595;536;430;361;224;365;397;414;467;444;318;234;174;151;113;86;106;95;86;92;99;104
3028053;Skoki;790;758;659;560;384;292;476;569;570;653;626;487;310;243;222;166;111;149;155;173;151;142;169
3028062;Wapno;392;375;354;269;218;173;253;252;281;281;285;203;149;121;99;81;74;70;61;69;66;77;80
3028072;Wągrowiec;1105;1063;915;775;651;515;741;817;883;984;956;684;355;340;223;226;167;235;206;218;222;211;255
3029000;Powiat wolsztyński;3264;2521;2347;1691;860;953;1694;1630;1566;1777;1542;1233;1049;716;488;410;458;694;571;475;498;385;613
3029012;Przemęt;799;703;627;492;211;176;347;387;406;497;410;291;258;169;127;93;95;158;124;112;101;92;114
3029022;Siedlec;581;479;396;319;175;163;335;328;263;292;293;242;196;157;92;82;93;131;100;71;94;48;113
3029033;Wolsztyn;1884;1339;1324;880;474;614;1012;915;897;988;839;700;595;390;269;235;270;405;347;292;303;245;386
3030000;Powiat wrzesiński;6794;6438;6113;5092;3306;3063;4301;3934;3999;4406;4756;3881;2908;2062;1145;1154;1131;1674;1388;1388;1204;1164;1336
3030012;Kołaczkowo;555;526;503;480;336;312;438;389;377;435;475;385;267;196;103;103;88;126;112;125;83;113;118
3030023;Miłosław;942;881;843;771;450;484;713;678;679;645;728;571;404;302;186;153;154;222;203;200;195;172;190
3030033;Nekla;474;469;383;303;181;175;247;233;235;291;301;240;186;152;75;85;85;118;90;82;85;70;88
3030043;Pyzdry;802;811;758;566;393;356;497;440;444;467;508;460;343;243;138;136;143;185;145;181;145;140;129
3030053;Września;4021;3751;3626;2972;1946;1736;2406;2194;2264;2568;2744;2225;1708;1169;643;677;661;1023;838;800;696;669;811
3031000;Powiat złotowski;7258;6578;6045;4667;3616;3772;4585;4626;4621;4719;4432;3935;3538;2934;2578;2237;1861;1987;1534;1562;1639;1490;1817
3031011;Złotów;1638;1465;1378;965;803;810;1072;1027;1045;1100;969;883;737;685;586;538;460;438;331;351;358;336;487
3031023;Jastrowie;1491;1392;1285;1088;809;873;968;983;929;949;907;828;732;510;492;445;381;412;336;336;342;271;344
3031033;Krajenka;757;665;564;438;283;288;460;438;453;445;458;381;327;284;242;208;182;201;136;122;149;165;147
3031042;Lipka;713;634;563;424;323;325;355;382;375;406;393;354;326;292;230;189;149;175;124;108;138;129;154
3031053;Okonek;961;839;811;619;441;501;573;626;660;647;634;520;497;444;348;243;220;215;183;210;213;203;246
3031062;Tarnówka;349;282;273;230;186;192;197;198;201;204;186;167;180;131;106;107;83;104;88;111;97;90;92
3031072;Zakrzewo;364;387;343;265;229;235;279;304;286;295;294;247;222;166;152;144;88;140;100;107;105;92;114
3031082;Złotów;985;914;828;638;542;548;681;668;672;673;591;555;517;422;422;363;298;302;236;217;237;204;233
3061000;Powiat m. Kalisz;8044;7146;6174;5491;3436;2714;3976;4100;3743;4057;4011;3298;2598;2207;1498;1265;1251;1632;1495;1543;1453;1627;1881
3061011;Kalisz;8044;7146;6174;5491;3436;2714;3976;4100;3743;4057;4011;3298;2598;2207;1498;1265;1251;1632;1495;1543;1453;1627;1881
3062000;Powiat m. Konin;7584;7016;6533;5327;4112;3128;4354;5011;4724;4987;5057;4406;3942;3642;2665;2225;1972;2496;2103;1874;1757;1838;2179
3062011;Konin;7584;7016;6533;5327;4112;3128;4354;5011;4724;4987;5057;4406;3942;3642;2665;2225;1972;2496;2103;1874;1757;1838;2179
3063000;Powiat m. Leszno;4263;3968;3214;2515;1830;1596;2556;2744;2515;2757;2781;2154;1833;1561;1286;1187;1054;1144;893;863;909;942;1144
3063011;Leszno;4263;3968;3214;2515;1830;1596;2556;2744;2515;2757;2781;2154;1833;1561;1286;1187;1054;1144;893;863;909;942;1144
3064000;Powiat m. Poznań;21890;21544;19625;15803;9302;5612;10178;11200;11580;13686;13530;10350;7964;6578;5048;4214;3737;7031;5654;3581;3524;3591;4775
3064011;Poznań;21890;21544;19625;15803;9302;5612;10178;11200;11580;13686;13530;10350;7964;6578;5048;4214;3737;7031;5654;3581;3524;3591;4775
3200000;ZACHODNIOPOMORSKIE;190864;182692;168814;138866;103241;82520;105905;109964;108904;112521;111063;94465;79393;65842;52599;46002;41771;52018;43446;40144;39709;39675;44968
3201000;Powiat białogardzki;7599;7554;6579;6648;5877;5196;5064;5395;4779;4840;5017;4470;4087;3483;2886;2760;2518;2780;2515;2426;2367;2383;2510
3201011;Białogard;3383;3364;3071;2966;2609;2148;2095;2269;2060;2123;2199;1865;1722;1486;1208;1165;1081;1165;1088;1019;976;978;1095
3201022;Białogard;1518;1498;1131;1243;1185;1014;932;1072;949;977;963;891;820;708;564;565;477;526;460;492;488;479;494
3201033;Karlino;1407;1391;1169;1301;1112;1060;1045;1124;946;943;1019;939;833;715;604;583;519;590;526;468;465;484;479
3201042;Tychowo;1291;1301;1208;1138;971;974;992;930;824;797;836;775;712;574;510;447;441;499;441;447;438;442;442
3202000;Powiat choszczeński;6784;6159;5831;4637;3947;3257;4418;3952;4072;4371;4412;3567;3350;2924;2455;2253;2167;2495;2190;1947;1966;1946;2024
3202012;Bierzwnik;617;653;656;519;424;412;483;452;425;485;490;403;376;330;245;241;250;280;233;217;221;239;243
3202023;Choszczno;2555;2170;2056;1683;1367;1161;1618;1398;1518;1594;1588;1308;1224;1041;820;762;702;851;792;684;740;711;734
3202033;Drawno;677;673;633;521;468;375;521;450;447;502;508;422;383;368;336;317;293;305;238;241;223;224;231
3202042;Krzęcin;617;556;525;394;352;266;379;330;349;349;385;300;298;237;198;192;190;213;185;177;159;155;152
3202053;Pełczyce;1350;1246;1136;842;768;531;780;696;733;790;757;600;586;518;478;420;399;460;398;352;346;355;395
3202063;Recz;968;861;825;678;568;512;637;626;600;651;684;534;483;430;378;321;333;386;344;276;277;262;269
3203000;Powiat drawski;8560;8676;8024;7072;5741;4767;5751;5365;5451;5030;5198;4705;4389;3501;3319;2499;2339;2715;2221;1982;1820;1905;2100
3203013;Czaplinek;1805;1820;1384;1301;959;780;1070;874;912;915;954;977;837;625;600;520;546;614;473;489;473;466;487
3203023;Drawsko Pomorskie;2211;2248;2223;1916;1628;1482;1566;1608;1463;1241;1379;1258;1111;896;849;538;553;628;527;426;385;425;484
3203033;Kalisz Pomorski;1174;1147;1142;946;954;772;827;645;851;826;763;555;616;555;472;351;299;342;320;269;203;214;232
3203042;Ostrowice;396;435;406;373;273;223;254;272;295;213;240;232;195;139;135;114;;;;;;;
3203052;Wierzchowo;698;711;649;576;467;332;397;391;392;430;402;382;362;307;299;221;202;219;186;165;168;181;180
3203063;Złocieniec;2276;2315;2220;1960;1460;1178;1637;1575;1538;1405;1460;1301;1268;979;964;755;739;912;715;633;591;619;717
3204000;Powiat goleniowski;8588;8444;7964;5822;4379;4172;5320;5439;4896;4893;4088;3228;2762;2531;1951;1803;1727;2227;1337;1037;1156;1278;1583
3204023;Goleniów;2556;2297;2132;1788;1370;1426;1930;1855;1685;1630;1327;1065;884;775;544;503;557;740;451;354;443;483;609
3204033;Maszewo;1004;983;986;696;540;489;681;679;580;593;496;386;329;330;244;217;213;288;167;127;125;160;188
3204043;Nowogard;3553;3685;3429;2205;1616;1545;1805;1960;1770;1850;1538;1177;987;953;792;732;633;793;478;382;372;395;533
3204052;Osina;427;425;407;309;200;195;215;232;212;201;175;134;129;107;83;81;75;99;50;42;46;56;66
3204062;Przybiernów;627;591;556;482;376;286;345;380;381;367;304;233;244;194;145;144;133;168;101;59;89;93;93
3204072;Stepnica;421;463;454;342;277;231;344;333;268;252;248;233;189;172;143;126;116;139;90;73;81;91;94
3205000;Powiat gryficki;9581;8965;8595;7720;5854;4946;5303;5248;5290;5289;5477;4638;4173;3053;2137;1672;1449;1691;1304;1215;1362;1403;1669
3205012;Brojce;756;680;692;608;549;427;453;420;406;364;431;313;285;221;157;109;97;111;103;90;98;103;111
3205023;Gryfice;3569;3268;3129;2797;2120;1731;1939;1952;1997;2112;2048;1831;1607;1158;810;630;544;644;506;478;526;527;650
3205032;Karnice;856;818;774;666;508;434;447;471;453;477;484;416;363;283;209;150;130;147;104;107;115;121;135
3205043;Płoty;1626;1588;1478;1321;1022;868;948;831;892;850;901;747;699;510;377;298;275;297;236;211;245;257;287
3205072;Rewal;398;400;398;421;290;266;239;250;269;285;310;280;256;196;140;86;74;99;85;82;90;91;101
3205083;Trzebiatów;2376;2211;2124;1907;1365;1220;1277;1324;1273;1201;1303;1051;963;685;444;399;329;393;270;247;288;304;385
3206000;Powiat gryfiński;10354;9662;8717;6882;5311;4410;5478;5805;5375;5502;5538;4526;3721;3440;2724;2397;1882;2271;1803;1692;1540;1571;1728
3206012;Banie;903;890;775;630;449;352;460;491;451;465;460;391;330;309;248;202;116;146;116;87;84;93;94
3206023;Cedynia;667;607;582;531;412;367;378;406;403;400;424;299;258;249;190;199;176;197;165;157;135;121;120
3206033;Chojna;2202;2002;1888;1456;1109;921;1149;1247;1180;1205;1254;961;821;745;598;555;480;585;494;485;444;447;492
3206043;Gryfino;3187;2902;2497;1861;1381;1109;1444;1640;1397;1476;1441;1224;962;870;633;493;318;456;335;302;276;311;381
3206053;Mieszkowice;845;833;792;687;539;480;541;543;561;550;573;458;362;346;304;279;261;281;228;233;204;190;203
3206063;Moryń;630;588;585;471;406;344;396;383;354;351;388;340;268;243;202;169;156;172;127;127;126;129;118
3206072;Stare Czarnowo;348;315;258;170;165;133;173;193;169;177;147;135;105;120;84;73;61;57;37;27;30;41;48
3206083;Trzcińsko-Zdrój;775;730;653;525;423;362;485;481;441;459;458;386;353;305;255;227;192;221;172;165;156;159;171
3206092;Widuchowa;797;795;687;551;427;342;452;421;419;419;393;332;262;253;210;200;122;156;129;109;85;80;101
3207000;Powiat kamieński;6225;6139;5926;5120;3904;3716;3931;4269;3951;4013;3931;3314;3104;3010;2573;2316;2168;2449;2173;1883;1780;1724;1782
3207012;Dziwnów;532;517;530;496;343;324;308;322;294;301;300;284;230;244;221;201;202;217;174;188;173;165;145
3207023;Golczewo;712;703;705;563;439;442;451;532;510;522;467;347;311;331;262;270;245;295;299;254;247;249;241
3207033;Kamień Pomorski;1926;1811;1738;1446;1084;993;1077;1156;1050;1071;1037;944;905;843;737;639;637;738;645;578;543;517;547
3207043;Międzyzdroje;639;655;612;526;373;375;449;503;469;440;441;387;343;336;266;229;201;224;181;149;146;126;154
3207052;Świerzno;754;719;672;600;501;498;470;513;447;480;490;413;395;376;357;292;274;316;289;214;228;212;223
3207063;Wolin;1662;1734;1669;1489;1164;1084;1176;1243;1181;1199;1196;939;920;880;730;685;609;659;585;500;443;455;472
3208000;Powiat kołobrzeski;7526;6690;5831;4589;3658;2921;3590;3680;3507;3308;3673;3208;2490;2212;1342;719;347;1386;1159;489;539;607;953
3208011;Kołobrzeg;3847;3392;2915;2300;1819;1310;1731;1801;1777;1685;1963;1674;1301;1175;731;391;199;810;625;267;281;323;543
3208022;Dygowo;577;522;512;421;353;288;365;339;340;283;306;262;195;175;116;72;20;103;94;38;42;56;72
3208032;Gościno;627;549;504;318;274;243;226;249;211;235;273;243;190;177;99;44;27;84;101;38;40;48;79
3208042;Kołobrzeg;1005;868;709;576;450;311;378;409;418;452;473;438;346;287;186;98;48;204;160;75;84;79;126
3208052;Rymań;648;598;531;455;339;314;419;426;433;264;239;238;178;142;84;52;25;79;79;28;35;50;54
3208062;Siemyśl;414;338;300;233;187;214;227;230;145;182;197;178;121;116;51;22;15;49;46;24;32;31;52
3208072;Ustronie Morskie;408;423;360;286;236;241;244;226;183;207;222;175;159;140;75;40;13;57;54;19;25;20;27
3209000;Powiat koszaliński;9160;8968;8240;6843;5145;4225;5121;5509;5483;5740;5925;4899;4208;3321;2709;2476;2337;2938;2636;2492;2205;2170;2382
3209012;Będzino;1216;1214;1103;965;713;511;654;697;696;741;794;651;576;482;370;330;285;406;314;278;239;243;269
3209022;Biesiekierz;603;552;541;437;334;282;333;369;367;411;425;365;292;253;227;203;190;235;223;201;158;159;184
3209033;Bobolice;1712;1740;1644;1303;907;784;983;1079;992;1027;1092;859;706;460;341;389;439;493;429;433;429;400;439
3209042;Manowo;738;733;625;577;417;351;388;458;462;478;490;406;334;296;251;201;203;225;238;211;164;170;172
3209052;Mielno;573;575;526;394;315;204;274;303;339;335;374;301;255;226;199;157;159;201;159;145;129;132;163
3209063;Polanów;1586;1576;1439;1253;995;889;1020;1080;1039;1000;956;807;705;558;459;419;391;518;442;458;433;403;417
3209073;Sianów;1889;1777;1638;1284;1012;805;974;1013;1056;1200;1200;1029;910;689;580;506;461;605;568;498;432;442;466
3209082;Świeszyno;843;801;724;630;452;399;495;510;532;548;594;481;430;357;282;271;209;255;263;268;221;221;272
3210000;Powiat myśliborski;8551;7620;7118;4655;3601;3006;3747;3751;3662;4097;4131;3257;2528;2269;1890;1654;1397;1638;1234;1258;1253;1386;1701
3210013;Barlinek;2216;2008;1854;1254;938;760;973;1071;1084;1127;1102;926;668;683;494;498;425;469;387;351;383;428;514
3210022;Boleszkowice;294;254;280;205;129;105;119;151;124;151;159;142;103;69;62;58;66;72;44;51;46;48;61
3210033;Dębno;2501;2146;2217;1446;1115;849;1058;983;936;1255;1273;960;716;662;601;502;464;523;409;410;432;470;591
3210043;Myślibórz;3064;2784;2374;1536;1241;1132;1407;1348;1296;1338;1371;1039;883;702;606;477;341;461;298;349;321;365;449
3210052;Nowogródek Pomorski;476;428;393;214;178;160;190;198;222;226;226;190;158;153;127;119;101;113;96;97;71;75;86
3211000;Powiat policki;5321;5280;4980;4072;3262;2963;3857;4138;4022;3823;3740;2794;2428;2113;1622;1387;1260;1661;1506;1179;1014;1151;1349
3211012;Dobra (Szczecińska);611;612;614;513;445;447;584;657;686;739;794;544;496;484;384;368;324;410;361;297;245;279;332
3211022;Kołbaskowo;645;682;654;517;420;342;485;548;513;522;517;429;387;324;257;225;199;273;255;205;160;193;228
3211033;Nowe Warpno;183;197;171;130;118;133;127;139;139;132;133;120;106;108;78;66;69;86;73;48;38;41;40
3211043;Police;3882;3789;3541;2912;2279;2041;2661;2794;2684;2430;2296;1701;1439;1197;903;728;668;892;817;629;571;638;749
3212000;Powiat pyrzycki;5387;5137;4525;3841;3064;2774;3810;3709;3617;3680;3615;2919;2453;2011;1548;1410;1245;1394;1219;1222;1102;1139;1208
3212012;Bielice;330;317;301;256;230;161;234;229;260;260;272;209;192;129;88;83;62;85;68;77;72;84;73
3212022;Kozielice;377;397;344;296;233;209;302;300;254;270;285;221;201;145;134;118;106;121;93;96;82;80;92
3212033;Lipiany;1052;1005;878;709;544;478;609;651;633;645;582;517;435;395;282;285;287;340;276;291;267;261;268
3212042;Przelewice;883;813;729;672;503;473;667;624;615;635;642;512;436;370;305;286;221;220;208;186;149;160;168
3212053;Pyrzyce;2366;2218;1902;1611;1301;1229;1670;1606;1542;1543;1507;1207;997;818;607;516;482;526;492;485;442;460;501
3212062;Warnice;379;387;371;297;253;224;328;299;313;327;327;253;192;154;132;122;87;102;82;87;90;94;106
3213000;Powiat sławieński;8771;8214;7171;6077;3993;2921;3761;4231;4575;5205;4747;4158;3683;3277;2820;2540;2364;2564;2170;2119;2068;2089;2416
3213011;Darłowo;2314;2288;2182;1754;1112;823;1065;1131;1101;1295;1171;993;932;800;640;586;515;563;477;452;399;412;470
3213021;Sławno;1732;1560;1377;1191;801;611;784;852;975;1066;1001;867;717;640;563;515;515;572;473;451;427;472;520
3213032;Darłowo;1208;1170;1057;719;503;424;545;619;657;739;678;571;537;466;386;344;289;356;282;284;277;256;295
3213042;Malechowo;960;847;731;617;437;351;403;454;487;564;504;446;376;392;346;318;317;322;272;262;259;239;295
3213052;Postomino;1068;965;716;716;380;220;316;389;497;539;519;475;426;359;350;299;273;293;236;273;278;280;341
3213062;Sławno;1489;1384;1108;1080;760;492;648;786;858;1002;874;806;695;620;535;478;455;458;430;397;428;430;495
3214000;Powiat stargardzki;13759;13204;12717;10140;8383;5242;7639;7631;7605;7452;7315;6395;5196;4038;3267;2950;2827;3095;2758;2698;2685;2550;2982
3214011;Stargard;7246;7023;6681;5282;4258;2699;3930;3862;3863;3700;3620;3111;2560;1954;1599;1445;1377;1580;1402;1372;1355;1319;1521
3214023;Chociwel;767;739;726;560;486;312;531;519;451;485;435;418;335;266;205;193;181;191;157;148;161;145;164
3214033;Dobrzany;677;666;650;519;475;267;371;401;427;399;408;354;286;199;157;150;155;169;141;133;152;126;152
3214042;Dolice;1037;946;890;715;583;437;629;647;625;634;624;548;429;345;275;257;222;231;221;228;214;186;208
3214053;Ińsko;602;546;595;470;409;211;331;323;322;278;268;246;194;159;137;112;106;110;89;98;91;82;79
3214062;Kobylanka;296;315;287;235;197;141;188;190;213;217;239;194;168;140;112;101;103;110;114;113;109;102;127
3214082;Marianowo;441;412;430;309;282;155;232;240;239;234;246;221;171;158;109;91;83;103;79;66;73;74;92
3214092;Stara Dąbrowa;579;562;515;451;325;213;322;329;360;326;320;318;252;191;158;150;161;136;122;112;114;103;116
3214102;Stargard;1543;1471;1460;1185;982;578;811;833;786;872;847;696;571;458;358;323;325;355;320;317;320;308;406
3214113;Suchań;571;524;483;414;386;229;294;287;319;307;308;289;230;168;157;128;114;110;113;111;96;105;117
3215000;Powiat szczecinecki;11941;11278;10578;9041;7142;6483;7303;7298;7461;7390;7326;6562;5762;5183;4198;3861;3674;4242;3474;3558;3322;3074;3221
3215011;Szczecinek;5043;4685;4252;3488;2561;2428;2914;3030;3020;3031;2967;2653;2319;2086;1617;1451;1385;1704;1308;1456;1295;1195;1280
3215023;Barwice;1796;1834;1639;1532;1281;1151;1151;1153;1203;1190;1196;1103;973;879;780;769;740;718;627;642;654;571;565
3215033;Biały Bór;1016;922;910;804;689;623;656;614;638;587;579;559;496;475;396;397;350;382;338;319;274;235;265
3215043;Borne Sulinowo;1299;1152;1220;951;757;671;806;796;822;846;853;750;692;602;472;451;408;482;415;384;383;377;425
3215052;Grzmiąca;961;939;857;822;718;576;604;622;650;584;622;539;444;380;332;292;267;340;288;278;265;258;256
3215062;Szczecinek;1826;1746;1700;1444;1136;1034;1172;1083;1128;1152;1109;958;838;761;601;501;524;616;498;479;451;438;430
3216000;Powiat świdwiński;7145;7330;6939;5903;4898;3706;3966;4380;4296;4150;4255;3707;3225;2581;2346;2063;1714;2015;1548;1595;1647;1653;1855
3216011;Świdwin;1998;1895;1835;1618;1285;1039;1066;1258;1183;1148;1101;986;804;586;608;538;458;543;407;428;442;423;516
3216022;Brzeżno;455;540;500;446;399;316;307;354;308;268;318;252;213;198;152;147;111;129;91;94;109;111;111
3216033;Połczyn-Zdrój;2323;2477;2298;1775;1414;980;1218;1225;1293;1273;1352;1193;1060;898;815;753;601;740;528;549;562;558;625
3216042;Rąbino;671;680;647;594;512;382;395;448;423;417;415;351;326;252;216;176;151;163;140;144;142;148;170
3216052;Sławoborze;676;745;694;591;533;367;330;425;390;400;380;342;309;224;193;180;142;177;154;140;147;153;180
3216062;Świdwin;1022;993;965;879;755;622;650;670;699;644;689;583;513;423;362;269;251;263;228;240;245;260;253
3217000;Powiat wałecki;6758;6635;5972;4255;3175;2755;3475;3444;3448;3739;3507;2859;2429;2042;1580;1385;1353;1529;1268;1286;1335;1429;1618
3217011;Wałcz;2746;2584;2387;1704;1193;1089;1456;1456;1396;1565;1453;1174;973;822;614;545;517;663;505;556;553;588;717
3217023;Człopa;735;763;643;437;349;334;378;348;345;368;352;312;282;242;202;158;153;151;141;122;149;133;149
3217033;Mirosławiec;715;744;701;413;335;326;386;364;378;394;372;318;280;238;191;165;149;165;142;141;134;140;167
3217043;Tuczno;701;651;595;381;278;208;318;309;339;286;282;229;207;177;171;130;142;124;115;103;129;142;156
3217052;Wałcz;1861;1893;1646;1320;1020;798;937;967;990;1126;1048;826;687;563;402;387;392;426;365;364;370;426;429
3218000;Powiat łobeski;5607;5563;5436;4310;3312;2580;3550;3223;3489;3432;3270;2836;2645;2576;2297;2153;2032;1886;1514;1514;1581;1449;1488
3218013;Dobra;750;737;729;588;487;329;426;391;441;419;425;344;296;295;259;252;215;212;156;173;180;159;170
3218023;Łobez;1910;1905;1886;1418;986;847;1139;1133;1209;1181;1046;934;850;790;736;661;653;625;497;471;486;461;500
3218032;Radowo Małe;700;675;663;567;467;347;493;412;396;398;323;267;271;256;263;252;253;199;156;146;161;158;135
3218043;Resko;1174;1223;1154;941;773;617;856;740;780;805;840;746;738;732;593;584;559;535;434;434;443;408;393
3218053;Węgorzyno;1073;1023;1004;796;599;440;636;547;663;629;636;545;490;503;446;404;352;315;271;290;311;263;290
3261000;Powiat m. Koszalin;10479;10313;9248;7312;5429;3880;5020;5384;5510;6037;5928;5053;4166;3394;2682;2514;2202;3151;2791;2510;2071;2268;2693
3261011;Koszalin;10479;10313;9248;7312;5429;3880;5020;5384;5510;6037;5928;5053;4166;3394;2682;2514;2202;3151;2791;2510;2071;2268;2693
3262000;Powiat m. Szczecin;29423;27605;25484;21550;11474;7394;14316;16500;16942;19143;18478;16195;11627;8100;5539;4576;4274;7177;6067;5521;6351;5915;7020
3262011;Szczecin;29423;27605;25484;21550;11474;7394;14316;16500;16942;19143;18478;16195;11627;8100;5539;4576;4274;7177;6067;5521;6351;5915;7020
3263000;Powiat m. Świnoujście;3345;3256;2939;2377;1692;1206;1485;1613;1473;1387;1492;1175;967;783;714;614;495;714;559;521;545;585;686
3263011;Świnoujście;3345;3256;2939;2377;1692;1206;1485;1613;1473;1387;1492;1175;967;783;714;614;495;714;559;521;545;585;686
