"Kod";"Nazwa";"ogółem;2005;[zł]";"ogółem;2006;[zł]";"ogółem;2007;[zł]";"ogółem;2008;[zł]";"ogółem;2009;[zł]";"ogółem;2010;[zł]";"ogółem;2011;[zł]";"ogółem;2012;[zł]";"ogółem;2013;[zł]";"ogółem;2014;[zł]";"ogółem;2015;[zł]";"ogółem;2016;[zł]";"ogółem;2017;[zł]";"ogółem;2018;[zł]";"ogółem;2019;[zł]";"ogółem;2020;[zł]";"ogółem;2021;[zł]";"ogółem;2022;[zł]";"ogółem;2023;[zł]";"ogółem;2024;[zł]";"ogółem;2025;[zł]";"przeciętne miesięczne wynagrodzenia brutto w relacji do średniej krajowej (Polska=100);2005;[%]";"przeciętne miesięczne wynagrodzenia brutto w relacji do średniej krajowej (Polska=100);2006;[%]";"przeciętne miesięczne wynagrodzenia brutto w relacji do średniej krajowej (Polska=100);2007;[%]";"przeciętne miesięczne wynagrodzenia brutto w relacji do średniej krajowej (Polska=100);2008;[%]";"przeciętne miesięczne wynagrodzenia brutto w relacji do średniej krajowej (Polska=100);2009;[%]";"przeciętne miesięczne wynagrodzenia brutto w relacji do średniej krajowej (Polska=100);2010;[%]";"przeciętne miesięczne wynagrodzenia brutto w relacji do średniej krajowej (Polska=100);2011;[%]";"przeciętne miesięczne wynagrodzenia brutto w relacji do średniej krajowej (Polska=100);2012;[%]";"przeciętne miesięczne wynagrodzenia brutto w relacji do średniej krajowej (Polska=100);2013;[%]";"przeciętne miesięczne wynagrodzenia brutto w relacji do średniej krajowej (Polska=100);2014;[%]";"przeciętne miesięczne wynagrodzenia brutto w relacji do średniej krajowej (Polska=100);2015;[%]";"przeciętne miesięczne wynagrodzenia brutto w relacji do średniej krajowej (Polska=100);2016;[%]";"przeciętne miesięczne wynagrodzenia brutto w relacji do średniej krajowej (Polska=100);2017;[%]";"przeciętne miesięczne wynagrodzenia brutto w relacji do średniej krajowej (Polska=100);2018;[%]";"przeciętne miesięczne wynagrodzenia brutto w relacji do średniej krajowej (Polska=100);2019;[%]";"przeciętne miesięczne wynagrodzenia brutto w relacji do średniej krajowej (Polska=100);2020;[%]";"przeciętne miesięczne wynagrodzenia brutto w relacji do średniej krajowej (Polska=100);2021;[%]";"przeciętne miesięczne wynagrodzenia brutto w relacji do średniej krajowej (Polska=100);2022;[%]";"przeciętne miesięczne wynagrodzenia brutto w relacji do średniej krajowej (Polska=100);2023;[%]";"przeciętne miesięczne wynagrodzenia brutto w relacji do średniej krajowej (Polska=100);2024;[%]";"przeciętne miesięczne wynagrodzenia brutto w relacji do średniej krajowej (Polska=100);2025;[%]";
0000000;"POLSKA";2506,93;2636,81;2866,04;3158,48;3315,38;3435,00;3625,21;3744,38;3877,43;4003,99;4150,86;4290,52;4527,89;4834,76;5181,63;5523,32;6001,02;6705,62;7595,30;8630,27;;100,0;100,0;100,0;100,0;100,0;100,0;100,0;100,0;100,0;100,0;100,0;100,0;100,0;100,0;100,0;100,0;100,0;100,0;100,0;100,0;;
0200000;"DOLNOŚLĄSKIE";2477,56;2617,16;2860,66;3135,83;3295,44;3412,37;3587,25;3709,32;3868,86;4042,86;4204,24;4385,84;4654,51;4942,39;5323,55;5693,69;6242,88;6945,01;7850,30;8867,46;;98,8;99,3;99,8;99,3;99,4;99,3;99,0;99,1;99,8;101,0;101,3;102,2;102,8;102,2;102,7;103,1;104,0;103,6;103,4;102,7;;
0201000;"Powiat bolesławiecki";2086,26;2153,06;2324,46;2476,41;2629,01;2789,80;2936,92;3057,28;3231,49;3422,90;3548,69;3666,19;3901,94;4214,66;4545,34;4887,95;5461,94;6181,60;6871,28;7871,38;;83,2;81,7;81,1;78,4;79,3;81,2;81,0;81,6;83,3;85,5;85,5;85,4;86,2;87,2;87,7;88,5;91,0;92,2;90,5;91,2;;
0202000;"Powiat dzierżoniowski";1900,52;2028,86;2246,79;2489,40;2645,13;2832,05;3024,11;3113,13;3156,11;3299,96;3406,18;3562,63;3825,15;4024,94;4484,28;4690,20;5127,97;5723,65;6459,49;7427,26;;75,8;76,9;78,4;78,8;79,8;82,4;83,4;83,1;81,4;82,4;82,1;83,0;84,5;83,3;86,5;84,9;85,5;85,4;85,0;86,1;;
0203000;"Powiat głogowski";2133,48;2276,38;2452,70;2647,38;2859,95;2914,21;3028,65;3122,99;3320,48;3460,12;3615,99;3723,59;3918,42;4077,69;4427,98;4763,21;5171,28;5856,76;6660,00;7768,43;;85,1;86,3;85,6;83,8;86,3;84,8;83,5;83,4;85,6;86,4;87,1;86,8;86,5;84,3;85,5;86,2;86,2;87,3;87,7;90,0;;
0204000;"Powiat górowski";1857,89;1944,30;2101,60;2376,54;2464,05;2598,06;2755,49;2908,49;3066,83;3142,52;3242,71;3386,93;3484,31;3815,89;3978,78;4432,40;4862,88;5423,11;6060,11;7343,09;;74,1;73,7;73,3;75,2;74,3;75,6;76,0;77,7;79,1;78,5;78,1;78,9;77,0;78,9;76,8;80,2;81,0;80,9;79,8;85,1;;
0205000;"Powiat jaworski";1888,36;2009,38;2193,68;2368,60;2506,86;2654,67;2837,23;2983,89;3040,71;3142,45;3323,37;3546,24;3756,46;4029,64;4408,00;4932,98;5554,54;6142,84;7059,41;8025,17;;75,3;76,2;76,5;75,0;75,6;77,3;78,3;79,7;78,4;78,5;80,1;82,7;83,0;83,3;85,1;89,3;92,6;91,6;92,9;93,0;;
0206000;"Powiat karkonoski";1878,46;2012,25;2158,71;2369,63;2562,15;2699,92;2867,09;3031,43;3128,87;3232,50;3413,66;3548,55;3760,49;4035,56;4353,43;4526,41;5050,91;5627,61;6287,20;7244,18;;74,9;76,3;75,3;75,0;77,3;78,6;79,1;81,0;80,7;80,7;82,2;82,7;83,1;83,5;84,0;82,0;84,2;83,9;82,8;83,9;;
0207000;"Powiat kamiennogórski";1863,91;1995,80;2173,04;2374,82;2546,98;2701,25;2864,01;2983,93;3045,35;3161,57;3269,22;3460,07;3661,88;4013,33;4319,48;4532,19;4885,26;5550,65;6213,96;7163,52;;74,4;75,7;75,8;75,2;76,8;78,6;79,0;79,7;78,5;79,0;78,8;80,6;80,9;83,0;83,4;82,1;81,4;82,8;81,8;83,0;;
0208000;"Powiat kłodzki";1998,81;2102,68;2308,06;2511,35;2663,41;2803,23;2962,33;3063,43;3200,48;3333,36;3410,23;3526,67;3741,83;4054,23;4386,83;4747,93;5141,98;5670,31;6527,23;7584,64;;79,7;79,7;80,5;79,5;80,3;81,6;81,7;81,8;82,5;83,3;82,2;82,2;82,6;83,9;84,7;86,0;85,7;84,6;85,9;87,9;;
0209000;"Powiat legnicki";1859,22;1990,38;2181,72;2393,66;2614,48;2737,49;2918,37;3065,20;3179,49;3354,83;3403,32;3579,41;3774,63;4185,47;4652,61;4877,07;5452,05;6116,35;6977,28;7647,40;;74,2;75,5;76,1;75,8;78,9;79,7;80,5;81,9;82,0;83,8;82,0;83,4;83,4;86,6;89,8;88,3;90,9;91,2;91,9;88,6;;
0210000;"Powiat lubański";1840,27;1941,71;2111,18;2314,66;2464,38;2600,59;2809,95;2937,03;3034,94;3195,72;3313,97;3431,31;3622,21;3939,03;4173,43;4508,29;4980,17;5516,56;6215,31;7242,93;;73,4;73,6;73,7;73,3;74,3;75,7;77,5;78,4;78,3;79,8;79,8;80,0;80,0;81,5;80,5;81,6;83,0;82,3;81,8;83,9;;
0211000;"Powiat lubiński";4407,02;4669,76;5261,68;5432,42;5615,55;6012,95;6281,17;6541,95;6641,40;6807,05;6955,85;7170,21;7515,99;7915,01;8274,57;8920,41;10076,64;11361,51;12804,03;13672,98;;175,8;177,1;183,6;172,0;169,4;175,0;173,3;174,7;171,3;170,0;167,6;167,1;166,0;163,7;159,7;161,5;167,9;169,4;168,6;158,4;;
0212000;"Powiat lwówecki";1970,42;2065,14;2214,40;2487,06;2613,72;2714,29;2915,48;3010,71;3104,47;3132,07;3323,95;3420,20;3570,16;3950,65;4284,69;4622,42;5049,64;5580,03;6194,99;7241,91;;78,6;78,3;77,3;78,7;78,8;79,0;80,4;80,4;80,1;78,2;80,1;79,7;78,8;81,7;82,7;83,7;84,1;83,2;81,6;83,9;;
0213000;"Powiat milicki";1879,99;1958,43;2190,25;2396,97;2467,59;2620,28;2784,02;2864,74;2935,92;3082,62;3221,15;3349,75;3617,72;3734,38;3996,41;4338,67;4848,85;5313,76;6083,81;7088,46;;75,0;74,3;76,4;75,9;74,4;76,3;76,8;76,5;75,7;77,0;77,6;78,1;79,9;77,2;77,1;78,6;80,8;79,2;80,1;82,1;;
0214000;"Powiat oleśnicki";1900,52;2007,27;2205,88;2448,70;2528,21;2672,93;2856,02;3060,40;3254,89;3308,51;3456,50;3631,94;3857,75;4128,29;4457,79;4773,90;5113,77;5762,83;6496,00;7402,55;;75,8;76,1;77,0;77,5;76,3;77,8;78,8;81,7;83,9;82,6;83,3;84,7;85,2;85,4;86,0;86,4;85,2;85,9;85,5;85,8;;
0215000;"Powiat oławski";2147,26;2282,90;2570,69;2737,90;2863,00;3030,98;3182,71;3302,68;3398,13;3538,01;3738,78;3881,26;4150,54;4415,62;4804,75;4987,74;5467,98;6030,47;6871,32;7843,30;;85,7;86,6;89,7;86,7;86,4;88,2;87,8;88,2;87,6;88,4;90,1;90,5;91,7;91,3;92,7;90,3;91,1;89,9;90,5;90,9;;
0216000;"Powiat polkowicki";2395,29;2573,76;2780,45;3040,94;3177,69;3326,76;3574,09;3731,51;4050,14;4292,91;4430,87;4478,18;4794,62;4941,87;5338,08;5606,23;6120,80;6861,21;7764,33;8227,63;;95,5;97,6;97,0;96,3;95,8;96,8;98,6;99,7;104,5;107,2;106,7;104,4;105,9;102,2;103,0;101,5;102,0;102,3;102,2;95,3;;
0217000;"Powiat strzeliński";2135,19;2195,48;2385,80;2676,17;2860,62;2958,48;3102,58;3293,97;3393,16;3485,97;3595,32;3725,39;4082,13;4398,08;4774,00;5161,72;5671,21;6320,71;7147,32;8186,35;;85,2;83,3;83,2;84,7;86,3;86,1;85,6;88,0;87,5;87,1;86,6;86,8;90,2;91,0;92,1;93,5;94,5;94,3;94,1;94,9;;
0218000;"Powiat średzki";2166,62;2220,80;2452,93;2720,35;2875,09;2993,49;3358,61;3454,21;3602,22;3879,13;3826,72;4029,00;4389,17;4805,68;5069,72;5260,90;5761,88;6315,50;7322,95;8172,23;;86,4;84,2;85,6;86,1;86,7;87,1;92,6;92,3;92,9;96,9;92,2;93,9;96,9;99,4;97,8;95,2;96,0;94,2;96,4;94,7;;
0219000;"Powiat świdnicki";2163,89;2284,51;2507,13;2752,82;2939,85;3008,78;3178,31;3279,67;3394,63;3547,60;3736,97;3887,57;4141,32;4427,25;4741,36;5053,92;5469,98;6059,31;6764,59;7707,85;;86,3;86,6;87,5;87,2;88,7;87,6;87,7;87,6;87,5;88,6;90,0;90,6;91,5;91,6;91,5;91,5;91,2;90,4;89,1;89,3;;
0220000;"Powiat trzebnicki";2051,13;2198,96;2412,72;2668,13;2751,33;3004,13;3117,08;3202,70;3166,96;3226,50;3323,99;3437,11;3664,48;3955,41;4237,62;4611,02;5235,04;5852,88;6743,32;7792,52;;81,8;83,4;84,2;84,5;83,0;87,5;86,0;85,5;81,7;80,6;80,1;80,1;80,9;81,8;81,8;83,5;87,2;87,3;88,8;90,3;;
0221000;"Powiat wałbrzyski";2290,54;2427,25;2683,57;2952,00;3144,13;3281,07;3470,48;3564,91;3138,11;3213,78;3293,54;3528,00;3638,59;3825,44;4065,01;4385,23;4759,75;5431,27;6099,58;7163,26;;91,4;92,1;93,6;93,5;94,8;95,5;95,7;95,2;80,9;80,3;79,3;82,2;80,4;79,1;78,5;79,4;79,3;81,0;80,3;83,0;;
0222000;"Powiat wołowski";2032,95;2089,54;2410,69;2728,85;2892,09;3036,22;3313,99;3394,22;3554,83;3791,34;4001,80;4202,10;4651,04;5086,07;5473,27;5907,36;6793,03;7909,26;7922,52;9460,94;;81,1;79,2;84,1;86,4;87,2;88,4;91,4;90,6;91,7;94,7;96,4;97,9;102,7;105,2;105,6;107,0;113,2;117,9;104,3;109,6;;
0223000;"Powiat wrocławski";2285,63;2526,97;2697,55;2852,35;3003,49;3195,30;3416,69;3531,74;3638,25;3814,74;3706,59;3964,54;4324,13;4880,00;5324,29;5868,29;6489,25;7161,33;8214,48;9028,15;;91,2;95,8;94,1;90,3;90,6;93,0;94,2;94,3;93,8;95,3;89,3;92,4;95,5;100,9;102,8;106,2;108,1;106,8;108,2;104,6;;
0224000;"Powiat ząbkowicki";2084,21;2140,38;2307,68;2487,51;2579,21;2709,91;2923,66;3097,44;3201,11;3284,04;3388,52;3434,23;3583,79;3856,48;4178,50;4556,76;4975,61;5615,48;6223,41;7386,00;;83,1;81,2;80,5;78,8;77,8;78,9;80,6;82,7;82,6;82,0;81,6;80,0;79,1;79,8;80,6;82,5;82,9;83,7;81,9;85,6;;
0225000;"Powiat zgorzelecki";2900,76;3033,50;3232,80;3506,50;3765,10;3133,95;3264,77;3406,01;3435,69;3551,19;3630,73;3680,53;3866,56;4225,18;4521,09;4881,55;5346,28;5980,91;6812,01;7834,59;;115,7;115,0;112,8;111,0;113,6;91,2;90,1;91,0;88,6;88,7;87,5;85,8;85,4;87,4;87,3;88,4;89,1;89,2;89,7;90,8;;
0226000;"Powiat złotoryjski";2104,68;2240,46;2454,96;2733,11;3054,76;3159,35;3309,08;3424,12;3574,21;3681,55;3826,13;3922,04;4113,06;4362,98;4731,02;5118,53;5591,14;6235,18;7310,37;8084,34;;84,0;85,0;85,7;86,5;92,1;92,0;91,3;91,4;92,2;91,9;92,2;91,4;90,8;90,2;91,3;92,7;93,2;93,0;96,2;93,7;;
0261000;"Powiat m. Jelenia Góra";2286,11;2398,28;2548,93;2795,85;2913,03;2969,75;3192,15;3291,09;3367,22;3577,03;3835,12;3979,80;4237,50;4546,12;4848,79;5183,33;5646,31;6282,14;7101,35;8273,47;;91,2;91,0;88,9;88,5;87,9;86,5;88,1;87,9;86,8;89,3;92,4;92,8;93,6;94,0;93,6;93,8;94,1;93,7;93,5;95,9;;
0262000;"Powiat m. Legnica";2020,14;2110,66;2282,17;2543,39;2709,33;2763,74;2899,24;3034,05;3188,81;3406,69;3582,11;3728,92;3998,28;4259,37;4719,65;4952,32;5463,27;6068,54;6901,05;7928,25;;80,6;80,0;79,6;80,5;81,7;80,5;80,0;81,0;82,2;85,1;86,3;86,9;88,3;88,1;91,1;89,7;91,0;90,5;90,9;91,9;;
0264000;"Powiat m. Wrocław";2649,62;2797,71;3048,98;3415,39;3556,10;3675,85;3827,68;3923,93;4129,56;4337,99;4569,88;4800,54;5070,35;5338,47;5757,54;6140,64;6693,90;7391,95;8334,84;9425,25;;105,7;106,1;106,4;108,1;107,3;107,0;105,6;104,8;106,5;108,3;110,1;111,9;112,0;110,4;111,1;111,2;111,5;110,2;109,7;109,2;;
0265000;"Powiat m. Wałbrzych od 2013";;;;;;;;;3735,14;3943,28;4036,65;4180,67;4481,44;4768,01;5189,24;5565,38;6015,80;6731,24;7584,09;8657,86;;;;;;;;;;96,3;98,5;97,2;97,4;99,0;98,6;100,1;100,8;100,2;100,4;99,9;100,3;;
0400000;"KUJAWSKO-POMORSKIE";2153,46;2268,87;2443,17;2691,69;2810,97;2910,82;3062,32;3182,31;3322,09;3439,06;3540,25;3672,98;3886,20;4139,21;4494,37;4831,73;5286,83;5888,55;6721,48;7710,78;;85,9;86,0;85,2;85,2;84,8;84,7;84,5;85,0;85,7;85,9;85,3;85,6;85,8;85,6;86,7;87,5;88,1;87,8;88,5;89,3;;
0401000;"Powiat aleksandrowski";1813,70;1931,33;2048,15;2264,20;2362,55;2529,72;2624,54;2752,37;2913,18;2992,70;3099,06;3170,04;3399,70;3641,04;3918,09;4138,84;4651,79;5256,91;6019,18;7089,71;;72,3;73,2;71,5;71,7;71,3;73,6;72,4;73,5;75,1;74,7;74,7;73,9;75,1;75,3;75,6;74,9;77,5;78,4;79,2;82,1;;
0402000;"Powiat brodnicki";1939,95;2041,19;2198,64;2367,29;2454,56;2593,62;2714,96;2878,25;2989,17;3146,55;3165,06;3348,46;3552,02;3762,94;4027,09;4291,16;4666,18;5179,20;5919,35;6879,20;;77,4;77,4;76,7;75,0;74,0;75,5;74,9;76,9;77,1;78,6;76,3;78,0;78,4;77,8;77,7;77,7;77,8;77,2;77,9;79,7;;
0403000;"Powiat bydgoski";1930,38;1966,50;2236,28;2538,37;2611,54;2710,17;2876,85;3028,70;3233,47;3410,14;3548,05;3656,85;3933,52;4208,79;4449,27;4752,76;5167,77;5793,56;6461,57;7464,58;;77,0;74,6;78,0;80,4;78,8;78,9;79,4;80,9;83,4;85,2;85,5;85,2;86,9;87,1;85,9;86,0;86,1;86,4;85,1;86,5;;
0404000;"Powiat chełmiński";1779,56;1919,16;2108,73;2269,91;2452,10;2685,20;2772,46;2901,58;3095,76;3250,60;3299,94;3435,24;3639,96;3795,52;4117,98;4492,13;4901,95;5339,74;5970,02;6888,32;;71,0;72,8;73,6;71,9;74,0;78,2;76,5;77,5;79,8;81,2;79,5;80,1;80,4;78,5;79,5;81,3;81,7;79,6;78,6;79,8;;
0405000;"Powiat golubsko-dobrzyński";1892,63;1978,27;2164,60;2394,01;2492,92;2655,44;2864,08;3047,13;3179,59;3374,60;3492,49;3675,99;3926,17;4313,35;4521,71;4974,93;5272,37;6015,41;6678,54;7646,59;;75,5;75,0;75,5;75,8;75,2;77,3;79,0;81,4;82,0;84,3;84,1;85,7;86,7;89,2;87,3;90,1;87,9;89,7;87,9;88,6;;
0406000;"Powiat grudziądzki";1951,27;1984,16;2126,35;2362,16;2483,55;2634,23;2840,81;3014,90;3136,50;3305,50;3403,47;3564,13;3748,43;3950,03;4294,97;4677,24;5009,38;5523,49;6220,48;7298,63;;77,8;75,2;74,2;74,8;74,9;76,7;78,4;80,5;80,9;82,6;82,0;83,1;82,8;81,7;82,9;84,7;83,5;82,4;81,9;84,6;;
0407000;"Powiat inowrocławski";2039,85;2127,09;2251,00;2538,74;2688,19;2784,22;2889,59;2996,73;3096,02;3196,03;3257,22;3427,27;3626,17;3839,40;4141,32;4597,12;4988,03;5655,28;6449,06;7385,13;;81,4;80,7;78,5;80,4;81,1;81,1;79,7;80,0;79,8;79,8;78,5;79,9;80,1;79,4;79,9;83,2;83,1;84,3;84,9;85,6;;
0408000;"Powiat lipnowski";1921,54;1968,87;2074,42;2337,65;2436,37;2541,26;2668,15;2820,97;2886,36;2898,10;2859,77;3056,40;3218,45;3491,32;3761,30;4106,90;4455,86;4910,26;5658,46;6696,12;;76,6;74,7;72,4;74,0;73,5;74,0;73,6;75,3;74,4;72,4;68,9;71,2;71,1;72,2;72,6;74,4;74,3;73,2;74,5;77,6;;
0409000;"Powiat mogileński";1863,38;1977,45;2167,70;2387,27;2550,92;2610,47;2785,00;2860,46;2949,32;3155,63;3317,85;3398,81;3678,82;3855,21;4107,94;4263,04;4704,01;5482,81;6386,99;7216,61;;74,3;75,0;75,6;75,6;76,9;76,0;76,8;76,4;76,1;78,8;79,9;79,2;81,2;79,7;79,3;77,2;78,4;81,8;84,1;83,6;;
0410000;"Powiat nakielski";1932,12;1997,90;2145,00;2375,03;2539,05;2702,71;2868,29;2988,21;3080,04;3122,28;3182,69;3321,17;3468,65;3706,48;4102,99;4423,48;4822,85;5907,85;6603,55;7557,18;;77,1;75,8;74,8;75,2;76,6;78,7;79,1;79,8;79,4;78,0;76,7;77,4;76,6;76,7;79,2;80,1;80,4;88,1;86,9;87,6;;
0411000;"Powiat radziejowski";1902,61;1994,04;2146,56;2346,78;2421,58;2580,17;2687,99;2737,21;2858,06;2931,39;3095,39;3190,28;3378,02;3596,25;3906,53;4320,09;4799,97;5248,74;6076,36;7250,97;;75,9;75,6;74,9;74,3;73,0;75,1;74,1;73,1;73,7;73,2;74,6;74,4;74,6;74,4;75,4;78,2;80,0;78,3;80,0;84,0;;
0412000;"Powiat rypiński";1865,83;2016,12;2144,46;2376,28;2482,02;2645,83;2743,36;2894,87;2983,31;3089,22;3134,03;3272,60;3464,17;3741,05;3979,24;4219,07;4668,80;5140,39;5844,89;6705,37;;74,4;76,5;74,8;75,2;74,9;77,0;75,7;77,3;76,9;77,2;75,5;76,3;76,5;77,4;76,8;76,4;77,8;76,7;77,0;77,7;;
0413000;"Powiat sępoleński";1811,71;1901,51;2047,91;2296,09;2537,61;2696,45;2820,74;2928,20;3077,03;3148,04;3232,37;3324,28;3529,86;3730,47;3977,99;4308,57;4702,98;5229,53;5892,07;6733,87;;72,3;72,1;71,5;72,7;76,5;78,5;77,8;78,2;79,4;78,6;77,9;77,5;78,0;77,2;76,8;78,0;78,4;78,0;77,6;78,0;;
0414000;"Powiat świecki";2208,99;2290,19;2465,01;2711,04;2813,48;2901,68;3031,32;3171,00;3343,53;3482,66;3516,40;3630,37;3882,92;4170,33;4580,35;4858,33;5211,03;5795,79;6561,15;7559,21;;88,1;86,9;86,0;85,8;84,9;84,5;83,6;84,7;86,2;87,0;84,7;84,6;85,8;86,3;88,4;88,0;86,8;86,4;86,4;87,6;;
0415000;"Powiat toruński";1864,47;1935,61;2100,86;2334,20;2399,99;2520,88;2641,14;2738,84;2911,23;3036,13;3107,90;3298,27;3483,08;3726,88;4027,12;4394,70;4737,52;5441,72;6185,35;7186,74;;74,4;73,4;73,3;73,9;72,4;73,4;72,9;73,1;75,1;75,8;74,9;76,9;76,9;77,1;77,7;79,6;78,9;81,2;81,4;83,3;;
0416000;"Powiat tucholski";1855,47;1916,60;2051,01;2267,68;2446,84;2588,59;2694,54;2831,86;2882,14;2983,14;3067,37;3154,01;3353,75;3600,87;3919,91;4208,91;4640,12;5164,79;5840,11;6867,11;;74,0;72,7;71,6;71,8;73,8;75,4;74,3;75,6;74,3;74,5;73,9;73,5;74,1;74,5;75,7;76,2;77,3;77,0;76,9;79,6;;
0417000;"Powiat wąbrzeski";1980,24;2073,34;2193,29;2385,45;2582,75;2660,78;2859,74;3010,76;3132,56;3204,19;3336,63;3478,59;3741,15;3934,94;4334,78;4709,17;5091,85;5653,97;6249,49;7259,89;;79,0;78,6;76,5;75,5;77,9;77,5;78,9;80,4;80,8;80,0;80,4;81,1;82,6;81,4;83,7;85,3;84,8;84,3;82,3;84,1;;
0418000;"Powiat włocławski";1717,01;1898,26;2010,89;2231,78;2379,63;2500,93;2644,28;2742,36;2883,38;3058,58;3137,40;3269,66;3503,37;3771,18;4107,48;4383,49;4807,59;5289,63;5925,34;7024,02;;68,5;72,0;70,2;70,7;71,8;72,8;72,9;73,2;74,4;76,4;75,6;76,2;77,4;78,0;79,3;79,4;80,1;78,9;78,0;81,4;;
0419000;"Powiat żniński";1779,84;1906,51;2062,85;2252,18;2413,71;2507,49;2645,24;2741,57;2877,89;2927,35;3042,27;3140,27;3363,90;3654,34;3896,63;4285,37;4600,57;5169,82;5985,65;7038,42;;71,0;72,3;72,0;71,3;72,8;73,0;73,0;73,2;74,2;73,1;73,3;73,2;74,3;75,6;75,2;77,6;76,7;77,1;78,8;81,6;;
0461000;"Powiat m. Bydgoszcz";2343,98;2482,78;2690,84;2973,85;3074,32;3184,45;3363,68;3468,51;3589,06;3677,79;3850,09;3950,95;4185,10;4481,39;4957,38;5252,17;5848,22;6435,59;7478,19;8448,23;;93,5;94,2;93,9;94,2;92,7;92,7;92,8;92,6;92,6;91,9;92,8;92,1;92,4;92,7;95,7;95,1;97,5;96,0;98,5;97,9;;
0462000;"Powiat m. Grudziądz";1889,84;2014,26;2210,11;2453,87;2553,10;2641,57;2754,99;2885,61;3021,42;3196,00;3212,29;3323,90;3513,56;3743,06;3976,49;4414,17;4825,20;5299,09;6034,07;7170,43;;75,4;76,4;77,1;77,7;77,0;76,9;76,0;77,1;77,9;79,8;77,4;77,5;77,6;77,4;76,7;79,9;80,4;79,0;79,4;83,1;;
0463000;"Powiat m. Toruń";2384,02;2560,95;2753,44;3038,58;3175,43;3220,95;3414,28;3545,32;3719,69;3876,00;3991,61;4170,83;4384,59;4629,36;4980,31;5331,63;5841,99;6450,47;7308,74;8324,26;;95,1;97,1;96,1;96,2;95,8;93,8;94,2;94,7;95,9;96,8;96,2;97,2;96,8;95,8;96,1;96,5;97,3;96,2;96,2;96,5;;
0464000;"Powiat m. Włocławek";2279,95;2383,02;2531,51;2745,60;2931,23;3018,94;3132,44;3240,04;3419,98;3530,87;3631,31;3770,16;3941,33;4166,00;4505,60;4889,30;5294,49;5892,16;6687,25;7632,14;;90,9;90,4;88,3;86,9;88,4;87,9;86,4;86,5;88,2;88,2;87,5;87,9;87,0;86,2;87,0;88,5;88,2;87,9;88,0;88,4;;
0600000;"LUBELSKIE";2180,18;2290,60;2486,22;2771,99;2891,30;3099,60;3257,14;3382,66;3488,61;3605,03;3699,48;3815,95;4020,25;4260,71;4564,85;4914,95;5318,68;5909,60;6774,52;7771,05;;87,0;86,9;86,7;87,8;87,2;90,2;89,8;90,3;90,0;90,0;89,1;88,9;88,8;88,1;88,1;89,0;88,6;88,1;89,2;90,0;;
0601000;"Powiat bialski";1822,43;1900,54;2042,47;2276,07;2439,05;2611,73;2732,50;2862,82;2949,52;3045,06;3127,01;3184,04;3409,49;3668,41;3991,12;4258,54;4594,45;5288,19;5953,72;6969,84;;72,7;72,1;71,3;72,1;73,6;76,0;75,4;76,5;76,1;76,1;75,3;74,2;75,3;75,9;77,0;77,1;76,6;78,9;78,4;80,8;;
0602000;"Powiat biłgorajski";1959,22;2108,96;2274,16;2480,05;2602,42;2663,43;2829,98;3009,52;3088,20;3200,89;3343,68;3530,69;3699,34;3907,04;4176,81;4522,48;4781,00;5109,51;5694,27;6642,14;;78,2;80,0;79,3;78,5;78,5;77,5;78,1;80,4;79,6;79,9;80,6;82,3;81,7;80,8;80,6;81,9;79,7;76,2;75,0;77,0;;
0603000;"Powiat chełmski";2017,81;2004,43;2182,50;2373,49;2519,99;2632,14;2850,62;2940,49;3021,08;3150,13;3251,54;3333,95;3410,65;3648,16;3921,71;4291,62;4637,15;5126,89;5793,46;6923,60;;80,5;76,0;76,2;75,1;76,0;76,6;78,6;78,5;77,9;78,7;78,3;77,7;75,3;75,5;75,7;77,7;77,3;76,5;76,3;80,2;;
0604000;"Powiat hrubieszowski";1930,63;2038,50;2195,60;2397,30;2595,21;2748,08;2967,86;3109,48;3116,46;3194,54;3275,78;3425,56;3572,95;3821,25;4205,48;4518,56;5019,57;5487,37;6247,83;7343,04;;77,0;77,3;76,6;75,9;78,3;80,0;81,9;83,0;80,4;79,8;78,9;79,8;78,9;79,0;81,2;81,8;83,6;81,8;82,3;85,1;;
0605000;"Powiat janowski";1911,90;1965,57;2091,05;2286,58;2357,98;2615,62;2826,82;2972,10;3100,51;3321,20;3436,38;3485,33;3657,09;4007,96;4225,92;4437,27;5061,82;5574,12;6336,93;7391,20;;76,3;74,5;73,0;72,4;71,1;76,1;78,0;79,4;80,0;82,9;82,8;81,2;80,8;82,9;81,6;80,3;84,3;83,1;83,4;85,6;;
0606000;"Powiat krasnostawski";1943,03;2069,11;2298,87;2541,52;2607,10;2805,57;2983,35;3060,62;3128,85;3236,28;3315,19;3412,40;3619,20;3862,53;4096,88;4548,95;4843,32;5376,97;6131,62;7320,01;;77,5;78,5;80,2;80,5;78,6;81,7;82,3;81,7;80,7;80,8;79,9;79,5;79,9;79,9;79,1;82,4;80,7;80,2;80,7;84,8;;
0607000;"Powiat kraśnicki";1930,26;2014,44;2159,55;2365,43;2388,93;2569,07;2721,15;2871,55;2953,64;3125,11;3197,23;3327,58;3459,00;3691,03;3961,16;4244,39;4683,04;5139,37;5937,05;6798,52;;77,0;76,4;75,3;74,9;72,1;74,8;75,1;76,7;76,2;78,0;77,0;77,6;76,4;76,3;76,4;76,8;78,0;76,6;78,2;78,8;;
0608000;"Powiat lubartowski";1907,49;2008,64;2169,07;2463,30;2566,02;2746,86;2858,35;2888,47;2993,79;3089,12;3144,70;3237,98;3419,63;3635,35;4003,85;4369,45;4824,58;5250,01;5894,65;6988,30;;76,1;76,2;75,7;78,0;77,4;80,0;78,8;77,1;77,2;77,2;75,8;75,5;75,5;75,2;77,3;79,1;80,4;78,3;77,6;81,0;;
0609000;"Powiat lubelski";1947,03;2027,08;2239,56;2441,73;2538,59;2657,52;2798,89;2946,90;3029,43;3141,58;3239,53;3308,85;3527,13;3673,03;3943,73;4253,09;4615,93;5115,88;5868,83;6909,08;;77,7;76,9;78,1;77,3;76,6;77,4;77,2;78,7;78,1;78,5;78,0;77,1;77,9;76,0;76,1;77,0;76,9;76,3;77,3;80,1;;
0610000;"Powiat łęczyński";3454,18;3448,71;3655,76;4133,75;4417,20;4428,15;4758,24;4942,31;5138,84;5375,67;5112,84;5294,68;5512,40;5772,29;6177,04;6391,65;7165,63;8543,50;10420,06;10367,98;;137,8;130,8;127,6;130,9;133,2;128,9;131,3;132,0;132,5;134,3;123,2;123,4;121,7;119,4;119,2;115,7;119,4;127,4;137,2;120,1;;
0611000;"Powiat łukowski";1809,66;1949,60;2126,95;2371,79;2451,27;2585,92;2707,26;2764,56;2883,30;2955,72;3065,51;3238,34;3403,31;3578,47;3846,62;4146,78;4562,15;5256,57;5816,88;6769,42;;72,2;73,9;74,2;75,1;73,9;75,3;74,7;73,8;74,4;73,8;73,9;75,5;75,2;74,0;74,2;75,1;76,0;78,4;76,6;78,4;;
0612000;"Powiat opolski";1939,72;2018,90;2193,68;2444,77;2579,52;2721,60;2839,48;2991,25;3020,99;3129,37;3257,97;3344,45;3490,05;3692,97;3927,80;4252,35;4547,18;5132,54;5808,93;7041,32;;77,4;76,6;76,5;77,4;77,8;79,2;78,3;79,9;77,9;78,2;78,5;77,9;77,1;76,4;75,8;77,0;75,8;76,5;76,5;81,6;;
0613000;"Powiat parczewski";1946,46;1995,22;2195,87;2413,25;2520,65;2678,25;2883,33;2994,80;3037,61;3169,06;3217,95;3352,33;3565,96;3764,14;4092,69;4478,61;4881,98;5399,11;6140,77;7202,86;;77,6;75,7;76,6;76,4;76,0;78,0;79,5;80,0;78,3;79,1;77,5;78,1;78,8;77,9;79,0;81,1;81,4;80,5;80,8;83,5;;
0614000;"Powiat puławski";2399,71;2503,08;2689,62;3043,07;3178,30;3235,16;3542,20;3662,83;3785,23;3855,51;4022,67;4160,35;4440,23;4615,24;4902,81;5311,80;5680,00;6254,05;6871,29;7545,62;;95,7;94,9;93,8;96,3;95,9;94,2;97,7;97,8;97,6;96,3;96,9;97,0;98,1;95,5;94,6;96,2;94,7;93,3;90,5;87,4;;
0615000;"Powiat radzyński";2029,21;2118,22;2231,93;2461,63;2596,92;2723,52;2853,46;2966,60;3169,19;3206,39;3243,52;3387,21;3598,62;3787,89;4064,52;4385,35;4775,71;5547,83;6233,24;7199,70;;80,9;80,3;77,9;77,9;78,3;79,3;78,7;79,2;81,7;80,1;78,1;78,9;79,5;78,3;78,4;79,4;79,6;82,7;82,1;83,4;;
0616000;"Powiat rycki";1940,70;2022,99;2184,01;2409,35;2533,13;2746,58;2837,68;2912,71;3050,99;3101,76;3207,52;3339,39;3544,04;3754,48;4014,66;4386,95;4786,07;5359,49;5946,05;7108,04;;77,4;76,7;76,2;76,3;76,4;80,0;78,3;77,8;78,7;77,5;77,3;77,8;78,3;77,7;77,5;79,4;79,8;79,9;78,3;82,4;;
0617000;"Powiat świdnicki";2022,02;2137,72;2344,74;2691,15;2791,36;2885,70;3124,46;3491,18;3620,47;3847,83;4050,02;4109,67;4312,35;4624,28;4861,68;5074,45;5537,67;6162,15;6954,42;7952,82;;80,7;81,1;81,8;85,2;84,2;84,0;86,2;93,2;93,4;96,1;97,6;95,8;95,2;95,6;93,8;91,9;92,3;91,9;91,6;92,2;;
0618000;"Powiat tomaszowski";1854,38;1942,25;2099,05;2318,00;2433,30;2610,51;2739,50;2860,83;2931,59;3034,51;3144,81;3256,18;3405,09;3681,44;3906,06;4337,56;4556,75;5100,78;5859,33;6818,19;;74,0;73,7;73,2;73,4;73,4;76,0;75,6;76,4;75,6;75,8;75,8;75,9;75,2;76,1;75,4;78,5;75,9;76,1;77,1;79,0;;
0619000;"Powiat włodawski";1887,37;1960,40;2142,24;2428,65;2572,52;2744,77;2898,66;3032,38;3073,43;3174,79;3267,12;3389,98;3519,39;3658,82;3924,59;4333,34;4724,35;5234,17;6000,38;7193,29;;75,3;74,3;74,7;76,9;77,6;79,9;80,0;81,0;79,3;79,3;78,7;79,0;77,7;75,7;75,7;78,5;78,7;78,1;79,0;83,3;;
0620000;"Powiat zamojski";1754,81;1833,76;1969,60;2219,60;2350,53;2548,07;2726,29;2778,35;2870,16;3005,11;3021,19;3243,03;3242,06;3474,14;3671,45;4135,39;4373,85;4926,90;5642,09;6612,47;;70,0;69,5;68,7;70,3;70,9;74,2;75,2;74,2;74,0;75,1;72,8;75,6;71,6;71,9;70,9;74,9;72,9;73,5;74,3;76,6;;
0661000;"Powiat m. Biała Podlaska";2111,78;2230,17;2371,55;2649,61;2853,38;3112,71;3305,79;3370,69;3461,96;3539,80;3643,59;3782,03;3763,62;3913,47;4165,17;4504,47;4984,69;5691,80;6400,24;7418,16;;84,2;84,6;82,7;83,9;86,1;90,6;91,2;90,0;89,3;88,4;87,8;88,1;83,1;80,9;80,4;81,6;83,1;84,9;84,3;86,0;;
0662000;"Powiat m. Chełm";1987,04;2077,69;2263,06;2521,72;2683,17;2829,46;2942,39;3099,95;3184,22;3259,18;3371,93;3537,53;3689,33;3976,28;4182,86;4581,83;4945,78;5619,61;6349,53;7397,96;;79,3;78,8;79,0;79,8;80,9;82,4;81,2;82,8;82,1;81,4;81,2;82,4;81,5;82,2;80,7;83,0;82,4;83,8;83,6;85,7;;
0663000;"Powiat m. Lublin";2419,23;2545,84;2762,84;3076,91;3178,15;3489,07;3606,97;3710,80;3820,91;3955,65;4060,17;4169,46;4431,61;4708,40;5054,93;5412,39;5833,53;6402,56;7443,57;8507,48;;96,5;96,5;96,4;97,4;95,9;101,6;99,5;99,1;98,5;98,8;97,8;97,2;97,9;97,4;97,6;98,0;97,2;95,5;98,0;98,6;;
0664000;"Powiat m. Zamość";2146,17;2359,35;2643,00;2934,69;3073,42;2991,81;3163,05;3267,28;3410,42;3511,40;3684,12;3794,50;3954,10;4244,03;4579,40;5013,44;5405,57;5875,74;6679,65;7828,94;;85,6;89,5;92,2;92,9;92,7;87,1;87,3;87,3;88,0;87,7;88,8;88,4;87,3;87,8;88,4;90,8;90,1;87,6;87,9;90,7;;
0800000;"LUBUSKIE";2144,35;2235,01;2429,97;2653,55;2802,77;2920,43;3073,95;3203,18;3282,07;3425,38;3567,60;3734,90;3950,95;4239,92;4559,96;4832,07;5286,50;6014,38;6882,46;7887,19;;85,5;84,8;84,8;84,0;84,5;85,0;84,8;85,5;84,6;85,5;85,9;87,1;87,3;87,7;88,0;87,5;88,1;89,7;90,6;91,4;;
0801000;"Powiat gorzowski";2217,31;2342,37;2650,26;2803,77;2919,63;3069,29;3276,48;3408,69;3524,85;3597,06;3818,44;3882,12;4090,10;4495,22;4730,58;5012,81;5419,18;6162,20;7139,07;8220,62;;88,4;88,8;92,5;88,8;88,1;89,4;90,4;91,0;90,9;89,8;92,0;90,5;90,3;93,0;91,3;90,8;90,3;91,9;94,0;95,3;;
0802000;"Powiat krośnieński";2021,99;2171,50;2389,68;2608,40;2725,00;2799,25;3026,18;3160,41;3232,97;3351,05;3503,74;3835,52;3996,47;4255,01;4361,37;4765,10;5127,37;5730,70;6637,01;7588,90;;80,7;82,4;83,4;82,6;82,2;81,5;83,5;84,4;83,4;83,7;84,4;89,4;88,3;88,0;84,2;86,3;85,4;85,5;87,4;87,9;;
0803000;"Powiat międzyrzecki";2027,83;2072,84;2285,92;2521,23;2644,90;2820,99;2988,21;3116,31;3216,20;3345,15;3466,06;3583,99;3768,95;4066,99;4263,28;4569,86;5085,53;5695,99;6625,23;7706,83;;80,9;78,6;79,8;79,8;79,8;82,1;82,4;83,2;82,9;83,5;83,5;83,5;83,2;84,1;82,3;82,7;84,7;84,9;87,2;89,3;;
0804000;"Powiat nowosolski";1888,38;1942,99;2127,09;2380,12;2669,30;2804,18;2976,30;3089,18;3253,97;3372,90;3507,98;3661,03;3914,15;4174,69;4517,64;4625,15;5132,85;5810,07;6766,75;7656,29;;75,3;73,7;74,2;75,4;80,5;81,6;82,1;82,5;83,9;84,2;84,5;85,3;86,4;86,3;87,2;83,7;85,5;86,6;89,1;88,7;;
0805000;"Powiat słubicki";2067,48;2143,40;2264,63;2536,29;2733,88;2880,01;3068,31;3133,88;3282,94;3454,74;3534,54;3683,72;3718,52;4014,73;4278,58;4480,78;4733,20;5920,34;6701,31;7486,38;;82,5;81,3;79,0;80,3;82,5;83,8;84,6;83,7;84,7;86,3;85,2;85,9;82,1;83,0;82,6;81,1;78,9;88,3;88,2;86,7;;
0806000;"Powiat strzelecko-drezdenecki";2077,67;2211,20;2354,42;2593,67;2665,56;2892,36;3030,54;3132,48;3261,10;3410,80;3552,74;3689,38;3819,16;4124,64;4328,07;4560,14;5038,23;5727,06;6383,30;7455,16;;82,9;83,9;82,1;82,1;80,4;84,2;83,6;83,7;84,1;85,2;85,6;86,0;84,3;85,3;83,5;82,6;84,0;85,4;84,0;86,4;;
0807000;"Powiat sulęciński";1765,74;1837,51;1954,43;2130,99;2317,43;2414,19;2620,65;2716,04;2740,65;2925,57;3019,27;3161,56;3468,90;3829,00;3992,31;4292,99;4685,18;5335,40;6018,27;6877,85;;70,4;69,7;68,2;67,5;69,9;70,3;72,3;72,5;70,7;73,1;72,7;73,7;76,6;79,2;77,0;77,7;78,1;79,6;79,2;79,7;;
0808000;"Powiat świebodziński";1957,86;2016,88;2226,14;2458,84;2520,07;2640,20;2858,26;2931,56;3104,58;3308,49;3455,57;3712,08;3968,58;4234,21;4566,65;4659,04;5242,75;6154,27;6975,86;7823,19;;78,1;76,5;77,7;77,8;76,0;76,9;78,8;78,3;80,1;82,6;83,2;86,5;87,6;87,6;88,1;84,4;87,4;91,8;91,8;90,6;;
0809000;"Powiat zielonogórski";2171,40;2238,08;2475,25;2696,63;2765,05;2895,29;3073,28;3373,25;3320,76;3408,24;3699,79;3810,06;4067,93;4330,43;4657,96;5037,75;5392,72;6162,35;6866,37;7892,47;;86,6;84,9;86,4;85,4;83,4;84,3;84,8;90,1;85,6;85,1;89,1;88,8;89,8;89,6;89,9;91,2;89,9;91,9;90,4;91,5;;
0810000;"Powiat żagański";1872,44;1928,76;2132,21;2316,79;2426,68;2560,00;2719,65;2889,16;3001,13;3125,35;3249,08;3428,40;3587,59;3843,35;4155,89;4484,13;4823,38;5468,20;6259,95;7159,01;;74,7;73,1;74,4;73,4;73,2;74,5;75,0;77,2;77,4;78,1;78,3;79,9;79,2;79,5;80,2;81,2;80,4;81,5;82,4;83,0;;
0811000;"Powiat żarski";2186,90;2315,16;2526,79;2760,46;2928,90;3084,63;3276,98;3445,53;3501,25;3596,66;3712,82;3925,75;4067,66;4426,69;4769,05;5047,09;5659,45;6172,02;6929,71;8031,45;;87,2;87,8;88,2;87,4;88,3;89,8;90,4;92,0;90,3;89,8;89,4;91,5;89,8;91,6;92,0;91,4;94,3;92,0;91,2;93,1;;
0812000;"Powiat wschowski";1806,28;1905,13;2138,36;2420,74;2534,57;2625,94;2822,65;2983,88;3006,82;3130,04;3233,14;3359,68;3553,21;3866,11;4234,83;4470,96;4866,09;5453,09;6247,33;7145,37;;72,1;72,3;74,6;76,6;76,4;76,4;77,9;79,7;77,5;78,2;77,9;78,3;78,5;80,0;81,7;80,9;81,1;81,3;82,3;82,8;;
0861000;"Powiat m. Gorzów Wielkopolski";2212,65;2319,81;2492,60;2763,15;2921,21;3014,26;3091,83;3197,03;3313,03;3432,87;3532,91;3670,29;3934,20;4224,62;4496,08;4788,88;5242,27;5890,85;6713,76;7643,38;;88,3;88,0;87,0;87,5;88,1;87,8;85,3;85,4;85,4;85,7;85,1;85,5;86,9;87,4;86,8;86,7;87,4;87,8;88,4;88,6;;
0862000;"Powiat m. Zielona Góra";2468,95;2586,19;2767,01;2908,94;3060,42;3138,35;3247,30;3351,95;3363,53;3578,27;3731,67;3919,96;4173,04;4419,34;4893,47;5212,80;5697,74;6462,80;7487,10;8679,92;;98,5;98,1;96,5;92,1;92,3;91,4;89,6;89,5;86,7;89,4;89,9;91,4;92,2;91,4;94,4;94,4;94,9;96,4;98,6;100,6;;
1000000;"ŁÓDZKIE";2188,15;2287,90;2470,86;2740,58;2884,60;3066,02;3245,97;3383,30;3510,20;3618,63;3790,76;3925,10;4141,94;4441,29;4790,10;5148,38;5622,29;6210,68;7052,93;8096,32;;87,3;86,8;86,2;86,8;87,0;89,3;89,5;90,4;90,5;90,4;91,3;91,5;91,5;91,9;92,4;93,2;93,7;92,6;92,9;93,8;;
1001000;"Powiat bełchatowski";3133,78;3222,41;3415,66;3745,53;3958,40;4628,24;4940,22;5244,60;5512,35;5578,37;5791,89;5778,97;5926,37;6259,40;6695,94;7002,62;7288,32;8140,22;9268,84;10312,16;;125,0;122,2;119,2;118,6;119,4;134,7;136,3;140,1;142,2;139,3;139,5;134,7;130,9;129,5;129,2;126,8;121,5;121,4;122,0;119,5;;
1002000;"Powiat kutnowski";2103,56;2127,10;2356,15;2553,09;2748,82;2871,15;3027,99;3179,27;3265,05;3396,11;3553,67;3685,59;3946,40;4206,84;4448,31;4786,11;5228,84;5800,64;6598,59;7557,15;;83,9;80,7;82,2;80,8;82,9;83,6;83,5;84,9;84,2;84,8;85,6;85,9;87,2;87,0;85,8;86,7;87,1;86,5;86,9;87,6;;
1003000;"Powiat łaski";1780,05;1818,77;1974,65;2216,28;2340,75;2481,94;2572,43;2656,34;2749,14;2843,66;2954,03;3041,80;3227,11;3432,41;3798,69;4162,46;4475,37;5241,99;5879,09;6934,06;;71,0;69,0;68,9;70,2;70,6;72,3;71,0;70,9;70,9;71,0;71,2;70,9;71,3;71,0;73,3;75,4;74,6;78,2;77,4;80,3;;
1004000;"Powiat łęczycki";2052,22;2186,67;2347,22;2688,12;2828,64;2893,63;3071,35;3216,88;3425,90;3532,14;3582,28;3725,91;3885,89;4104,85;4378,45;4822,41;5112,54;6026,04;6905,17;7913,11;;81,9;82,9;81,9;85,1;85,3;84,2;84,7;85,9;88,4;88,2;86,3;86,8;85,8;84,9;84,5;87,3;85,2;89,9;90,9;91,7;;
1005000;"Powiat łowicki";1998,33;2068,80;2216,80;2386,89;2582,14;2718,68;2845,87;2947,82;3121,34;3201,38;3247,31;3337,54;3534,91;3781,96;4080,42;4460,42;4866,80;5395,60;6192,74;7203,43;;79,7;78,5;77,3;75,6;77,9;79,1;78,5;78,7;80,5;80,0;78,2;77,8;78,1;78,2;78,7;80,8;81,1;80,5;81,5;83,5;;
1006000;"Powiat łódzki wschodni";1836,05;1939,69;2126,36;2303,11;2447,97;2554,12;2677,69;2689,61;2796,04;2951,68;3118,38;3256,75;3463,82;3759,87;4041,73;4423,99;4921,85;5475,31;6313,01;7413,41;;73,2;73,6;74,2;72,9;73,8;74,4;73,9;71,8;72,1;73,7;75,1;75,9;76,5;77,8;78,0;80,1;82,0;81,7;83,1;85,9;;
1007000;"Powiat opoczyński";2095,33;2154,67;2304,53;2494,48;2438,50;2650,06;2856,43;2930,75;3004,95;3087,19;3174,36;3263,60;3427,90;3679,30;3940,12;4343,35;4877,79;5462,96;6391,34;7243,07;;83,6;81,7;80,4;79,0;73,6;77,1;78,8;78,3;77,5;77,1;76,5;76,1;75,7;76,1;76,0;78,6;81,3;81,5;84,1;83,9;;
1008000;"Powiat pabianicki";1980,37;2045,07;2158,65;2430,88;2519,87;2622,52;2812,11;2920,50;3094,69;3189,30;3402,55;3539,63;3778,57;4046,87;4408,23;4675,17;5097,18;5650,74;6349,64;7398,66;;79,0;77,6;75,3;77,0;76,0;76,3;77,6;78,0;79,8;79,7;82,0;82,5;83,5;83,7;85,1;84,6;84,9;84,3;83,6;85,7;;
1009000;"Powiat pajęczański";2006,22;2226,46;2369,57;2620,17;2817,42;2950,74;3061,69;3107,48;3227,39;3339,61;3429,55;3530,89;3672,03;3919,72;4151,26;4573,46;4878,09;5467,17;6143,74;7173,21;;80,0;84,4;82,7;83,0;85,0;85,9;84,5;83,0;83,2;83,4;82,6;82,3;81,1;81,1;80,1;82,8;81,3;81,5;80,9;83,1;;
1010000;"Powiat piotrkowski";1680,07;1771,10;1915,05;2228,74;2346,40;2463,77;2651,98;2804,34;2886,28;2957,04;3058,72;3196,29;3436,14;3695,68;3986,06;4255,64;4657,40;5278,96;5846,87;6959,28;;67,0;67,2;66,8;70,6;70,8;71,7;73,2;74,9;74,4;73,9;73,7;74,5;75,9;76,4;76,9;77,0;77,6;78,7;77,0;80,6;;
1011000;"Powiat poddębicki";1870,70;1999,19;2257,29;2717,44;2908,49;3087,08;3294,65;3498,97;3690,42;3743,12;3900,35;4094,44;4387,98;4679,92;5252,21;5688,39;6479,53;7377,24;8302,47;9519,47;;74,6;75,8;78,8;86,0;87,7;89,9;90,9;93,4;95,2;93,5;94,0;95,4;96,9;96,8;101,4;103,0;108,0;110,0;109,3;110,3;;
1012000;"Powiat radomszczański";1734,71;1804,39;1948,95;2182,42;2362,69;2470,64;2631,03;2727,27;2838,40;2994,84;3088,13;3220,16;3406,71;3631,65;3942,12;4368,96;4807,65;5333,33;6032,02;7043,14;;69,2;68,4;68,0;69,1;71,3;71,9;72,6;72,8;73,2;74,8;74,4;75,1;75,2;75,1;76,1;79,1;80,1;79,5;79,4;81,6;;
1013000;"Powiat rawski";1836,87;1999,61;2197,43;2451,01;2664,06;2797,21;2908,69;3000,63;3058,13;3168,26;3304,09;3366,71;3561,95;4027,10;4255,27;4509,52;5001,06;5550,93;6172,78;7179,85;;73,3;75,8;76,7;77,6;80,4;81,4;80,2;80,1;78,9;79,1;79,6;78,5;78,7;83,3;82,1;81,6;83,3;82,8;81,3;83,2;;
1014000;"Powiat sieradzki";1932,30;2025,48;2230,79;2492,09;2633,64;2766,04;2895,40;3004,55;3082,99;3205,91;3297,51;3453,10;3648,13;3949,33;4272,65;4741,55;5105,75;5626,08;6435,58;7424,03;;77,1;76,8;77,8;78,9;79,4;80,5;79,9;80,2;79,5;80,1;79,4;80,5;80,6;81,7;82,5;85,8;85,1;83,9;84,7;86,0;;
1015000;"Powiat skierniewicki";2007,40;2141,30;2249,45;2487,44;2513,53;2651,10;2725,69;2850,60;2964,68;3167,86;3301,35;3467,73;3612,61;3893,12;4137,68;4451,49;4861,50;5408,39;6092,92;6941,76;;80,1;81,2;78,5;78,8;75,8;77,2;75,2;76,1;76,5;79,1;79,5;80,8;79,8;80,5;79,9;80,6;81,0;80,7;80,2;80,4;;
1016000;"Powiat tomaszowski";1915,00;2006,06;2131,36;2386,32;2526,55;2745,64;2823,87;2955,16;3009,61;3094,40;3258,86;3295,07;3554,59;3807,65;4091,46;4473,72;4926,75;5478,29;6341,69;7423,32;;76,4;76,1;74,4;75,6;76,2;79,9;77,9;78,9;77,6;77,3;78,5;76,8;78,5;78,8;79,0;81,0;82,1;81,7;83,5;86,0;;
1017000;"Powiat wieluński";1777,06;1847,60;2027,69;2276,32;2361,93;2458,98;2576,71;2778,75;2987,22;3148,95;3252,66;3383,38;3640,03;3851,65;4166,35;4342,78;4994,12;5497,22;6238,07;7096,92;;70,9;70,1;70,7;72,1;71,2;71,6;71,1;74,2;77,0;78,6;78,4;78,9;80,4;79,7;80,4;78,6;83,2;82,0;82,1;82,2;;
1018000;"Powiat wieruszowski";1753,18;1976,28;2112,16;2307,55;2361,88;2460,96;2538,28;2620,86;2722,07;2797,73;2976,04;3094,11;3267,25;3454,23;3727,74;4165,25;4510,26;5075,66;5645,70;6619,63;;69,9;74,9;73,7;73,1;71,2;71,6;70,0;70,0;70,2;69,9;71,7;72,1;72,2;71,4;71,9;75,4;75,2;75,7;74,3;76,7;;
1019000;"Powiat zduńskowolski";1902,37;1990,10;2185,13;2411,23;2536,23;2683,69;2788,39;2832,65;2986,98;3051,23;3146,61;3271,45;3533,99;3745,55;3971,72;4382,66;4818,67;5607,97;6087,95;7123,17;;75,9;75,5;76,2;76,3;76,5;78,1;76,9;75,7;77,0;76,2;75,8;76,2;78,0;77,5;76,7;79,3;80,3;83,6;80,2;82,5;;
1020000;"Powiat zgierski";1977,92;2135,01;2333,99;2661,35;2743,16;2870,60;3100,15;3222,12;3301,43;3389,26;3573,69;3737,14;4017,73;4378,56;4655,05;5081,59;5476,77;6024,38;6749,27;7763,83;;78,9;81,0;81,4;84,3;82,7;83,6;85,5;86,1;85,1;84,6;86,1;87,1;88,7;90,6;89,8;92,0;91,3;89,8;88,9;90,0;;
1021000;"Powiat brzeziński";1666,97;1705,66;1832,80;1992,51;2163,93;2379,47;2440,72;2559,61;2607,32;2647,73;2748,42;2901,50;3071,31;3385,89;3806,53;4113,70;4605,78;5262,32;6050,65;7089,04;;66,5;64,7;63,9;63,1;65,3;69,3;67,3;68,4;67,2;66,1;66,2;67,6;67,8;70,0;73,5;74,5;76,7;78,5;79,7;82,1;;
1061000;"Powiat m. Łódź";2401,67;2500,84;2698,09;3002,12;3159,24;3243,15;3427,06;3568,84;3710,91;3837,47;4047,78;4230,12;4462,50;4779,47;5174,84;5510,99;6062,04;6629,23;7548,10;8621,77;;95,8;94,8;94,1;95,0;95,3;94,4;94,5;95,3;95,7;95,8;97,5;98,6;98,6;98,9;99,9;99,8;101,0;98,9;99,4;99,9;;
1062000;"Powiat m. Piotrków Trybunalski";1779,12;1904,33;2038,83;2236,07;2357,31;2460,57;2577,18;2741,58;2769,22;2952,79;3107,13;3229,18;3446,86;3765,37;4089,07;4422,85;5029,34;5465,30;6168,36;7206,02;;71,0;72,2;71,1;70,8;71,1;71,6;71,1;73,2;71,4;73,7;74,9;75,3;76,1;77,9;78,9;80,1;83,8;81,5;81,2;83,5;;
1063000;"Powiat m. Skierniewice";2039,59;2111,22;2328,45;2419,72;2584,82;2799,96;2916,61;2895,44;3082,48;3151,06;3218,53;3437,05;3598,89;3963,58;4293,90;4691,83;5145,34;5797,49;6503,98;7735,55;;81,4;80,1;81,2;76,6;78,0;81,5;80,5;77,3;79,5;78,7;77,5;80,1;79,5;82,0;82,9;84,9;85,7;86,5;85,6;89,6;;
1200000;"MAŁOPOLSKIE";2303,42;2443,91;2666,24;2903,63;3057,71;3169,90;3332,98;3456,16;3574,22;3700,06;3906,96;4077,91;4347,10;4678,95;5098,26;5536,07;6046,95;6824,68;7736,56;8818,71;;91,9;92,7;93,0;91,9;92,2;92,3;91,9;92,3;92,2;92,4;94,1;95,0;96,0;96,8;98,4;100,2;100,8;101,8;101,9;102,2;;
1201000;"Powiat bocheński";2016,51;2173,19;2421,74;2630,43;2832,06;2935,34;3128,68;3208,34;3230,64;3359,59;3464,39;3606,23;3783,80;4003,85;4289,47;4523,92;5056,61;5642,88;6184,90;7099,82;;80,4;82,4;84,5;83,3;85,4;85,5;86,3;85,7;83,3;83,9;83,5;84,1;83,6;82,8;82,8;81,9;84,3;84,2;81,4;82,3;;
1202000;"Powiat brzeski";1772,00;1911,49;2128,84;2347,56;2461,69;2630,04;2707,98;2821,76;2928,51;3048,33;3171,11;3237,03;3446,38;3690,17;3954,37;4244,82;4676,17;5127,71;5894,20;6953,88;;70,7;72,5;74,3;74,3;74,3;76,6;74,7;75,4;75,5;76,1;76,4;75,4;76,1;76,3;76,3;76,9;77,9;76,5;77,6;80,6;;
1203000;"Powiat chrzanowski";2396,30;2405,30;2617,17;2851,66;3094,20;2972,52;3122,27;3181,66;3323,83;3455,97;3554,03;3710,34;3878,27;4208,19;4595,24;4912,69;5321,95;6020,61;6898,73;7947,22;;95,6;91,2;91,3;90,3;93,3;86,5;86,1;85,0;85,7;86,3;85,6;86,5;85,7;87,0;88,7;88,9;88,7;89,8;90,8;92,1;;
1204000;"Powiat dąbrowski";1924,69;2026,81;2245,98;2464,33;2573,42;2704,29;2829,59;2970,50;3054,85;3178,77;3245,29;3386,45;3652,45;3794,60;4085,83;4425,26;4807,50;5271,12;6065,58;7161,93;;76,8;76,9;78,4;78,0;77,6;78,7;78,1;79,3;78,8;79,4;78,2;78,9;80,7;78,5;78,9;80,1;80,1;78,6;79,9;83,0;;
1205000;"Powiat gorlicki";1987,92;2124,38;2301,68;2492,53;2571,71;2632,27;2726,96;2847,79;2920,54;2952,40;3060,43;3178,84;3430,00;3594,66;3881,28;4158,62;4619,28;5027,39;5761,59;6707,16;;79,3;80,6;80,3;78,9;77,6;76,6;75,2;76,1;75,3;73,7;73,7;74,1;75,8;74,4;74,9;75,3;77,0;75,0;75,9;77,7;;
1206000;"Powiat krakowski";2276,79;2397,00;2653,06;2867,13;3013,31;3195,30;3377,70;3571,36;3759,07;3856,94;4204,13;4509,18;4858,15;5248,76;5514,71;5788,98;5562,32;6385,62;7252,41;8110,12;;90,8;90,9;92,6;90,8;90,9;93,0;93,2;95,4;96,9;96,3;101,3;105,1;107,3;108,6;106,4;104,8;92,7;95,2;95,5;94,0;;
1207000;"Powiat limanowski";1896,84;1980,07;2196,12;2374,83;2539,87;2604,64;2764,04;2865,98;2994,25;3115,85;3167,23;3259,44;3438,40;3647,39;3870,43;4163,22;4650,69;5183,78;5935,46;6922,29;;75,7;75,1;76,6;75,2;76,6;75,8;76,2;76,5;77,2;77,8;76,3;76,0;75,9;75,4;74,7;75,4;77,5;77,3;78,1;80,2;;
1208000;"Powiat miechowski";1968,69;2069,18;2247,95;2449,56;2629,31;2781,90;2833,95;2924,58;2983,24;3094,46;3189,73;3249,28;3436,12;3698,91;4024,88;4415,03;4906,57;5415,22;6131,46;7287,43;;78,5;78,5;78,4;77,6;79,3;81,0;78,2;78,1;76,9;77,3;76,8;75,7;75,9;76,5;77,7;79,9;81,8;80,8;80,7;84,4;;
1209000;"Powiat myślenicki";2147,03;2061,55;2276,79;2501,46;2605,31;2752,84;2783,41;2799,36;2917,16;3003,06;3094,21;3477,49;3745,92;4015,38;4286,31;4525,20;5025,52;5603,51;6224,14;7256,80;;85,6;78,2;79,4;79,2;78,6;80,1;76,8;74,8;75,2;75,0;74,5;81,1;82,7;83,1;82,7;81,9;83,7;83,6;81,9;84,1;;
1210000;"Powiat nowosądecki";1973,12;2056,56;2208,91;2377,06;2511,79;2610,04;2753,73;2810,22;2871,55;2989,86;3142,18;3240,29;3396,14;3681,50;3909,31;4160,76;4540,71;5134,07;5909,25;6830,61;;78,7;78,0;77,1;75,3;75,8;76,0;76,0;75,1;74,1;74,7;75,7;75,5;75,0;76,1;75,4;75,3;75,7;76,6;77,8;79,1;;
1211000;"Powiat nowotarski";1884,28;1934,99;2083,00;2335,60;2494,10;2562,74;2683,81;2784,19;2882,17;3039,93;3121,96;3190,67;3400,75;3714,71;3945,52;4335,07;4664,68;5168,93;5858,04;6883,12;;75,2;73,4;72,7;73,9;75,2;74,6;74,0;74,4;74,3;75,9;75,2;74,4;75,1;76,8;76,1;78,5;77,7;77,1;77,1;79,8;;
1212000;"Powiat olkuski";2402,38;2595,01;2807,99;2973,36;3071,36;3235,07;3347,82;3458,08;3546,79;3664,13;3731,21;3866,38;4139,68;4436,66;4671,20;4920,77;5266,62;5894,22;6553,06;7490,57;;95,8;98,4;98,0;94,1;92,6;94,2;92,3;92,4;91,5;91,5;89,9;90,1;91,4;91,8;90,1;89,1;87,8;87,9;86,3;86,8;;
1213000;"Powiat oświęcimski";2147,74;2319,58;2521,57;2754,20;2850,30;2964,89;3130,75;3229,65;3386,14;3541,48;3677,68;3808,61;4048,20;4311,80;4615,99;4911,73;5422,84;5899,89;6512,03;7492,22;;85,7;88,0;88,0;87,2;86,0;86,3;86,4;86,3;87,3;88,4;88,6;88,8;89,4;89,2;89,1;88,9;90,4;88,0;85,7;86,8;;
1214000;"Powiat proszowicki";2010,69;2057,19;2261,29;2532,91;2716,13;2780,44;2895,82;2916,22;3021,40;3180,67;3313,87;3406,45;3675,73;3884,93;4260,59;4635,66;4968,09;5577,77;6178,05;7459,50;;80,2;78,0;78,9;80,2;81,9;80,9;79,9;77,9;77,9;79,4;79,8;79,4;81,2;80,4;82,2;83,9;82,8;83,2;81,3;86,4;;
1215000;"Powiat suski";1978,23;2087,57;2303,09;2539,85;2638,68;2721,06;2898,65;3034,96;3076,24;3174,31;3323,95;3406,33;3675,07;3956,37;4212,34;4482,76;4955,34;5555,61;6182,10;7093,14;;78,9;79,2;80,4;80,4;79,6;79,2;80,0;81,1;79,3;79,3;80,1;79,4;81,2;81,8;81,3;81,2;82,6;82,9;81,4;82,2;;
1216000;"Powiat tarnowski";1801,40;1923,71;2113,48;2293,93;2471,42;2592,92;2708,52;2760,17;2827,56;2948,00;3049,76;3155,92;3308,87;3511,79;3779,10;4149,11;4516,68;5010,43;5678,11;6688,26;;71,9;73,0;73,7;72,6;74,5;75,5;74,7;73,7;72,9;73,6;73,5;73,6;73,1;72,6;72,9;75,1;75,3;74,7;74,8;77,5;;
1217000;"Powiat tatrzański";2012,72;2149,16;2345,74;2543,73;2740,25;2801,91;3025,93;3165,78;3276,19;3401,20;3520,09;3687,87;3916,60;4190,35;4459,57;4655,05;5056,45;5519,76;6396,51;7423,09;;80,3;81,5;81,8;80,5;82,7;81,6;83,5;84,5;84,5;84,9;84,8;86,0;86,5;86,7;86,1;84,3;84,3;82,3;84,2;86,0;;
1218000;"Powiat wadowicki";1876,01;1958,66;2169,52;2367,24;2494,01;2573,21;2702,67;2772,44;2926,30;3004,74;3115,83;3281,91;3495,69;3761,99;4085,96;4457,27;4936,99;5385,08;6048,26;7022,70;;74,8;74,3;75,7;74,9;75,2;74,9;74,6;74,0;75,5;75,0;75,1;76,5;77,2;77,8;78,9;80,7;82,3;80,3;79,6;81,4;;
1219000;"Powiat wielicki";2158,94;2277,27;2411,92;2667,89;2824,28;2987,94;3205,82;3334,14;3479,18;3661,08;3812,11;3942,56;4164,18;4474,30;4768,99;5047,98;5369,27;6201,22;7019,50;8004,33;;86,1;86,4;84,2;84,5;85,2;87,0;88,4;89,0;89,7;91,4;91,8;91,9;92,0;92,5;92,0;91,4;89,5;92,5;92,4;92,7;;
1261000;"Powiat m. Kraków";2579,09;2753,21;2995,18;3259,63;3423,56;3543,43;3722,48;3877,57;3997,80;4152,52;4431,17;4635,26;4966,20;5368,39;5878,79;6482,24;7203,41;8157,43;9223,73;10455,44;;102,9;104,4;104,5;103,2;103,3;103,2;102,7;103,6;103,1;103,7;106,8;108,0;109,7;111,0;113,5;117,4;120,0;121,7;121,4;121,1;;
1262000;"Powiat m. Nowy Sącz";2112,57;2141,73;2373,22;2603,28;2726,15;2825,56;2925,11;2985,71;3098,19;3193,43;3302,29;3416,14;3578,27;3860,88;4115,73;4468,93;4838,59;5478,44;6253,50;7285,98;;84,3;81,2;82,8;82,4;82,2;82,3;80,7;79,7;79,9;79,8;79,6;79,6;79,0;79,9;79,4;80,9;80,6;81,7;82,3;84,4;;
1263000;"Powiat m. Tarnów";2071,29;2201,24;2429,25;2690,79;2872,21;3015,78;3226,32;3349,31;3448,15;3513,75;3668,76;3791,71;3947,37;4161,78;5216,76;5629,79;6035,40;6721,47;7650,54;8446,83;;82,6;83,5;84,8;85,2;86,6;87,8;89,0;89,4;88,9;87,8;88,4;88,4;87,2;86,1;100,7;101,9;100,6;100,2;100,7;97,9;;
1400000;"MAZOWIECKIE";3227,04;3381,13;3670,84;4036,26;4179,63;4279,55;4504,66;4637,58;4773,41;4927,34;5098,55;5240,86;5523,65;5888,90;6248,47;6581,81;7108,20;7913,14;8928,60;10018,71;;128,7;128,2;128,1;127,8;126,1;124,6;124,3;123,9;123,1;123,1;122,8;122,1;122,0;121,8;120,6;119,2;118,4;118,0;117,6;116,1;;
1401000;"Powiat białobrzeski";2065,80;2154,92;2428,98;2565,06;2818,81;3001,33;3179,16;3355,88;3384,33;3612,78;3501,61;3461,85;3796,54;3924,35;4119,06;4410,45;4968,13;5563,78;6300,44;7292,34;;82,4;81,7;84,8;81,2;85,0;87,4;87,7;89,6;87,3;90,2;84,4;80,7;83,8;81,2;79,5;79,9;82,8;83,0;83,0;84,5;;
1402000;"Powiat ciechanowski";2206,68;2325,24;2519,76;2832,91;2994,66;3130,28;3266,07;3385,81;3460,07;3564,73;3702,17;3840,19;4093,02;4466,27;4755,95;4967,97;5411,99;6213,79;6842,35;7895,05;;88,0;88,2;87,9;89,7;90,3;91,1;90,1;90,4;89,2;89,0;89,2;89,5;90,4;92,4;91,8;89,9;90,2;92,7;90,1;91,5;;
1403000;"Powiat garwoliński";2110,43;2187,36;2321,22;2642,98;2838,35;3052,01;3163,48;3277,05;3406,49;3606,76;3671,07;3776,65;3893,41;4150,96;4373,13;4708,21;5145,34;5700,38;6409,48;7522,19;;84,2;83,0;81,0;83,7;85,6;88,9;87,3;87,5;87,9;90,1;88,4;88,0;86,0;85,9;84,4;85,2;85,7;85,0;84,4;87,2;;
1404000;"Powiat gostyniński";1848,71;1936,88;2178,12;2606,63;2630,32;2710,26;2861,89;2925,45;3073,49;3164,95;3270,47;3394,93;3652,70;3876,10;4236,19;4637,28;5166,55;5806,09;6601,43;7647,60;;73,7;73,5;76,0;82,5;79,3;78,9;78,9;78,1;79,3;79,0;78,8;79,1;80,7;80,2;81,8;84,0;86,1;86,6;86,9;88,6;;
1405000;"Powiat grodziski";2673,09;2851,16;3089,50;3420,75;3371,74;3495,98;3685,77;3854,84;3997,34;4135,31;4211,62;4352,30;4682,77;4978,59;5395,42;5761,51;6355,26;7139,72;7897,77;8917,27;;106,6;108,1;107,8;108,3;101,7;101,8;101,7;103,0;103,1;103,3;101,5;101,4;103,4;103,0;104,1;104,3;105,9;106,5;104,0;103,3;;
1406000;"Powiat grójecki";2349,83;2477,90;2691,25;3044,41;3149,80;3152,85;3490,82;3589,76;3646,41;3845,30;3913,66;4133,21;4340,66;4584,70;4854,27;5088,28;5631,52;6247,81;6985,39;8082,75;;93,7;94,0;93,9;96,4;95,0;91,8;96,3;95,9;94,0;96,0;94,3;96,3;95,9;94,8;93,7;92,1;93,8;93,2;92,0;93,7;;
1407000;"Powiat kozienicki";2722,64;2767,72;2984,35;3365,76;3580,52;3818,70;4067,12;4239,66;4445,71;4635,34;4698,55;4930,22;5164,02;5488,52;5673,51;5467,11;6517,33;7274,27;8404,56;9682,78;;108,6;105,0;104,1;106,6;108,0;111,2;112,2;113,2;114,7;115,8;113,2;114,9;114,0;113,5;109,5;99,0;108,6;108,5;110,7;112,2;;
1408000;"Powiat legionowski";2499,14;2569,84;2792,74;3084,62;3240,22;3269,07;3535,55;3600,74;3689,53;3748,86;3889,27;3975,24;4166,59;4433,54;4722,05;5059,53;5512,45;6034,24;6827,81;7915,62;;99,7;97,5;97,4;97,7;97,7;95,2;97,5;96,2;95,2;93,6;93,7;92,7;92,0;91,7;91,1;91,6;91,9;90,0;89,9;91,7;;
1409000;"Powiat lipski";1925,82;2027,40;2272,26;2456,24;2611,10;2742,24;3059,71;3098,37;3228,39;3372,09;3476,69;3567,68;3720,86;3869,60;4257,08;4564,75;5096,43;5595,82;6451,23;7654,64;;76,8;76,9;79,3;77,8;78,8;79,8;84,4;82,7;83,3;84,2;83,8;83,2;82,2;80,0;82,2;82,6;84,9;83,4;84,9;88,7;;
1410000;"Powiat łosicki";2008,38;2094,12;2223,68;2486,81;2646,05;2797,16;2942,59;3025,24;3058,17;3280,27;3373,06;3369,26;3638,32;3800,57;3991,20;4486,10;4853,59;5362,58;6090,84;7315,69;;80,1;79,4;77,6;78,7;79,8;81,4;81,2;80,8;78,9;81,9;81,3;78,5;80,4;78,6;77,0;81,2;80,9;80,0;80,2;84,8;;
1411000;"Powiat makowski";1855,61;1988,16;2136,62;2312,54;2563,58;2718,94;3208,26;3010,45;3064,46;3169,38;3217,27;3359,63;3593,25;3789,60;4093,31;4461,25;4766,83;5493,65;6268,57;7433,33;;74,0;75,4;74,5;73,2;77,3;79,2;88,5;80,4;79,0;79,2;77,5;78,3;79,4;78,4;79,0;80,8;79,4;81,9;82,5;86,1;;
1412000;"Powiat miński";2116,68;2191,73;2397,04;2681,91;2780,46;2895,49;3100,22;3136,52;3238,87;3400,41;3533,17;3600,49;3858,75;4084,49;4373,77;4717,21;5091,06;5785,24;6445,47;7573,11;;84,4;83,1;83,6;84,9;83,9;84,3;85,5;83,8;83,5;84,9;85,1;83,9;85,2;84,5;84,4;85,4;84,8;86,3;84,9;87,8;;
1413000;"Powiat mławski";1929,75;1871,19;2033,79;2313,26;2450,21;2410,05;2663,08;2670,07;2824,25;2929,91;3158,83;3262,68;3472,99;3811,03;4244,24;4636,34;4873,48;5385,65;6083,27;7163,69;;77,0;71,0;71,0;73,2;73,9;70,2;73,5;71,3;72,8;73,2;76,1;76,0;76,7;78,8;81,9;83,9;81,2;80,3;80,1;83,0;;
1414000;"Powiat nowodworski";2749,80;2906,79;3257,38;3294,60;3608,15;3812,50;4043,25;4145,35;4283,89;4560,17;4714,08;4790,57;5042,02;5486,64;5781,86;6096,33;6814,66;7534,84;8250,46;9406,19;;109,7;110,2;113,7;104,3;108,8;111,0;111,5;110,7;110,5;113,9;113,6;111,7;111,4;113,5;111,6;110,4;113,6;112,4;108,6;109,0;;
1415000;"Powiat ostrołęcki";2127,33;2316,68;2593,71;2798,44;2823,73;2934,19;3114,20;3213,82;3248,62;3414,19;3556,24;3584,42;3800,68;4031,87;4281,28;4564,72;4940,39;5661,05;6381,43;7268,90;;84,9;87,9;90,5;88,6;85,2;85,4;85,9;85,8;83,8;85,3;85,7;83,5;83,9;83,4;82,6;82,6;82,3;84,4;84,0;84,2;;
1416000;"Powiat ostrowski";2009,11;2129,62;2280,67;2504,57;2721,24;2830,95;3088,60;3174,79;3340,13;3395,05;3398,20;3562,19;3870,99;4020,31;4308,21;4650,41;5168,08;5729,10;6304,42;7260,05;;80,1;80,8;79,6;79,3;82,1;82,4;85,2;84,8;86,1;84,8;81,9;83,0;85,5;83,2;83,1;84,2;86,1;85,4;83,0;84,1;;
1417000;"Powiat otwocki";2207,13;2341,80;2607,05;2944,27;3124,30;3279,18;3412,78;3490,03;3629,76;3718,35;3853,17;3952,57;4159,58;4503,30;4983,60;5281,35;5622,45;6468,80;7241,67;8327,17;;88,0;88,8;91,0;93,2;94,2;95,5;94,1;93,2;93,6;92,9;92,8;92,1;91,9;93,1;96,2;95,6;93,7;96,5;95,3;96,5;;
1418000;"Powiat piaseczyński";2749,00;2811,32;3032,71;3263,55;3457,81;3531,79;3673,60;3810,36;3892,64;4118,49;4030,78;4149,91;4102,07;4739,75;5120,47;5164,71;5664,70;6499,96;7302,29;8328,92;;109,7;106,6;105,8;103,3;104,3;102,8;101,3;101,8;100,4;102,9;97,1;96,7;90,6;98,0;98,8;93,5;94,4;96,9;96,1;96,5;;
1419000;"Powiat płocki";2046,38;2185,48;2368,58;2583,43;2725,27;2847,74;3035,58;3223,08;3212,67;3351,79;3449,24;3509,53;3506,28;4001,91;4332,92;4631,84;5147,98;5772,84;6536,77;7459,36;;81,6;82,9;82,6;81,8;82,2;82,9;83,7;86,1;82,9;83,7;83,1;81,8;77,4;82,8;83,6;83,9;85,8;86,1;86,1;86,4;;
1420000;"Powiat płoński";2130,09;2207,56;2355,98;2684,48;2897,99;2998,43;3148,95;3261,65;3370,85;3499,91;3555,74;3696,36;3866,14;4117,68;4421,56;4826,77;5279,65;5660,12;6421,42;7532,97;;85,0;83,7;82,2;85,0;87,4;87,3;86,9;87,1;86,9;87,4;85,7;86,2;85,4;85,2;85,3;87,4;88,0;84,4;84,5;87,3;;
1421000;"Powiat pruszkowski";3062,96;3288,65;3490,12;3774,56;3883,50;4272,59;4479,38;4402,16;4726,11;4773,19;5064,05;5153,53;5405,38;5757,06;6124,57;6295,40;6773,28;7516,43;8411,30;9285,61;;122,2;124,7;121,8;119,5;117,1;124,4;123,6;117,6;121,9;119,2;122,0;120,1;119,4;119,1;118,2;114,0;112,9;112,1;110,7;107,6;;
1422000;"Powiat przasnyski";2051,37;2164,33;2311,81;2632,16;2756,12;2914,19;3077,41;3203,61;3246,87;3357,77;3485,56;3574,27;3752,91;4025,27;4282,28;4638,79;5095,27;5756,31;6316,92;7437,86;;81,8;82,1;80,7;83,3;83,1;84,8;84,9;85,6;83,7;83,9;84,0;83,3;82,9;83,3;82,6;84,0;84,9;85,8;83,2;86,2;;
1423000;"Powiat przysuski";1962,75;2014,46;2197,10;2450,46;2590,71;2815,47;2971,37;3062,87;3142,24;3330,24;3330,53;3423,77;3610,91;3794,10;4148,89;4653,63;5190,17;5564,37;6436,32;7642,79;;78,3;76,4;76,7;77,6;78,1;82,0;82,0;81,8;81,0;83,2;80,2;79,8;79,7;78,5;80,1;84,3;86,5;83,0;84,7;88,6;;
1424000;"Powiat pułtuski";1995,95;2053,62;2201,92;2438,23;2679,49;2761,46;2956,09;3094,05;3113,27;3163,84;3165,95;3399,46;3609,92;3838,23;4195,24;4644,71;4975,47;5503,60;6240,56;7246,09;;79,6;77,9;76,8;77,2;80,8;80,4;81,5;82,6;80,3;79,0;76,3;79,2;79,7;79,4;81,0;84,1;82,9;82,1;82,2;84,0;;
1425000;"Powiat radomski";1764,95;1836,62;2008,80;2344,76;2422,38;2573,70;2719,60;2857,68;2961,92;3062,57;3130,03;3276,95;3477,49;3687,64;4018,68;4362,35;4859,10;5412,43;6042,37;7220,94;;70,4;69,7;70,1;74,2;73,1;74,9;75,0;76,3;76,4;76,5;75,4;76,4;76,8;76,3;77,6;79,0;81,0;80,7;79,6;83,7;;
1426000;"Powiat siedlecki";1909,65;1945,73;2140,61;2359,38;2481,86;2620,39;2818,47;3014,41;3059,64;3202,45;3253,13;3353,98;3522,32;3709,87;4073,76;4503,92;4861,68;5411,82;6084,48;7097,85;;76,2;73,8;74,7;74,7;74,9;76,3;77,7;80,5;78,9;80,0;78,4;78,2;77,8;76,7;78,6;81,5;81,0;80,7;80,1;82,2;;
1427000;"Powiat sierpecki";2022,79;2002,15;2208,77;2388,30;2703,99;2812,38;2863,24;3043,46;3161,67;3184,66;3253,31;3393,19;3716,02;3980,58;4163,16;4613,59;4886,81;5505,06;6219,27;7342,38;;80,7;75,9;77,1;75,6;81,6;81,9;79,0;81,3;81,5;79,5;78,4;79,1;82,1;82,3;80,3;83,5;81,4;82,1;81,9;85,1;;
1428000;"Powiat sochaczewski";2616,10;2554,17;2844,87;2948,57;3252,24;3268,24;3418,04;3740,62;3770,19;3943,02;4016,39;4171,83;4429,03;4629,40;5098,89;5741,89;6294,23;6994,09;7733,67;9078,20;;104,4;96,9;99,3;93,4;98,1;95,1;94,3;99,9;97,2;98,5;96,8;97,2;97,8;95,8;98,4;104,0;104,9;104,3;101,8;105,2;;
1429000;"Powiat sokołowski";2030,77;2173,36;2389,28;2551,94;2620,86;2807,84;2865,03;2974,75;3034,42;3150,12;3568,59;3427,41;3684,06;3992,80;4242,82;4792,94;4932,00;5459,15;6368,58;7349,16;;81,0;82,4;83,4;80,8;79,1;81,7;79,0;79,4;78,3;78,7;86,0;79,9;81,4;82,6;81,9;86,8;82,2;81,4;83,8;85,2;;
1430000;"Powiat szydłowiecki";1861,94;1950,84;2078,34;2263,65;2498,38;2628,52;2782,28;2949,78;2950,92;3081,57;3103,03;3329,68;3438,25;3610,92;3859,09;4157,78;4642,61;5271,91;5841,38;6948,27;;74,3;74,0;72,5;71,7;75,4;76,5;76,7;78,8;76,1;77,0;74,8;77,6;75,9;74,7;74,5;75,3;77,4;78,6;76,9;80,5;;
1432000;"Powiat warszawski zachodni";2735,74;2867,88;3179,85;3518,31;3549,25;3678,15;3850,65;4050,54;4118,21;4335,48;4525,62;4800,81;5054,09;5375,27;5730,95;5990,54;6524,02;7077,31;7981,78;9124,56;;109,1;108,8;110,9;111,4;107,1;107,1;106,2;108,2;106,2;108,3;109,0;111,9;111,6;111,2;110,6;108,5;108,7;105,5;105,1;105,7;;
1433000;"Powiat węgrowski";1978,28;2045,22;2181,80;2449,36;2634,86;2694,10;2874,11;2970,76;3075,59;3256,72;3273,22;3396,09;3570,38;3978,57;4188,07;4589,75;5150,92;5786,65;6615,26;7630,76;;78,9;77,6;76,1;77,5;79,5;78,4;79,3;79,3;79,3;81,3;78,9;79,2;78,9;82,3;80,8;83,1;85,8;86,3;87,1;88,4;;
1434000;"Powiat wołomiński";2257,16;2325,52;2565,88;2862,74;2990,20;3135,47;3319,41;3447,14;3504,20;3583,98;3634,53;3851,80;4077,96;4472,81;4790,56;4997,04;5451,36;6065,79;6910,12;7959,81;;90,0;88,2;89,5;90,6;90,2;91,3;91,6;92,1;90,4;89,5;87,6;89,8;90,1;92,5;92,5;90,5;90,8;90,5;91,0;92,2;;
1435000;"Powiat wyszkowski";2009,14;2097,27;2251,45;2452,25;2640,99;2782,91;2875,51;3119,46;3138,01;3481,56;3370,96;3512,07;3761,07;3908,90;4110,84;4404,79;4816,43;5551,98;6264,25;7352,95;;80,1;79,5;78,6;77,6;79,7;81,0;79,3;83,3;80,9;87,0;81,2;81,9;83,1;80,8;79,3;79,7;80,3;82,8;82,5;85,2;;
1436000;"Powiat zwoleński";2007,27;2161,10;2233,61;2403,53;2758,72;2710,90;2915,84;3114,68;3204,57;3350,45;3365,55;3480,17;3733,31;4026,66;4181,55;4508,69;4990,00;5638,92;6376,01;7438,45;;80,1;82,0;77,9;76,1;83,2;78,9;80,4;83,2;82,6;83,7;81,1;81,1;82,5;83,3;80,7;81,6;83,2;84,1;83,9;86,2;;
1437000;"Powiat żuromiński";1805,90;1882,02;2027,67;2263,09;2517,04;2660,82;2792,74;2923,14;3000,90;3073,81;3181,04;3232,13;3446,49;3576,47;3855,91;4384,30;4781,49;5390,60;6064,88;7240,39;;72,0;71,4;70,7;71,7;75,9;77,5;77,0;78,1;77,4;76,8;76,6;75,3;76,1;74,0;74,4;79,4;79,7;80,4;79,9;83,9;;
1438000;"Powiat żyrardowski";2427,82;2545,42;2726,18;2967,38;3180,77;3300,90;3487,50;3541,83;3624,61;3924,18;4003,47;4025,65;4254,63;4535,22;4745,14;5113,05;5645,54;6403,00;7232,39;8095,22;;96,8;96,5;95,1;93,9;95,9;96,1;96,2;94,6;93,5;98,0;96,4;93,8;94,0;93,8;91,6;92,6;94,1;95,5;95,2;93,8;;
1461000;"Powiat m. Ostrołęka";2485,73;2607,81;2868,54;3074,15;3288,00;3390,85;3638,36;3776,11;3912,91;4005,26;4108,75;4349,17;4481,69;4832,05;5175,65;5712,81;6091,07;6673,91;7571,74;8537,46;;99,2;98,9;100,1;97,3;99,2;98,7;100,4;100,8;100,9;100,0;99,0;101,4;99,0;99,9;99,9;103,4;101,5;99,5;99,7;98,9;;
1462000;"Powiat m. Płock";3014,76;3181,39;3541,16;3816,45;3980,94;4133,50;4428,47;4618,20;4799,33;4926,26;5078,16;5238,34;5474,96;5705,32;6091,56;6526,04;7167,40;7898,47;9151,56;10572,97;;120,3;120,7;123,6;120,8;120,1;120,3;122,2;123,3;123,8;123,0;122,3;122,1;120,9;118,0;117,6;118,2;119,4;117,8;120,5;122,5;;
1463000;"Powiat m. Radom";2269,30;2348,10;2556,68;2818,40;2998,88;3136,45;3258,68;3411,51;3523,34;3598,94;3743,89;3851,41;4123,36;4388,04;4684,64;5033,24;5626,71;6182,33;7041,60;8269,16;;90,5;89,1;89,2;89,2;90,5;91,3;89,9;91,1;90,9;89,9;90,2;89,8;91,1;90,8;90,4;91,1;93,8;92,2;92,7;95,8;;
1464000;"Powiat m. Siedlce";2310,82;2442,82;2618,05;2864,61;3056,15;3190,80;3364,77;3470,66;3533,39;3647,76;3752,28;3965,66;4130,35;4364,06;4857,69;5187,54;5707,14;6234,01;7024,63;8251,29;;92,2;92,6;91,3;90,7;92,2;92,9;92,8;92,7;91,1;91,1;90,4;92,4;91,2;90,3;93,7;93,9;95,1;93,0;92,5;95,6;;
1465000;"Powiat m. st. Warszawa";3613,44;3789,94;4099,73;4504,85;4603,26;4694,47;4936,36;5077,53;5226,05;5385,80;5591,46;5739,61;6059,04;6432,78;6802,60;7147,46;7687,58;8540,11;9625,74;10714,99;;144,1;143,7;143,0;142,6;138,8;136,7;136,2;135,6;134,8;134,5;134,7;133,8;133,8;133,1;131,3;129,4;128,1;127,4;126,7;124,2;;
1600000;"OPOLSKIE";2249,89;2367,74;2607,45;2873,22;2987,87;3137,29;3249,58;3358,42;3473,40;3632,84;3793,28;3927,04;4144,91;4379,25;4712,47;5078,51;5492,82;6134,18;6975,81;7958,35;;89,7;89,8;91,0;91,0;90,1;91,3;89,6;89,7;89,6;90,7;91,4;91,5;91,5;90,6;90,9;91,9;91,5;91,5;91,8;92,2;;
1601000;"Powiat brzeski";2020,56;2109,13;2444,73;2618,35;2687,60;2795,69;2962,78;3067,56;3198,10;3400,47;3546,88;3642,69;3858,63;4227,04;4546,01;4825,14;5157,08;5723,46;6555,17;7571,06;;80,6;80,0;85,3;82,9;81,1;81,4;81,7;81,9;82,5;84,9;85,4;84,9;85,2;87,4;87,7;87,4;85,9;85,4;86,3;87,7;;
1602000;"Powiat głubczycki";1991,34;2148,49;2363,83;2592,27;2750,66;2878,02;3031,11;3111,54;3185,50;3299,08;3354,70;3495,36;3658,51;3924,49;4341,64;4703,75;5181,69;5978,21;6876,31;8041,17;;79,4;81,5;82,5;82,1;83,0;83,8;83,6;83,1;82,2;82,4;80,8;81,5;80,8;81,2;83,8;85,2;86,3;89,2;90,5;93,2;;
1603000;"Powiat kędzierzyńsko-kozielski";2387,96;2636,85;2923,97;3290,81;3363,79;3518,97;3753,82;3793,84;4010,56;4241,22;4444,99;4627,08;4811,98;4928,19;5204,96;5572,19;6015,26;6760,49;7528,75;8164,14;;95,3;100,0;102,0;104,2;101,5;102,4;103,5;101,3;103,4;105,9;107,1;107,8;106,3;101,9;100,5;100,9;100,2;100,8;99,1;94,6;;
1604000;"Powiat kluczborski";2022,05;2167,54;2373,00;2634,96;2730,08;2848,38;2994,99;3200,22;3236,92;3381,34;3529,72;3641,66;3939,54;4159,52;4291,66;4777,86;5108,36;5681,23;6450,59;7422,45;;80,7;82,2;82,8;83,4;82,3;82,9;82,6;85,5;83,5;84,4;85,0;84,9;87,0;86,0;82,8;86,5;85,1;84,7;84,9;86,0;;
1605000;"Powiat krapkowicki";2790,61;2931,64;3186,01;3544,89;3602,56;3798,54;3597,89;3720,00;3881,81;4125,02;4183,01;4270,15;4462,89;4858,78;5156,01;5548,87;5787,32;6424,68;7254,86;8295,71;;111,3;111,2;111,2;112,2;108,7;110,6;99,2;99,3;100,1;103,0;100,8;99,5;98,6;100,5;99,5;100,5;96,4;95,8;95,5;96,1;;
1606000;"Powiat namysłowski";2190,63;2180,72;2380,02;2548,88;2671,86;2833,22;2974,33;3152,42;3278,50;3446,82;3609,87;3724,71;3905,34;4176,14;4502,51;4807,10;5293,47;5829,33;6620,13;7699,49;;87,4;82,7;83,0;80,7;80,6;82,5;82,0;84,2;84,6;86,1;87,0;86,8;86,3;86,4;86,9;87,0;88,2;86,9;87,2;89,2;;
1607000;"Powiat nyski";1938,81;2050,28;2257,82;2459,65;2612,02;2733,31;2846,85;3012,34;3117,30;3227,41;3337,24;3440,51;3631,95;3875,88;4218,98;4637,57;5053,60;5717,73;6422,66;7462,76;;77,3;77,8;78,8;77,9;78,8;79,6;78,5;80,4;80,4;80,6;80,4;80,2;80,2;80,2;81,4;84,0;84,2;85,3;84,6;86,5;;
1608000;"Powiat oleski";2035,72;2159,31;2263,00;2511,31;2622,70;2731,82;2868,91;3013,57;3086,82;3178,31;3321,49;3407,23;3636,42;3827,13;4176,75;4479,24;4916,44;5527,82;6255,53;7134,87;;81,2;81,9;79,0;79,5;79,1;79,5;79,1;80,5;79,6;79,4;80,0;79,4;80,3;79,2;80,6;81,1;81,9;82,4;82,4;82,7;;
1609000;"Powiat opolski";2191,24;2210,40;2430,34;2637,16;2681,01;2872,04;2785,98;2948,63;3022,58;3210,87;3376,90;3549,59;3653,33;4018,89;4371,57;4720,08;5101,21;5740,58;6431,26;7365,74;;87,4;83,8;84,8;83,5;80,9;83,6;76,9;78,7;78,0;80,2;81,4;82,7;80,7;83,1;84,4;85,5;85,0;85,6;84,7;85,3;;
1610000;"Powiat prudnicki";1909,73;2032,48;2224,60;2448,47;2594,65;2730,02;2958,74;3052,97;3216,69;3265,40;3329,80;3464,23;3609,33;3847,86;4101,26;4446,16;4808,55;5463,74;6491,85;7327,89;;76,2;77,1;77,6;77,5;78,3;79,5;81,6;81,5;83,0;81,6;80,2;80,7;79,7;79,6;79,1;80,5;80,1;81,5;85,5;84,9;;
1611000;"Powiat strzelecki";2104,69;2221,78;2401,25;2656,52;2839,95;2929,69;3079,75;3221,15;3292,79;3434,30;3575,74;3699,13;3965,93;4049,69;4494,88;4854,78;5238,85;6081,35;6878,52;7943,47;;84,0;84,3;83,8;84,1;85,7;85,3;85,0;86,0;84,9;85,8;86,1;86,2;87,6;83,8;86,7;87,9;87,3;90,7;90,6;92,0;;
1661000;"Powiat m. Opole";2471,69;2595,37;2876,99;3193,94;3352,46;3541,80;3714,16;3771,22;3872,66;4009,85;4225,15;4378,37;4615,56;4797,19;5147,55;5523,14;6011,09;6560,39;7516,59;8564,07;;98,6;98,4;100,4;101,1;101,1;103,1;102,5;100,7;99,9;100,1;101,8;102,0;101,9;99,2;99,3;100,0;100,2;97,8;99,0;99,2;;
1800000;"PODKARPACKIE";2081,76;2179,57;2372,82;2614,12;2740,89;2877,43;3023,21;3152,36;3282,69;3412,30;3527,62;3653,67;3837,17;4089,81;4388,16;4707,81;5172,11;5662,53;6436,15;7514,69;;83,0;82,7;82,8;82,8;82,7;83,8;83,4;84,2;84,7;85,2;85,0;85,2;84,7;84,6;84,7;85,2;86,2;84,4;84,7;87,1;;
1801000;"Powiat bieszczadzki";1935,38;2029,72;2305,75;2540,23;2622,01;2731,51;2945,50;3109,58;3237,17;3378,84;3448,24;3588,01;3726,11;3972,47;4270,42;4445,97;5297,99;5747,22;6326,11;7420,13;;77,2;77,0;80,5;80,4;79,1;79,5;81,3;83,0;83,5;84,4;83,1;83,6;82,3;82,2;82,4;80,5;88,3;85,7;83,3;86,0;;
1802000;"Powiat brzozowski";1884,41;1971,16;2146,82;2398,77;2503,33;2639,74;2802,56;2910,02;2964,62;3077,51;3162,84;3285,48;3476,04;3714,87;3915,60;4206,54;4619,14;5049,05;5779,73;6984,81;;75,2;74,8;74,9;75,9;75,5;76,8;77,3;77,7;76,5;76,9;76,2;76,6;76,8;76,8;75,6;76,2;77,0;75,3;76,1;80,9;;
1803000;"Powiat dębicki";2104,23;2157,58;2318,93;2538,72;2620,42;2716,29;2867,63;3019,26;3165,79;3290,06;3401,58;3525,09;3746,14;3965,70;4304,06;4631,33;5047,12;5507,67;6182,14;7122,68;;83,9;81,8;80,9;80,4;79,0;79,1;79,1;80,6;81,6;82,2;81,9;82,2;82,7;82,0;83,1;83,9;84,1;82,1;81,4;82,5;;
1804000;"Powiat jarosławski";2019,56;2156,50;2336,92;2532,07;2707,32;2819,04;2971,94;3141,89;3328,63;3438,32;3546,57;3711,73;3728,42;3958,11;4245,21;4541,33;4926,98;5308,03;6081,53;7204,51;;80,6;81,8;81,5;80,2;81,7;82,1;82,0;83,9;85,8;85,9;85,4;86,5;82,3;81,9;81,9;82,2;82,1;79,2;80,1;83,5;;
1805000;"Powiat jasielski";2015,94;2102,07;2302,79;2526,69;2668,98;2785,99;2962,03;2999,90;3038,82;3138,20;3262,91;3365,86;3569,68;3813,37;4117,45;4560,20;4953,43;5453,40;6179,28;7233,28;;80,4;79,7;80,3;80,0;80,5;81,1;81,7;80,1;78,4;78,4;78,6;78,4;78,8;78,9;79,5;82,6;82,5;81,3;81,4;83,8;;
1806000;"Powiat kolbuszowski";1900,33;1987,62;2161,39;2340,99;2453,69;2522,72;2623,83;2745,76;2929,58;3038,55;3112,52;3309,67;3423,86;3611,09;3924,85;4220,93;4624,19;5082,42;5770,90;6788,07;;75,8;75,4;75,4;74,1;74,0;73,4;72,4;73,3;75,6;75,9;75,0;77,1;75,6;74,7;75,7;76,4;77,1;75,8;76,0;78,7;;
1807000;"Powiat krośnieński";1853,29;1940,57;2119,06;2297,06;2363,87;2501,90;2677,64;2800,23;2887,05;2958,89;3021,31;3121,37;3251,14;3498,74;3790,78;4050,39;4432,75;4841,46;5553,11;6635,07;;73,9;73,6;73,9;72,7;71,3;72,8;73,9;74,8;74,5;73,9;72,8;72,8;71,8;72,4;73,2;73,3;73,9;72,2;73,1;76,9;;
1808000;"Powiat leżajski";2060,05;2177,11;2360,16;2583,32;2739,81;2901,37;3034,18;3104,99;3146,29;3225,11;3302,16;3400,62;3606,75;3843,24;4150,73;4435,95;4829,48;5374,02;6013,13;7055,76;;82,2;82,6;82,3;81,8;82,6;84,5;83,7;82,9;81,1;80,5;79,6;79,3;79,7;79,5;80,1;80,3;80,5;80,1;79,2;81,8;;
1809000;"Powiat lubaczowski";1865,88;1969,42;2139,09;2301,49;2372,11;2539,38;2753,01;2889,91;2951,96;3058,68;3168,23;3248,35;3383,62;3640,18;3842,69;4214,71;4600,59;5116,12;5984,93;7133,97;;74,4;74,7;74,6;72,9;71,5;73,9;75,9;77,2;76,1;76,4;76,3;75,7;74,7;75,3;74,2;76,3;76,7;76,3;78,8;82,7;;
1810000;"Powiat łańcucki";1852,10;1908,26;2104,04;2270,63;2360,50;2514,28;2705,71;2818,62;2890,03;3008,61;3115,76;3236,11;3414,92;3621,06;3896,00;4327,10;4735,69;5344,40;5930,62;7076,29;;73,9;72,4;73,4;71,9;71,2;73,2;74,6;75,3;74,5;75,1;75,1;75,4;75,4;74,9;75,2;78,3;78,9;79,7;78,1;82,0;;
1811000;"Powiat mielecki";2089,18;2230,13;2414,94;2603,51;2742,50;2902,92;3066,66;3187,11;3329,68;3485,31;3532,30;3699,88;4000,48;4289,29;4532,27;4729,31;5233,93;5845,43;6434,27;7480,89;;83,3;84,6;84,3;82,4;82,7;84,5;84,6;85,1;85,9;87,0;85,1;86,2;88,4;88,7;87,5;85,6;87,2;87,2;84,7;86,7;;
1812000;"Powiat niżański";1789,27;1926,57;2124,52;2311,63;2426,38;2532,52;2664,35;2798,39;2890,57;2978,46;3017,94;3097,08;3248,21;3475,10;3793,53;4197,13;4530,20;5022,68;5686,54;6746,25;;71,4;73,1;74,1;73,2;73,2;73,7;73,5;74,7;74,5;74,4;72,7;72,2;71,7;71,9;73,2;76,0;75,5;74,9;74,9;78,2;;
1813000;"Powiat przemyski";1915,04;2003,47;2164,44;2450,61;2523,89;2670,63;2846,23;2977,42;3036,69;3135,55;3195,46;3297,50;3447,08;3582,09;3784,27;4126,82;4472,14;5052,75;5709,00;6883,73;;76,4;76,0;75,5;77,6;76,1;77,7;78,5;79,5;78,3;78,3;77,0;76,9;76,1;74,1;73,0;74,7;74,5;75,4;75,2;79,8;;
1814000;"Powiat przeworski";1998,32;2008,13;2247,82;2491,63;2496,09;2636,31;2787,16;2859,57;2931,78;2977,07;3130,09;3195,80;3336,59;3622,54;3936,52;4255,41;4697,54;5110,08;5818,63;6864,93;;79,7;76,2;78,4;78,9;75,3;76,7;76,9;76,4;75,6;74,4;75,4;74,5;73,7;74,9;76,0;77,0;78,3;76,2;76,6;79,5;;
1815000;"Powiat ropczycko-sędziszowski";2002,16;2069,70;2212,29;2422,51;2551,53;2757,27;2895,86;3036,58;3138,68;3236,75;3365,62;3472,89;3675,99;3898,22;4216,57;4401,73;4730,10;5343,80;6169,80;7146,24;;79,9;78,5;77,2;76,7;77,0;80,3;79,9;81,1;80,9;80,8;81,1;80,9;81,2;80,6;81,4;79,7;78,8;79,7;81,2;82,8;;
1816000;"Powiat rzeszowski";1908,72;1956,73;2127,20;2340,74;2507,46;2678,29;2834,47;2937,37;3070,98;3200,41;3333,91;3520,65;3693,03;3979,24;4304,89;4614,22;4995,32;5684,10;6505,42;7547,50;;76,1;74,2;74,2;74,1;75,6;78,0;78,2;78,4;79,2;79,9;80,3;82,1;81,6;82,3;83,1;83,5;83,2;84,8;85,7;87,5;;
1817000;"Powiat sanocki";1982,89;2085,62;2232,15;2417,47;2550,71;2677,55;2819,31;2918,66;3078,45;3153,53;3251,52;3389,95;3626,55;3874,15;4160,41;4431,17;4903,78;5266,08;6027,66;7090,46;;79,1;79,1;77,9;76,5;76,9;77,9;77,8;77,9;79,4;78,8;78,3;79,0;80,1;80,1;80,3;80,2;81,7;78,5;79,4;82,2;;
1818000;"Powiat stalowowolski";2101,73;2264,72;2546,18;2811,39;2844,09;2961,71;3104,36;3260,12;3360,58;3513,55;3651,26;3809,71;4049,03;4272,16;4611,67;4777,46;5263,24;5817,58;6705,72;7610,66;;83,8;85,9;88,8;89,0;85,8;86,2;85,6;87,1;86,7;87,8;88,0;88,8;89,4;88,4;89,0;86,5;87,7;86,8;88,3;88,2;;
1819000;"Powiat strzyżowski";1800,26;1883,32;2050,88;2254,75;2470,21;2578,65;2617,44;2707,08;2786,37;2891,28;2990,08;3088,30;3209,49;3459,69;3686,34;4052,65;4406,16;4831,84;5641,69;6717,74;;71,8;71,4;71,6;71,4;74,5;75,1;72,2;72,3;71,9;72,2;72,0;72,0;70,9;71,6;71,1;73,4;73,4;72,1;74,3;77,8;;
1820000;"Powiat tarnobrzeski";2212,00;2346,81;2531,58;2647,13;2745,66;2900,30;3004,39;3176,95;3326,40;3496,49;3531,20;3636,86;3879,26;4150,05;4329,59;4723,98;5181,79;5746,03;6404,66;7370,67;;88,2;89,0;88,3;83,8;82,8;84,4;82,9;84,8;85,8;87,3;85,1;84,8;85,7;85,8;83,6;85,5;86,3;85,7;84,3;85,4;;
1821000;"Powiat leski";2125,58;2245,66;2463,03;2622,66;2779,21;2872,05;2992,87;3119,93;3283,39;3361,02;3504,61;3712,64;3945,70;4172,71;4450,43;4832,85;5247,07;5831,15;6434,16;7462,45;;84,8;85,2;85,9;83,0;83,8;83,6;82,6;83,3;84,7;83,9;84,4;86,5;87,1;86,3;85,9;87,5;87,4;87,0;84,7;86,5;;
1861000;"Powiat m. Krosno";1904,52;1968,73;2136,54;2300,35;2494,56;2552,74;2656,48;2783,69;2980,59;3099,79;3266,12;3438,78;3608,07;3875,04;4217,51;4424,93;4981,20;5420,94;6135,13;7010,88;;76,0;74,7;74,5;72,8;75,2;74,3;73,3;74,3;76,9;77,4;78,7;80,1;79,7;80,1;81,4;80,1;83,0;80,8;80,8;81,2;;
1862000;"Powiat m. Przemyśl";2060,24;2132,73;2315,22;2587,68;2778,98;2913,67;3141,56;3234,16;3325,50;3407,88;3501,18;3628,24;3633,05;3828,38;4078,09;4522,95;5100,21;5454,18;6251,54;7329,48;;82,2;80,9;80,8;81,9;83,8;84,8;86,7;86,4;85,8;85,1;84,3;84,6;80,2;79,2;78,7;81,9;85,0;81,3;82,3;84,9;;
1863000;"Powiat m. Rzeszów";2416,75;2522,57;2734,81;3107,71;3258,06;3428,12;3532,66;3702,54;3859,86;4087,48;4231,81;4319,48;4510,48;4802,41;5117,26;5518,24;6072,54;6508,96;7428,94;8680,49;;96,4;95,7;95,4;98,4;98,3;99,8;97,4;98,9;99,5;102,1;102,0;100,7;99,6;99,3;98,8;99,9;101,2;97,1;97,8;100,6;;
1864000;"Powiat m. Tarnobrzeg";1987,12;2065,43;2225,23;2413,12;2562,71;2684,26;2930,04;3058,41;3200,51;3195,25;3284,02;3395,51;3610,23;3808,19;4146,90;4578,25;5062,44;5478,64;6266,91;7268,95;;79,3;78,3;77,6;76,4;77,3;78,1;80,8;81,7;82,5;79,8;79,1;79,1;79,7;78,8;80,0;82,9;84,4;81,7;82,5;84,2;;
2000000;"PODLASKIE";2192,77;2307,59;2524,95;2781,21;2884,68;3019,83;3178,15;3310,71;3432,71;3530,17;3647,08;3767,20;4005,94;4264,04;4575,88;4929,64;5412,89;6012,94;6805,04;7850,16;;87,5;87,5;88,1;88,1;87,0;87,9;87,7;88,4;88,5;88,2;87,9;87,8;88,5;88,2;88,3;89,3;90,2;89,7;89,6;91,0;;
2001000;"Powiat augustowski";2693,94;2828,33;2971,97;3213,15;2989,71;3175,28;3421,22;3444,77;3577,16;3667,63;3761,95;3816,77;4024,64;4262,39;4634,41;5009,19;5452,84;6050,82;6705,11;7617,29;;107,5;107,3;103,7;101,7;90,2;92,4;94,4;92,0;92,3;91,6;90,6;89,0;88,9;88,2;89,4;90,7;90,9;90,2;88,3;88,3;;
2002000;"Powiat białostocki";1923,23;2021,77;2263,87;2464,15;2570,03;2713,82;2860,23;3009,46;3098,95;3227,35;3338,72;3443,05;3614,69;3923,93;4189,60;4456,25;4979,46;5597,60;6296,44;7164,09;;76,7;76,7;79,0;78,0;77,5;79,0;78,9;80,4;79,9;80,6;80,4;80,2;79,8;81,2;80,9;80,7;83,0;83,5;82,9;83,0;;
2003000;"Powiat bielski";2106,20;2276,78;2497,02;2769,76;2860,69;3202,72;3501,66;3777,64;3988,22;3938,92;3924,61;4272,54;4659,62;4953,29;5295,45;5547,83;6292,55;6839,68;7541,54;8397,64;;84,0;86,3;87,1;87,7;86,3;93,2;96,6;100,9;102,9;98,4;94,5;99,6;102,9;102,5;102,2;100,4;104,9;102,0;99,3;97,3;;
2004000;"Powiat grajewski";2330,75;2594,84;2735,49;2930,68;2946,69;3175,63;3476,19;3639,09;3781,24;3958,15;3984,35;4017,84;4329,42;4556,32;4758,98;4970,21;5526,33;6144,83;6782,16;8023,98;;93,0;98,4;95,4;92,8;88,9;92,4;95,9;97,2;97,5;98,9;96,0;93,6;95,6;94,2;91,8;90,0;92,1;91,6;89,3;93,0;;
2005000;"Powiat hajnowski";1875,20;2018,18;2386,72;2696,11;2644,90;2863,80;3130,49;3221,78;3317,56;3538,52;3715,52;3783,18;4149,69;4389,58;4690,11;5165,59;5821,15;6773,76;6831,47;7592,12;;74,8;76,5;83,3;85,4;79,8;83,4;86,4;86,0;85,6;88,4;89,5;88,2;91,6;90,8;90,5;93,5;97,0;101,0;89,9;88,0;;
2006000;"Powiat kolneński";1989,20;2107,87;2272,53;2476,45;2611,20;2785,85;3025,50;3123,59;3208,86;3314,55;3393,65;3536,15;3683,54;3859,50;4089,17;4475,28;4825,66;5471,56;6250,52;7207,86;;79,3;79,9;79,3;78,4;78,8;81,1;83,5;83,4;82,8;82,8;81,8;82,4;81,4;79,8;78,9;81,0;80,4;81,6;82,3;83,5;;
2007000;"Powiat łomżyński";2136,54;2247,81;2424,03;2728,53;2861,24;3112,25;3174,65;3354,22;3409,11;3525,59;3708,32;3837,54;4066,19;4368,68;4589,37;5174,98;5432,47;6087,64;7019,38;8017,92;;85,2;85,2;84,6;86,4;86,3;90,6;87,6;89,6;87,9;88,1;89,3;89,4;89,8;90,4;88,6;93,7;90,5;90,8;92,4;92,9;;
2008000;"Powiat moniecki";2023,28;2119,69;2273,63;2533,05;2730,51;2842,09;3056,78;3167,47;3272,87;3358,70;3364,02;3483,37;3651,65;3933,72;4216,50;4601,73;4979,24;5531,47;6314,59;7464,20;;80,7;80,4;79,3;80,2;82,4;82,7;84,3;84,6;84,4;83,9;81,0;81,2;80,6;81,4;81,4;83,3;83,0;82,5;83,1;86,5;;
2009000;"Powiat sejneński";2007,29;2071,63;2279,12;2507,14;2634,04;2919,77;3182,20;3329,20;3380,72;3425,25;3564,40;3686,01;3825,14;4092,18;4327,40;4486,11;4537,00;6308,40;7487,35;6691,81;;80,1;78,6;79,5;79,4;79,4;85,0;87,8;88,9;87,2;85,5;85,9;85,9;84,5;84,6;83,5;81,2;75,6;94,1;98,6;77,5;;
2010000;"Powiat siemiatycki";1984,16;2029,63;2189,26;2402,98;2536,47;2670,09;2765,25;2948,59;3016,98;3157,37;3220,48;3345,77;3581,00;3773,68;4231,02;4473,99;4834,47;5439,21;6192,78;7293,74;;79,1;77,0;76,4;76,1;76,5;77,7;76,3;78,7;77,8;78,9;77,6;78,0;79,1;78,1;81,7;81,0;80,6;81,1;81,5;84,5;;
2011000;"Powiat sokólski";2015,59;2039,07;2270,82;2533,93;2698,52;2812,52;3013,21;3225,89;3204,46;3339,03;3408,27;3499,04;3662,06;3951,21;4200,08;4528,86;4968,42;5506,16;6226,76;7299,38;;80,4;77,3;79,2;80,2;81,4;81,9;83,1;86,2;82,6;83,4;82,1;81,6;80,9;81,7;81,1;82,0;82,8;82,1;82,0;84,6;;
2012000;"Powiat suwalski";1992,83;2075,11;2190,91;2395,74;2534,52;2613,35;2695,75;2943,05;2975,50;3114,10;3120,95;3173,63;3556,25;3762,50;3871,65;4201,41;4724,29;5323,60;6099,96;7144,86;;79,5;78,7;76,4;75,9;76,4;76,1;74,4;78,6;76,7;77,8;75,2;74,0;78,5;77,8;74,7;76,1;78,7;79,4;80,3;82,8;;
2013000;"Powiat wysokomazowiecki";2015,32;2183,21;2389,50;2523,77;2690,76;2848,13;2988,31;3165,68;3373,05;3421,03;3552,72;3735,63;4225,48;4416,09;4733,72;5071,35;5395,07;6070,52;6748,30;7864,83;;80,4;82,8;83,4;79,9;81,2;82,9;82,4;84,5;87,0;85,4;85,6;87,1;93,3;91,3;91,4;91,8;89,9;90,5;88,8;91,1;;
2014000;"Powiat zambrowski";1904,32;2033,01;2314,51;2455,89;2530,50;2759,38;2965,28;3019,12;3194,29;3380,00;3473,68;3660,67;3933,11;4196,08;4371,63;4775,36;5085,38;5601,17;6505,09;7507,89;;76,0;77,1;80,8;77,8;76,3;80,3;81,8;80,6;82,4;84,4;83,7;85,3;86,9;86,8;84,4;86,5;84,7;83,5;85,6;87,0;;
2061000;"Powiat m. Białystok";2365,00;2478,96;2715,96;2994,05;3144,60;3241,41;3360,36;3493,98;3627,02;3706,73;3844,68;3967,71;4164,59;4396,32;4744,13;5126,79;5650,97;6183,98;7089,31;8281,89;;94,3;94,0;94,8;94,8;94,8;94,4;92,7;93,3;93,5;92,6;92,6;92,5;92,0;90,9;91,6;92,8;94,2;92,2;93,3;96,0;;
2062000;"Powiat m. Łomża";2037,41;2164,31;2317,15;2608,55;2689,24;2782,23;2911,43;2972,85;3120,07;3207,62;3338,23;3444,02;3665,03;4056,02;4417,66;4872,37;5352,29;5827,01;6702,05;7889,95;;81,3;82,1;80,8;82,6;81,1;81,0;80,3;79,4;80,5;80,1;80,4;80,3;80,9;83,9;85,3;88,2;89,2;86,9;88,2;91,4;;
2063000;"Powiat m. Suwałki";2016,47;2067,27;2297,74;2584,35;2710,68;2811,62;2950,60;3029,62;3125,48;3260,75;3435,66;3493,66;3716,08;4006,38;4297,01;4562,69;4966,63;5547,59;6329,52;7399,66;;80,4;78,4;80,2;81,8;81,8;81,9;81,4;80,9;80,6;81,4;82,8;81,4;82,1;82,9;82,9;82,6;82,8;82,7;83,3;85,7;;
2200000;"POMORSKIE";2511,25;2650,20;2882,56;3167,70;3320,06;3383,58;3567,49;3696,89;3847,12;4011,59;4132,13;4274,73;4496,64;4794,74;5142,01;5484,46;5994,33;6696,84;7550,99;8620,28;;100,2;100,5;100,6;100,3;100,1;98,5;98,4;98,7;99,2;100,2;99,5;99,6;99,3;99,2;99,2;99,3;99,9;99,9;99,4;99,9;;
2201000;"Powiat bytowski";2003,67;2098,96;2277,73;2537,65;2659,26;2766,41;2947,50;3086,80;3133,22;3310,31;3447,30;3602,02;3817,07;4214,69;4489,50;4905,51;5373,68;5961,47;6650,73;7423,52;;79,9;79,6;79,5;80,3;80,2;80,5;81,3;82,4;80,8;82,7;83,1;84,0;84,3;87,2;86,6;88,8;89,5;88,9;87,6;86,0;;
2202000;"Powiat chojnicki";1881,88;1964,99;2124,02;2350,96;2458,88;2557,33;2689,90;2804,08;2941,87;3043,10;3133,05;3275,78;3479,72;3761,95;4051,60;4395,70;4805,13;5433,86;6114,44;7048,39;;75,1;74,5;74,1;74,4;74,2;74,4;74,2;74,9;75,9;76,0;75,5;76,3;76,9;77,8;78,2;79,6;80,1;81,0;80,5;81,7;;
2203000;"Powiat człuchowski";2021,10;2057,52;2274,37;2552,55;2624,95;2785,13;2902,91;3055,87;3170,99;3267,55;3384,44;3480,17;3697,11;3979,20;4292,17;4569,32;5002,55;5613,05;6355,73;7313,38;;80,6;78,0;79,4;80,8;79,2;81,1;80,1;81,6;81,8;81,6;81,5;81,1;81,7;82,3;82,8;82,7;83,4;83,7;83,7;84,7;;
2204000;"Powiat gdański";2143,99;2401,19;2612,77;2835,59;2969,61;3090,49;3182,04;3295,86;3408,99;3646,31;3806,02;3950,76;4191,00;4438,86;4678,84;5014,67;5484,63;6466,20;6959,38;7827,33;;85,5;91,1;91,2;89,8;89,6;90,0;87,8;88,0;87,9;91,1;91,7;92,1;92,6;91,8;90,3;90,8;91,4;96,4;91,6;90,7;;
2205000;"Powiat kartuski";1972,88;2093,78;2295,23;2520,96;2749,16;2765,79;2887,04;2973,37;3110,80;3217,20;3275,79;3477,69;3717,51;3957,61;4239,41;4508,01;4933,56;5651,36;6298,93;7329,65;;78,7;79,4;80,1;79,8;82,9;80,5;79,6;79,4;80,2;80,3;78,9;81,1;82,1;81,9;81,8;81,6;82,2;84,3;82,9;84,9;;
2206000;"Powiat kościerski";1941,55;1973,62;2158,48;2384,91;2514,05;2628,62;2721,25;2832,98;2919,89;3004,92;3117,95;3285,04;3433,93;3720,35;3966,09;4328,66;4810,12;5458,75;6159,34;7150,46;;77,4;74,8;75,3;75,5;75,8;76,5;75,1;75,7;75,3;75,0;75,1;76,6;75,8;77,0;76,5;78,4;80,2;81,4;81,1;82,9;;
2207000;"Powiat kwidzyński";2413,15;2512,04;2611,08;2820,67;2983,83;3030,53;3243,13;3421,10;3524,89;3675,82;3771,88;3890,63;4097,28;4362,36;4567,79;4824,01;5205,22;5839,35;6579,01;7500,35;;96,3;95,3;91,1;89,3;90,0;88,2;89,5;91,4;90,9;91,8;90,9;90,7;90,5;90,2;88,2;87,3;86,7;87,1;86,6;86,9;;
2208000;"Powiat lęborski";2079,09;2167,27;2390,56;2658,12;2786,53;2847,29;2947,96;3146,36;3292,33;3459,86;3554,76;3705,38;3918,71;4203,78;4493,51;4800,59;5316,30;5918,89;6600,16;7500,05;;82,9;82,2;83,4;84,2;84,0;82,9;81,3;84,0;84,9;86,4;85,6;86,4;86,5;86,9;86,7;86,9;88,6;88,3;86,9;86,9;;
2209000;"Powiat malborski";2044,03;2150,54;2318,06;2657,47;2751,39;2825,70;2963,76;3127,32;3387,60;3375,47;3408,03;3496,46;3694,08;3868,76;4239,59;4559,54;4873,92;5340,19;6077,46;7104,83;;81,5;81,6;80,9;84,1;83,0;82,3;81,8;83,5;87,4;84,3;82,1;81,5;81,6;80,0;81,8;82,6;81,2;79,6;80,0;82,3;;
2210000;"Powiat nowodworski";1995,38;2072,03;2238,76;2489,29;2712,39;2751,87;2972,49;3114,10;3209,61;3350,00;3422,12;3563,66;3846,11;4065,87;4369,99;4735,14;5077,72;5749,44;6456,26;7530,62;;79,6;78,6;78,1;78,8;81,8;80,1;82,0;83,2;82,8;83,7;82,4;83,1;84,9;84,1;84,3;85,7;84,6;85,7;85,0;87,3;;
2211000;"Powiat pucki";2052,23;2165,88;2403,82;2628,47;2735,02;2872,86;3002,77;3144,54;3361,03;3505,43;3584,09;3779,75;3942,25;4198,77;4402,51;4741,10;5205,94;5893,38;6686,91;7692,27;;81,9;82,1;83,9;83,2;82,5;83,6;82,8;84,0;86,7;87,5;86,3;88,1;87,1;86,8;85,0;85,8;86,8;87,9;88,0;89,1;;
2212000;"Powiat słupski";1954,55;2026,43;2208,96;2410,06;2593,99;2783,14;2911,32;3016,33;3128,75;3409,29;3497,25;3642,86;3870,93;4149,86;4391,83;4696,62;5105,88;5628,96;6357,82;7159,62;;78,0;76,9;77,1;76,3;78,2;81,0;80,3;80,6;80,7;85,1;84,3;84,9;85,5;85,8;84,8;85,0;85,1;83,9;83,7;83,0;;
2213000;"Powiat starogardzki";2313,11;2442,48;2595,63;2727,06;2856,49;2934,77;3058,97;3245,52;3388,99;3443,68;3560,38;3643,85;4026,19;4323,80;4543,48;4969,91;5635,66;6430,22;7046,42;8162,99;;92,3;92,6;90,6;86,3;86,2;85,4;84,4;86,7;87,4;86,0;85,8;84,9;88,9;89,4;87,7;90,0;93,9;95,9;92,8;94,6;;
2214000;"Powiat tczewski";2317,41;2435,18;2593,90;2772,58;2965,20;3061,62;3286,26;3412,17;3626,76;3766,37;3821,28;3960,08;4242,41;4392,16;4663,54;5031,71;5455,53;6105,39;6836,04;7845,56;;92,4;92,4;90,5;87,8;89,4;89,1;90,7;91,1;93,5;94,1;92,1;92,3;93,7;90,8;90,0;91,1;90,9;91,0;90,0;90,9;;
2215000;"Powiat wejherowski";2051,05;2200,05;2492,52;2726,86;2829,33;2900,50;3029,92;3091,32;3194,41;3302,51;3441,57;3554,31;3763,49;4046,77;4306,07;4620,89;5056,01;5557,82;6276,90;7295,37;;81,8;83,4;87,0;86,3;85,3;84,4;83,6;82,6;82,4;82,5;82,9;82,8;83,1;83,7;83,1;83,7;84,3;82,9;82,6;84,5;;
2216000;"Powiat sztumski";1993,51;2054,99;2222,23;2430,42;2598,73;2600,15;2749,43;3017,10;3261,74;3461,78;3455,74;3512,00;3709,56;3982,12;4306,45;4719,00;4984,90;5597,89;6362,83;7425,05;;79,5;77,9;77,5;76,9;78,4;75,7;75,8;80,6;84,1;86,5;83,3;81,9;81,9;82,4;83,1;85,4;83,1;83,5;83,8;86,0;;
2261000;"Powiat m. Gdańsk";3017,45;3177,70;3473,08;3847,90;4053,17;4108,37;4327,35;4411,71;4562,66;4814,14;4992,14;5118,59;5312,48;5642,00;6154,35;6490,53;7084,42;7876,68;8915,97;10107,32;;120,4;120,5;121,2;121,8;122,3;119,6;119,4;117,8;117,7;120,2;120,3;119,3;117,3;116,7;118,8;117,5;118,1;117,5;117,4;117,1;;
2262000;"Powiat m. Gdynia";2741,05;2914,02;3198,33;3493,85;3583,90;3662,62;3938,74;4067,07;4298,33;4457,62;4566,82;4798,54;5045,45;5347,46;5624,49;5848,66;6298,57;6985,73;7890,40;8999,18;;109,3;110,5;111,6;110,6;108,1;106,6;108,6;108,6;110,9;111,3;110,0;111,8;111,4;110,6;108,5;105,9;105,0;104,2;103,9;104,3;;
2263000;"Powiat m. Słupsk";2111,10;2231,21;2399,33;2667,51;2897,25;2990,58;3083,98;3234,17;3330,92;3384,58;3478,22;3620,36;3840,62;4057,24;4287,66;4841,90;5375,69;5904,49;6870,69;7806,84;;84,2;84,6;83,7;84,5;87,4;87,1;85,1;86,4;85,9;84,5;83,8;84,4;84,8;83,9;82,7;87,7;89,6;88,1;90,5;90,5;;
2264000;"Powiat m. Sopot";2824,33;3068,44;3286,43;3721,15;3901,72;3941,65;3985,66;4375,89;4500,07;4646,29;4836,93;5104,38;5313,49;5700,74;6064,20;6529,10;7331,15;7701,83;8478,32;9627,92;;112,7;116,4;114,7;117,8;117,7;114,7;109,9;116,9;116,1;116,0;116,5;119,0;117,4;117,9;117,0;118,2;122,2;114,9;111,6;111,6;;
2400000;"ŚLĄSKIE";2587,07;2729,63;2933,32;3239,09;3405,18;3528,19;3794,62;3855,26;4022,80;4100,51;4221,45;4295,29;4481,57;4825,28;5177,86;5450,86;5907,84;6727,57;7611,38;8537,54;;103,2;103,5;102,3;102,6;102,7;102,7;104,7;103,0;103,7;102,4;101,7;100,1;99,0;99,8;99,9;98,7;98,4;100,3;100,2;98,9;;
2401000;"Powiat będziński";2102,80;2239,04;2370,56;2579,39;2733,77;2883,64;3019,92;3063,96;3228,89;3281,19;3451,24;3586,29;3822,99;4066,61;4360,09;4643,65;5088,35;5671,96;6502,13;7587,04;;83,9;84,9;82,7;81,7;82,5;83,9;83,3;81,8;83,3;81,9;83,1;83,6;84,4;84,1;84,1;84,1;84,8;84,6;85,6;87,9;;
2402000;"Powiat bielski";2020,92;2121,26;2361,77;2559,42;2676,82;2887,19;3054,10;3264,41;3342,60;3453,12;3613,20;3739,69;3999,45;4210,20;4564,32;4819,89;5205,16;5875,70;6612,98;7577,60;;80,6;80,4;82,4;81,0;80,7;84,1;84,2;87,2;86,2;86,2;87,0;87,2;88,3;87,1;88,1;87,3;86,7;87,6;87,1;87,8;;
2403000;"Powiat cieszyński";2027,97;2140,17;2386,58;2580,80;2709,33;2841,19;2987,68;3096,49;3177,66;3293,73;3455,64;3565,79;3773,12;4107,37;4395,74;4660,69;5109,39;5838,18;6529,01;7528,35;;80,9;81,2;83,3;81,7;81,7;82,7;82,4;82,7;82,0;82,3;83,3;83,1;83,3;85,0;84,8;84,4;85,1;87,1;86,0;87,2;;
2404000;"Powiat częstochowski";1816,10;1908,38;2085,68;2396,11;2551,29;2658,51;2796,73;2865,95;2939,83;3097,47;3209,23;3372,48;3640,22;3922,86;4310,92;4603,86;5015,76;5774,96;6483,73;7359,53;;72,4;72,4;72,8;75,9;77,0;77,4;77,1;76,5;75,8;77,4;77,3;78,6;80,4;81,1;83,2;83,4;83,6;86,1;85,4;85,3;;
2405000;"Powiat gliwicki";2090,86;2215,02;2369,81;2662,55;2736,10;2779,09;2876,99;3063,80;3151,80;3249,88;3420,49;3564,05;3812,53;4152,62;4432,82;4696,57;5062,72;6067,07;6931,46;7954,70;;83,4;84,0;82,7;84,3;82,5;80,9;79,4;81,8;81,3;81,2;82,4;83,1;84,2;85,9;85,5;85,0;84,4;90,5;91,3;92,2;;
2406000;"Powiat kłobucki";1656,06;1731,93;1882,12;2083,52;2257,05;2411,78;2559,06;2661,08;2793,04;2871,64;2978,56;3070,12;3275,42;3463,10;3683,38;4087,42;4435,67;5132,42;6030,62;6955,13;;66,1;65,7;65,7;66,0;68,1;70,2;70,6;71,1;72,0;71,7;71,8;71,6;72,3;71,6;71,1;74,0;73,9;76,5;79,4;80,6;;
2407000;"Powiat lubliniecki";2010,40;2097,97;2320,22;2616,07;2686,35;2845,11;2973,77;3119,98;3175,83;3304,27;3411,51;3558,10;3729,86;4296,91;4316,81;4660,07;5038,72;5685,44;6427,79;7591,83;;80,2;79,6;81,0;82,8;81,0;82,8;82,0;83,3;81,9;82,5;82,2;82,9;82,4;88,9;83,3;84,4;84,0;84,8;84,6;88,0;;
2408000;"Powiat mikołowski";2373,42;2447,17;2656,88;2656,42;2724,55;2896,18;3111,51;3198,68;3333,56;3431,97;3657,03;3753,81;3899,02;4182,15;4611,31;5002,48;5294,33;5957,61;6733,88;7696,78;;94,7;92,8;92,7;84,1;82,2;84,3;85,8;85,4;86,0;85,7;88,1;87,5;86,1;86,5;89,0;90,6;88,2;88,8;88,7;89,2;;
2409000;"Powiat myszkowski";1770,30;1906,33;2110,45;2339,09;2526,71;2642,76;2839,79;2958,11;3076,94;3171,04;3331,77;3454,79;3730,50;4029,82;4414,28;4532,46;5006,82;5629,12;6303,39;7171,92;;70,6;72,3;73,6;74,1;76,2;76,9;78,3;79,0;79,4;79,2;80,3;80,5;82,4;83,4;85,2;82,1;83,4;83,9;83,0;83,1;;
2410000;"Powiat pszczyński";2028,84;2183,36;2389,21;2657,86;2719,86;2817,82;2892,32;3056,79;3148,91;3254,73;3372,27;3465,69;3588,61;4031,68;4426,94;4674,30;5270,28;5980,40;6607,42;7666,27;;80,9;82,8;83,4;84,1;82,0;82,0;79,8;81,6;81,2;81,3;81,2;80,8;79,3;83,4;85,4;84,6;87,8;89,2;87,0;88,8;;
2411000;"Powiat raciborski";2155,92;2264,95;2498,57;2829,47;2917,17;3016,16;3192,56;3344,49;3422,60;3579,20;3735,23;3864,61;4143,91;4492,30;4814,65;5199,24;5907,56;6823,09;7283,63;7846,90;;86,0;85,9;87,2;89,6;88,0;87,8;88,1;89,3;88,3;89,4;90,0;90,1;91,5;92,9;92,9;94,1;98,4;101,8;95,9;90,9;;
2412000;"Powiat rybnicki";2149,86;2198,94;2359,47;2533,82;2779,46;2864,91;3109,11;3217,20;3345,95;3508,61;3624,92;3685,58;4130,78;4073,76;4417,88;4686,71;5078,82;5660,84;6596,65;7591,65;;85,8;83,4;82,3;80,2;83,8;83,4;85,8;85,9;86,3;87,6;87,3;85,9;91,2;84,3;85,3;84,9;84,6;84,4;86,9;88,0;;
2413000;"Powiat tarnogórski";2101,68;2223,69;2431,76;2600,33;2766,01;2860,67;3056,53;3124,35;3194,01;3307,26;3569,46;3745,06;3969,09;4364,71;4658,86;4858,37;5320,63;6218,12;7145,99;8233,91;;83,8;84,3;84,8;82,3;83,4;83,3;84,3;83,4;82,4;82,6;86,0;87,3;87,7;90,3;89,9;88,0;88,7;92,7;94,1;95,4;;
2414000;"Powiat bieruńsko-lędziński";2120,79;2196,05;2427,10;2687,30;2865,18;3067,58;3266,00;3375,35;3463,60;3621,81;3657,77;3791,25;3987,44;4310,64;4545,54;4649,07;5054,59;5620,67;6356,50;7218,55;;84,6;83,3;84,7;85,1;86,4;89,3;90,1;90,1;89,3;90,5;88,1;88,4;88,1;89,2;87,7;84,2;84,2;83,8;83,7;83,6;;
2415000;"Powiat wodzisławski";1899,20;1974,66;2127,50;2346,50;2495,21;2603,44;2724,60;2904,69;3000,56;3139,42;3211,61;3261,93;3448,06;3725,84;4031,73;4323,10;4708,55;5478,76;6189,57;7187,88;;75,8;74,9;74,2;74,3;75,3;75,8;75,2;77,6;77,4;78,4;77,4;76,0;76,2;77,1;77,8;78,3;78,5;81,7;81,5;83,3;;
2416000;"Powiat zawierciański";2109,64;2282,45;2494,65;2732,55;2888,32;2999,84;3210,05;3247,65;3301,47;3507,52;3681,04;3840,22;4023,65;4368,35;4633,87;5001,44;5807,30;6438,58;6855,49;7784,61;;84,2;86,6;87,0;86,5;87,1;87,3;88,5;86,7;85,1;87,6;88,7;89,5;88,9;90,4;89,4;90,6;96,8;96,0;90,3;90,2;;
2417000;"Powiat żywiecki";2447,59;2564,98;2797,39;2955,88;3205,94;3393,47;3557,09;3712,48;3845,17;4067,79;4059,16;4100,84;4515,28;4577,28;4766,30;5011,50;5437,65;6015,37;6593,79;7509,60;;97,6;97,3;97,6;93,6;96,7;98,8;98,1;99,1;99,2;101,6;97,8;95,6;99,7;94,7;92,0;90,7;90,6;89,7;86,8;87,0;;
2461000;"Powiat m. Bielsko-Biała";2360,26;2512,00;2781,24;3109,88;3263,60;3379,20;3498,80;3576,40;3781,12;3930,33;4071,65;4245,15;4446,37;4731,61;5101,34;5321,66;5789,65;6434,35;7231,58;8191,32;;94,1;95,3;97,0;98,5;98,4;98,4;96,5;95,5;97,5;98,2;98,1;98,9;98,2;97,9;98,5;96,3;96,5;96,0;95,2;94,9;;
2462000;"Powiat m. Bytom";2149,55;2288,45;2480,20;2830,20;2918,55;3079,10;3266,64;3319,18;3464,46;3542,70;4050,32;4024,91;4054,04;4322,58;4770,54;5117,47;5562,14;6303,49;7206,77;8238,35;;85,7;86,8;86,5;89,6;88,0;89,6;90,1;88,6;89,3;88,5;97,6;93,8;89,5;89,4;92,1;92,7;92,7;94,0;94,9;95,5;;
2463000;"Powiat m. Chorzów";2124,55;2232,30;2493,66;2837,42;2902,80;3042,37;3237,48;3384,99;3540,84;3638,84;3754,13;3904,00;4087,57;4311,91;4656,18;4910,73;5282,22;5954,04;6555,69;7519,70;;84,7;84,7;87,0;89,8;87,6;88,6;89,3;90,4;91,3;90,9;90,4;91,0;90,3;89,2;89,9;88,9;88,0;88,8;86,3;87,1;;
2464000;"Powiat m. Częstochowa";2214,67;2355,01;2517,31;2745,37;2901,31;3011,70;3197,12;3308,53;3445,39;3526,81;3644,53;3743,93;3954,16;4222,51;4547,34;4875,71;5307,19;6018,76;6715,44;7830,22;;88,3;89,3;87,8;86,9;87,5;87,7;88,2;88,4;88,9;88,1;87,8;87,3;87,3;87,3;87,8;88,3;88,4;89,8;88,4;90,7;;
2465000;"Powiat m. Dąbrowa Górnicza";2641,41;2826,02;3088,83;3386,12;3649,12;3792,57;4060,01;4255,34;4324,15;4445,38;4613,23;4802,04;5096,32;5451,26;5632,06;5811,72;6360,81;7271,87;8029,95;8772,92;;105,4;107,2;107,8;107,2;110,1;110,4;112,0;113,6;111,5;111,0;111,1;111,9;112,6;112,8;108,7;105,2;106,0;108,4;105,7;101,7;;
2466000;"Powiat m. Gliwice";2739,11;2879,53;3146,53;3495,73;3654,92;3787,48;4020,23;4137,93;4329,27;4482,68;4726,43;4832,33;5117,17;5451,31;5889,99;6164,02;6698,45;7469,70;8391,75;9399,81;;109,3;109,2;109,8;110,7;110,2;110,3;110,9;110,5;111,7;112,0;113,9;112,6;113,0;112,8;113,7;111,6;111,6;111,4;110,5;108,9;;
2467000;"Powiat m. Jastrzębie-Zdrój";3769,78;3965,34;4318,46;4822,06;4851,26;5213,89;6324,79;5974,57;6384,43;6536,76;6182,71;6131,62;6609,12;8121,08;8443,25;8377,01;8987,51;0,00;0,00;12960,64;;150,4;150,4;150,7;152,7;146,3;151,8;174,5;159,6;164,7;163,3;149,0;142,9;146,0;168,0;162,9;151,7;149,8;0,0;0,0;150,2;;
2468000;"Powiat m. Jaworzno";2753,98;3035,84;3230,36;3608,26;3920,16;4046,73;4369,87;4226,59;4704,74;4714,66;5333,82;5314,60;5370,16;5848,34;5831,21;5976,30;6435,97;7568,06;8417,97;9167,03;;109,9;115,1;112,7;114,2;118,2;117,8;120,5;112,9;121,3;117,7;128,5;123,9;118,6;121,0;112,5;108,2;107,2;112,9;110,8;106,2;;
2469000;"Powiat m. Katowice";3395,63;3523,92;3727,38;4150,44;4494,03;4563,66;5013,92;4966,80;5270,37;5199,41;5262,02;5274,86;5290,36;5698,98;6175,80;6525,94;6924,74;8017,49;9105,52;10051,54;;135,4;133,6;130,1;131,4;135,6;132,9;138,3;132,6;135,9;129,9;126,8;122,9;116,8;117,9;119,2;118,2;115,4;119,6;119,9;116,5;;
2470000;"Powiat m. Mysłowice";2091,24;2229,48;2423,41;2684,48;2795,14;2960,71;3305,37;3461,96;3618,74;3704,34;3787,80;3872,43;4074,53;4294,85;4627,91;4763,73;5216,97;5754,97;6438,78;7328,85;;83,4;84,6;84,6;85,0;84,3;86,2;91,2;92,5;93,3;92,5;91,3;90,3;90,0;88,8;89,3;86,2;86,9;85,8;84,8;84,9;;
2471000;"Powiat m. Piekary Śląskie";2022,67;2148,01;2395,67;2633,21;2728,81;2845,62;2969,61;3192,45;3329,31;3594,01;3958,91;4235,29;4619,75;4868,16;5189,69;5375,03;5732,54;6550,47;7654,72;8478,27;;80,7;81,5;83,6;83,4;82,3;82,8;81,9;85,3;85,9;89,8;95,4;98,7;102,0;100,7;100,2;97,3;95,5;97,7;100,8;98,2;;
2472000;"Powiat m. Ruda Śląska";2140,52;2326,18;2510,79;2777,33;2889,28;2961,20;3179,15;3309,17;3395,43;3438,13;3577,97;3719,66;3906,09;4081,18;4422,77;4816,21;5318,24;6006,82;6668,08;7728,46;;85,4;88,2;87,6;87,9;87,1;86,2;87,7;88,4;87,6;85,9;86,2;86,7;86,3;84,4;85,4;87,2;88,6;89,6;87,8;89,6;;
2473000;"Powiat m. Rybnik";2338,10;2447,61;2648,18;2967,36;3111,71;3226,18;3353,40;3459,52;3507,69;3607,45;3762,40;3884,81;4122,16;4400,84;4784,77;4987,77;5447,31;6135,40;6938,12;7912,17;;93,3;92,8;92,4;93,9;93,9;93,9;92,5;92,4;90,5;90,1;90,6;90,5;91,0;91,0;92,3;90,3;90,8;91,5;91,3;91,7;;
2474000;"Powiat m. Siemianowice Śląskie";2143,24;2393,50;2584,80;2875,42;2960,73;3070,59;3234,32;3338,13;3471,73;3625,95;3700,78;3844,70;4116,13;4380,81;4672,11;5005,69;5389,44;5955,67;6887,29;7767,11;;85,5;90,8;90,2;91,0;89,3;89,4;89,2;89,2;89,5;90,6;89,2;89,6;90,9;90,6;90,2;90,6;89,8;88,8;90,7;90,0;;
2475000;"Powiat m. Sosnowiec";2196,13;2333,91;2524,96;2880,92;2988,73;3112,78;3236,16;3372,99;3480,50;3624,37;3706,45;3770,76;4139,10;4385,51;4754,35;5008,83;5551,62;6126,60;6973,22;8003,59;;87,6;88,5;88,1;91,2;90,1;90,6;89,3;90,1;89,8;90,5;89,3;87,9;91,4;90,7;91,8;90,7;92,5;91,4;91,8;92,7;;
2476000;"Powiat m. Świętochłowice";2107,74;2213,47;2381,12;2509,03;2628,03;2672,57;2755,39;2926,12;3022,76;3145,07;3260,66;3353,91;3595,13;3915,87;4316,83;4609,16;4816,93;5653,41;6361,63;7349,50;;84,1;83,9;83,1;79,4;79,3;77,8;76,0;78,1;78,0;78,5;78,6;78,2;79,4;81,0;83,3;83,4;80,3;84,3;83,8;85,2;;
2477000;"Powiat m. Tychy";2313,10;2500,39;2766,57;3073,55;3127,98;3292,32;3443,06;3558,72;3691,88;3819,32;4011,32;4141,97;4437,20;4630,83;4916,90;5269,32;5586,31;6236,50;7163,78;8149,08;;92,3;94,8;96,5;97,3;94,3;95,8;95,0;95,0;95,2;95,4;96,6;96,5;98,0;95,8;94,9;95,4;93,1;93,0;94,3;94,4;;
2478000;"Powiat m. Zabrze";2449,82;2568,83;2804,13;3095,19;3232,35;3371,44;3572,02;3672,55;3673,41;3835,40;3955,12;4029,87;4202,39;4490,42;4980,04;5232,59;5824,86;6511,57;7438,82;8352,73;;97,7;97,4;97,8;98,0;97,5;98,1;98,5;98,1;94,7;95,8;95,3;93,9;92,8;92,9;96,1;94,7;97,1;97,1;97,9;96,8;;
2479000;"Powiat m. Żory";1912,65;1964,02;2132,51;2410,64;2573,77;2946,80;3079,04;3224,73;3391,95;3534,18;3613,55;3747,77;3890,07;4263,76;4577,92;4781,16;5195,58;5747,61;6560,84;7487,46;;76,3;74,5;74,4;76,3;77,6;85,8;84,9;86,1;87,5;88,3;87,1;87,4;85,9;88,2;88,3;86,6;86,6;85,7;86,4;86,8;;
2600000;"ŚWIĘTOKRZYSKIE";2173,15;2263,60;2467,07;2745,39;2868,09;2971,58;3137,91;3250,94;3349,81;3435,93;3580,62;3669,57;3911,49;4171,17;4490,41;4800,21;5262,19;5782,60;6585,16;7664,18;;86,7;85,8;86,1;86,9;86,5;86,5;86,6;86,8;86,4;85,8;86,3;85,5;86,4;86,3;86,7;86,9;87,7;86,2;86,7;88,8;;
2601000;"Powiat buski";1980,24;2050,75;2272,20;2496,87;2624,09;2700,95;2825,85;2902,83;3062,17;3158,01;3301,87;3400,24;3587,24;3846,44;4165,07;4375,49;4912,74;5412,76;6202,45;7336,36;;79,0;77,8;79,3;79,1;79,1;78,6;77,9;77,5;79,0;78,9;79,5;79,3;79,2;79,6;80,4;79,2;81,9;80,7;81,7;85,0;;
2602000;"Powiat jędrzejowski";2186,12;2269,46;2516,14;2776,59;2917,98;3040,91;3361,44;3611,17;3629,28;3811,90;3900,83;3994,49;4177,28;4440,95;4717,56;4969,29;5350,78;5829,63;6607,59;7695,12;;87,2;86,1;87,8;87,9;88,0;88,5;92,7;96,4;93,6;95,2;94,0;93,1;92,3;91,9;91,0;90,0;89,2;86,9;87,0;89,2;;
2603000;"Powiat kazimierski";1885,75;1938,63;2059,36;2278,58;2466,75;2638,63;2740,14;2876,72;3001,17;3055,63;3142,99;3240,31;3311,99;3544,35;3794,18;4235,96;4616,89;5097,28;5821,56;6924,57;;75,2;73,5;71,9;72,1;74,4;76,8;75,6;76,8;77,4;76,3;75,7;75,5;73,1;73,3;73,2;76,7;76,9;76,0;76,6;80,2;;
2604000;"Powiat kielecki";1990,13;2066,64;2270,27;2462,98;2551,32;2709,04;2836,55;2914,39;3045,00;3095,16;3246,51;3289,77;3477,48;3777,02;4056,90;4355,66;4789,44;5289,72;5989,91;7009,11;;79,4;78,4;79,2;78,0;77,0;78,9;78,2;77,8;78,5;77,3;78,2;76,7;76,8;78,1;78,3;78,9;79,8;78,9;78,9;81,2;;
2605000;"Powiat konecki";1917,46;2008,59;2206,84;2463,26;2619,11;2743,51;2916,44;3031,59;3157,76;3260,47;3355,31;3492,59;3585,89;3943,80;4188,50;4481,58;4922,90;5493,64;6106,87;7253,39;;76,5;76,2;77,0;78,0;79,0;79,9;80,4;81,0;81,4;81,4;80,8;81,4;79,2;81,6;80,8;81,1;82,0;81,9;80,4;84,0;;
2606000;"Powiat opatowski";2251,75;2320,14;2449,52;2717,53;2542,34;2749,31;2869,20;3014,36;3085,06;3154,31;3255,65;3278,64;3456,29;3692,26;3939,62;4269,94;4619,32;5106,84;5804,43;6913,47;;89,8;88,0;85,5;86,0;76,7;80,0;79,1;80,5;79,6;78,8;78,4;76,4;76,3;76,4;76,0;77,3;77,0;76,2;76,4;80,1;;
2607000;"Powiat ostrowiecki";1936,08;2056,26;2240,51;2558,17;2712,75;2827,82;2974,89;3084,28;3154,96;3225,91;3342,45;3423,02;3596,74;3813,50;4129,16;4448,08;4912,01;5388,69;6179,43;7188,81;;77,2;78,0;78,2;81,0;81,8;82,3;82,1;82,4;81,4;80,6;80,5;79,8;79,4;78,9;79,7;80,5;81,9;80,4;81,4;83,3;;
2608000;"Powiat pińczowski";2434,98;2536,79;2650,13;2628,18;2818,62;2895,48;3002,74;3100,89;3130,97;3246,61;3349,30;3460,81;3673,89;3925,26;4145,06;4445,79;4885,52;5811,36;6467,94;7440,62;;97,1;96,2;92,5;83,2;85,0;84,3;82,8;82,8;80,7;81,1;80,7;80,7;81,1;81,2;80,0;80,5;81,4;86,7;85,2;86,2;;
2609000;"Powiat sandomierski";2336,31;2442,06;2678,36;2977,50;3078,47;3221,56;3324,91;3397,35;3415,98;3526,06;3665,14;3753,75;3978,62;4359,40;4656,65;4966,33;5414,24;5954,75;6781,04;7791,91;;93,2;92,6;93,5;94,3;92,9;93,8;91,7;90,7;88,1;88,1;88,3;87,5;87,9;90,2;89,9;89,9;90,2;88,8;89,3;90,3;;
2610000;"Powiat skarżyski";2101,52;2279,47;2556,94;2821,43;3035,02;2783,02;3001,61;3119,33;3280,83;3395,64;3448,29;3629,75;3859,44;3965,25;4399,33;4758,09;5118,05;5704,16;6633,92;7951,39;;83,8;86,4;89,2;89,3;91,5;81,0;82,8;83,3;84,6;84,8;83,1;84,6;85,2;82,0;84,9;86,1;85,3;85,1;87,3;92,1;;
2611000;"Powiat starachowicki";1938,01;1967,82;2130,58;2402,85;2539,20;2671,49;2826,27;2963,95;3083,87;3199,99;3387,74;3444,11;4117,89;4170,22;4481,58;4690,70;5500,36;5730,06;6426,80;7419,92;;77,3;74,6;74,3;76,1;76,6;77,8;78,0;79,2;79,5;79,9;81,6;80,3;90,9;86,3;86,5;84,9;91,7;85,5;84,6;86,0;;
2612000;"Powiat staszowski";2241,81;2317,23;2546,78;2952,63;3030,68;3138,70;3328,52;3490,75;3470,07;3589,54;3760,61;3939,91;4042,49;4271,73;4516,27;4825,77;5167,98;5856,73;6829,75;7709,93;;89,4;87,9;88,9;93,5;91,4;91,4;91,8;93,2;89,5;89,6;90,6;91,8;89,3;88,4;87,2;87,4;86,1;87,3;89,9;89,3;;
2613000;"Powiat włoszczowski";2096,56;2207,84;2465,81;2641,17;2676,26;2913,74;3050,54;3259,56;3307,07;3382,92;3510,22;3591,87;3760,86;4089,25;4459,58;4722,28;5238,84;5982,40;6814,57;7885,46;;83,6;83,7;86,0;83,6;80,7;84,8;84,1;87,1;85,3;84,5;84,6;83,7;83,1;84,6;86,1;85,5;87,3;89,2;89,7;91,4;;
2661000;"Powiat m. Kielce";2372,75;2461,78;2655,81;2953,74;3082,94;3200,80;3381,09;3467,85;3597,04;3669,64;3845,52;3920,24;4197,40;4493,16;4879,19;5218,61;5648,73;6185,40;7062,45;8213,37;;94,6;93,4;92,7;93,5;93,0;93,2;93,3;92,6;92,8;91,6;92,6;91,4;92,7;92,9;94,2;94,5;94,1;92,2;93,0;95,2;;
2800000;"WARMIŃSKO-MAZURSKIE";2103,99;2218,32;2398,00;2615,33;2752,41;2879,97;3019,37;3150,27;3264,63;3386,96;3495,02;3619,16;3802,98;4028,33;4319,51;4709,12;5126,75;5674,89;6447,09;7529,41;;83,9;84,1;83,7;82,8;83,0;83,8;83,3;84,1;84,2;84,6;84,2;84,4;84,0;83,3;83,4;85,3;85,4;84,6;84,9;87,2;;
2801000;"Powiat bartoszycki";1910,04;1981,20;2138,45;2357,78;2624,62;2725,29;2866,40;3044,14;3145,53;3269,83;3314,71;3449,70;3637,30;3779,51;4015,63;4589,11;4953,67;5411,23;6122,19;7306,21;;76,2;75,1;74,6;74,6;79,2;79,3;79,1;81,3;81,1;81,7;79,9;80,4;80,3;78,2;77,5;83,1;82,5;80,7;80,6;84,7;;
2802000;"Powiat braniewski";1939,50;2099,03;2243,42;2433,31;2548,62;2699,43;2892,95;3038,26;3110,02;3208,18;3241,42;3352,72;3559,55;3713,26;4082,77;4460,29;4875,92;5368,32;6027,94;7161,10;;77,4;79,6;78,3;77,0;76,9;78,6;79,8;81,1;80,2;80,1;78,1;78,1;78,6;76,8;78,8;80,8;81,3;80,1;79,4;83,0;;
2803000;"Powiat działdowski";1838,29;1973,47;2188,50;2443,94;2546,68;2661,38;2634,39;2871,83;2946,62;3045,94;3180,05;3302,85;3449,37;3698,59;3878,46;4145,80;4657,91;5273,63;6074,09;6837,70;;73,3;74,8;76,4;77,4;76,8;77,5;72,7;76,7;76,0;76,1;76,6;77,0;76,2;76,5;74,9;75,1;77,6;78,6;80,0;79,2;;
2804000;"Powiat elbląski";1847,48;1950,03;2085,09;2361,36;2473,75;2554,99;2781,25;2917,00;3030,43;3113,02;3199,49;3323,73;3446,29;3735,95;3920,89;4268,29;4690,74;5206,08;5875,00;6911,87;;73,7;74,0;72,8;74,8;74,6;74,4;76,7;77,9;78,2;77,7;77,1;77,5;76,1;77,3;75,7;77,3;78,2;77,6;77,4;80,1;;
2805000;"Powiat ełcki";1987,37;2067,67;2205,27;2416,99;2583,85;2721,79;2835,70;2960,87;3086,41;3164,08;3184,73;3286,44;3477,88;3693,95;4008,98;4364,74;4764,65;5238,03;6016,73;7105,41;;79,3;78,4;76,9;76,5;77,9;79,2;78,2;79,1;79,6;79,0;76,7;76,6;76,8;76,4;77,4;79,0;79,4;78,1;79,2;82,3;;
2806000;"Powiat giżycki";1941,41;2021,24;2205,10;2421,67;2485,34;2649,21;2793,21;2938,61;3071,80;3273,35;3369,69;3446,45;3663,45;3901,14;4170,90;4515,13;4901,26;5498,08;6247,30;7290,83;;77,4;76,7;76,9;76,7;75,0;77,1;77,0;78,5;79,2;81,8;81,2;80,3;80,9;80,7;80,5;81,7;81,7;82,0;82,3;84,5;;
2807000;"Powiat iławski";1786,59;1903,96;2077,76;2231,15;2338,60;2492,56;2639,03;2741,51;2955,21;3026,10;3172,70;3307,79;3455,52;3648,02;3892,75;4219,71;4557,38;5080,82;5813,96;6772,05;;71,3;72,2;72,5;70,6;70,5;72,6;72,8;73,2;76,2;75,6;76,4;77,1;76,3;75,5;75,1;76,4;75,9;75,8;76,5;78,5;;
2808000;"Powiat kętrzyński";1821,43;1894,81;2030,68;2263,18;2423,01;2502,02;2719,97;2816,29;2920,07;3034,16;3165,43;3256,93;3467,16;3714,64;4039,89;4560,67;4881,27;5244,28;5812,87;7110,81;;72,7;71,9;70,9;71,7;73,1;72,8;75,0;75,2;75,3;75,8;76,3;75,9;76,6;76,8;78,0;82,6;81,3;78,2;76,5;82,4;;
2809000;"Powiat lidzbarski";1759,84;1856,80;2008,19;2270,42;2467,93;2632,79;2804,79;2923,59;2969,52;3105,88;3248,95;3350,85;3445,72;3695,19;3947,00;4356,34;4700,72;5155,53;5937,86;7120,10;;70,2;70,4;70,1;71,9;74,4;76,6;77,4;78,1;76,6;77,6;78,3;78,1;76,1;76,4;76,2;78,9;78,3;76,9;78,2;82,5;;
2810000;"Powiat mrągowski";1888,20;2022,52;2244,49;2510,13;2611,13;2823,87;2708,77;2839,59;2940,69;3037,05;3077,81;3193,85;3353,74;3594,78;3904,20;4311,00;4714,65;5298,87;5996,73;7028,59;;75,3;76,7;78,3;79,5;78,8;82,2;74,7;75,8;75,8;75,9;74,1;74,4;74,1;74,4;75,3;78,1;78,6;79,0;79,0;81,4;;
2811000;"Powiat nidzicki";1843,41;1865,70;2078,26;2239,47;2427,52;2513,61;2683,94;2803,04;2876,70;2976,78;3079,14;3205,87;3334,80;3596,12;3853,58;4207,91;4657,75;5130,03;5748,08;6662,49;;73,5;70,8;72,5;70,9;73,2;73,2;74,0;74,9;74,2;74,3;74,2;74,7;73,7;74,4;74,4;76,2;77,6;76,5;75,7;77,2;;
2812000;"Powiat nowomiejski";1708,76;1824,65;1962,49;2208,04;2308,70;2427,79;2599,04;2738,13;2819,36;2938,87;2878,10;3013,66;3221,93;3439,34;3732,36;3971,83;4342,17;4668,60;5242,25;6281,85;;68,2;69,2;68,5;69,9;69,6;70,7;71,7;73,1;72,7;73,4;69,3;70,2;71,2;71,1;72,0;71,9;72,4;69,6;69,0;72,8;;
2813000;"Powiat olecki";1983,40;2070,33;2275,16;2458,59;2549,90;2599,13;2812,94;2924,79;3088,10;3251,89;3357,05;3430,34;3647,08;3877,74;4143,90;4438,76;4920,30;5397,85;6079,37;7100,16;;79,1;78,5;79,4;77,8;76,9;75,7;77,6;78,1;79,6;81,2;80,9;80,0;80,5;80,2;80,0;80,4;82,0;80,5;80,0;82,3;;
2814000;"Powiat olsztyński";1971,04;2041,68;2310,29;2645,11;2761,13;2910,37;3105,47;3178,11;3259,80;3370,10;3559,63;3635,09;3781,68;4049,63;4367,81;4823,92;5205,74;5865,11;6561,71;7476,07;;78,6;77,4;80,6;83,7;83,3;84,7;85,7;84,9;84,1;84,2;85,8;84,7;83,5;83,8;84,3;87,3;86,7;87,5;86,4;86,6;;
2815000;"Powiat ostródzki";1905,22;1982,54;2151,13;2380,30;2503,69;2633,74;2759,64;2950,32;3003,92;3122,59;3175,96;3392,59;3680,36;3926,12;4160,33;4440,69;4851,18;5403,55;6075,06;7035,13;;76,0;75,2;75,1;75,4;75,5;76,7;76,1;78,8;77,5;78,0;76,5;79,1;81,3;81,2;80,3;80,4;80,8;80,6;80,0;81,5;;
2816000;"Powiat piski";2143,07;2220,25;2394,68;2594,04;2595,80;2726,06;2923,37;3039,30;3137,65;3271,93;3445,13;3561,61;3791,39;3944,22;4280,99;4633,18;4968,35;5580,91;6368,76;7584,36;;85,5;84,2;83,6;82,1;78,3;79,4;80,6;81,2;80,9;81,7;83,0;83,0;83,7;81,6;82,6;83,9;82,8;83,2;83,9;87,9;;
2817000;"Powiat szczycieński";2001,89;2100,15;2240,32;2457,98;2628,35;2781,74;3045,34;3153,84;3242,04;3412,21;3482,48;3538,21;3699,06;3874,73;4177,74;4523,23;4946,10;5503,25;6197,95;7329,05;;79,9;79,6;78,2;77,8;79,3;81,0;84,0;84,2;83,6;85,2;83,9;82,5;81,7;80,1;80,6;81,9;82,4;82,1;81,6;84,9;;
2818000;"Powiat gołdapski";1739,34;1793,58;1871,03;2209,67;2360,83;2515,32;2629,46;2699,45;2775,90;2956,47;3045,01;3149,86;3328,33;3542,46;3882,07;4227,65;4683,51;5136,51;5876,11;6795,43;;69,4;68,0;65,3;70,0;71,2;73,2;72,5;72,1;71,6;73,8;73,4;73,4;73,5;73,3;74,9;76,5;78,0;76,6;77,4;78,7;;
2819000;"Powiat węgorzewski";1835,33;1963,52;2070,27;2284,39;2448,01;2575,77;2664,54;2781,46;2900,60;2983,79;3088,51;3160,33;3379,54;3515,17;3844,48;4314,62;4766,72;5338,94;6238,76;7366,34;;73,2;74,5;72,2;72,3;73,8;75,0;73,5;74,3;74,8;74,5;74,4;73,7;74,6;72,7;74,2;78,1;79,4;79,6;82,1;85,4;;
2861000;"Powiat m. Elbląg";2135,51;2217,57;2429,10;2670,79;2837,38;2969,87;3168,80;3363,24;3488,01;3620,55;3687,80;3806,42;4044,35;4287,12;4512,03;4952,59;5423,69;5900,22;6801,75;7929,33;;85,2;84,1;84,8;84,6;85,6;86,5;87,4;89,8;90,0;90,4;88,8;88,7;89,3;88,7;87,1;89,7;90,4;88,0;89,6;91,9;;
2862000;"Powiat m. Olsztyn";2562,95;2741,54;2931,15;3132,80;3322,72;3443,21;3546,91;3649,18;3795,30;3954,40;4104,05;4254,72;4427,76;4648,58;5018,92;5438,71;5902,66;6506,02;7386,70;8613,33;;102,2;104,0;102,3;99,2;100,2;100,2;97,8;97,5;97,9;98,8;98,9;99,2;97,8;96,1;96,9;98,5;98,4;97,0;97,3;99,8;;
3000000;"WIELKOPOLSKIE";2263,60;2389,00;2610,82;2868,81;2976,28;3126,36;3284,41;3397,25;3515,31;3597,69;3723,69;3894,10;4124,13;4382,96;4687,39;4985,75;5379,43;6019,68;6772,06;7759,22;;90,3;90,6;91,1;90,8;89,8;91,0;90,6;90,7;90,7;89,9;89,7;90,8;91,1;90,7;90,5;90,3;89,6;89,8;89,2;89,9;;
3001000;"Powiat chodzieski";1846,93;1997,07;2295,79;2523,12;2641,06;2743,98;2860,30;3020,99;3226,41;3303,09;3488,04;3532,53;3713,90;4079,72;4353,18;4550,77;5006,64;5542,99;6157,04;6990,88;;73,7;75,7;80,1;79,9;79,7;79,9;78,9;80,7;83,2;82,5;84,0;82,3;82,0;84,4;84,0;82,4;83,4;82,7;81,1;81,0;;
3002000;"Powiat czarnkowsko-trzcianecki";1996,05;2140,37;2340,56;2621,49;2743,37;2848,43;3009,40;3149,29;3226,12;3410,14;3506,61;3699,41;3967,42;4299,93;4535,39;4869,30;5327,99;5808,58;6431,04;7412,40;;79,6;81,2;81,7;83,0;82,7;82,9;83,0;84,1;83,2;85,2;84,5;86,2;87,6;88,9;87,5;88,2;88,8;86,6;84,7;85,9;;
3003000;"Powiat gnieźnieński";1990,85;2088,88;2282,85;2498,10;2605,75;2718,78;2874,23;3006,57;3143,38;3253,35;3386,42;3528,01;3774,18;4015,45;4265,39;4658,83;5162,09;5631,02;6326,21;7371,83;;79,4;79,2;79,7;79,1;78,6;79,1;79,3;80,3;81,1;81,3;81,6;82,2;83,4;83,1;82,3;84,3;86,0;84,0;83,3;85,4;;
3004000;"Powiat gostyński";1928,95;2087,43;2296,05;2553,77;2733,37;2855,27;3004,76;3124,88;3238,49;3282,64;3415,02;3557,77;3760,40;4011,63;4316,45;4698,58;5174,68;5738,30;6455,99;7398,35;;76,9;79,2;80,1;80,9;82,4;83,1;82,9;83,5;83,5;82,0;82,3;82,9;83,0;83,0;83,3;85,1;86,2;85,6;85,0;85,7;;
3005000;"Powiat grodziski";1818,29;1855,39;1992,12;2191,80;2402,82;2501,47;2639,86;2819,79;2945,14;2976,94;2931,27;3006,21;3316,55;3687,82;4017,37;4433,04;4675,12;5493,60;6233,27;7189,98;;72,5;70,4;69,5;69,4;72,5;72,8;72,8;75,3;76,0;74,3;70,6;70,1;73,2;76,3;77,5;80,3;77,9;81,9;82,1;83,3;;
3006000;"Powiat jarociński";1738,48;1846,26;1985,67;2157,02;2283,04;2378,79;2547,56;2596,34;2729,43;2803,80;2898,12;3066,45;3340,73;3612,51;3897,09;4193,08;4720,74;5391,40;6018,31;6989,27;;69,3;70,0;69,3;68,3;68,9;69,3;70,3;69,3;70,4;70,0;69,8;71,5;73,8;74,7;75,2;75,9;78,7;80,4;79,2;81,0;;
3007000;"Powiat kaliski";1801,39;1908,26;2048,71;2355,83;2494,19;2561,69;2665,26;2723,72;2826,99;3007,45;3035,70;3145,60;3353,48;3606,01;3970,36;4195,22;4553,66;5201,09;5987,02;6886,04;;71,9;72,4;71,5;74,6;75,2;74,6;73,5;72,7;72,9;75,1;73,1;73,3;74,1;74,6;76,6;76,0;75,9;77,6;78,8;79,8;;
3008000;"Powiat kępiński";1470,09;1583,52;1762,77;1993,43;2020,27;2106,84;2224,07;2349,11;2456,46;2544,18;2568,52;2658,47;2960,24;3183,34;3537,58;3872,06;4244,56;4687,66;5319,34;6230,53;;58,6;60,1;61,5;63,1;60,9;61,3;61,4;62,7;63,4;63,5;61,9;62,0;65,4;65,8;68,3;70,1;70,7;69,9;70,0;72,2;;
3009000;"Powiat kolski";2430,13;2529,17;2608,69;2816,18;2995,08;3153,48;3387,32;3350,56;3582,55;3624,38;3696,10;3808,90;4035,50;4183,24;4492,22;4895,57;5346,81;5976,51;6552,92;7643,77;;96,9;95,9;91,0;89,2;90,3;91,8;93,4;89,5;92,4;90,5;89,0;88,8;89,1;86,5;86,7;88,6;89,1;89,1;86,3;88,6;;
3010000;"Powiat koniński";2581,53;2606,51;2693,75;2808,81;2940,77;3060,01;3178,62;3219,51;3297,59;3328,35;3319,18;3335,85;3439,22;3608,15;3795,47;4184,77;4457,33;4988,03;5665,09;6684,28;;103,0;98,9;94,0;88,9;88,7;89,1;87,7;86,0;85,0;83,1;80,0;77,7;76,0;74,6;73,2;75,8;74,3;74,4;74,6;77,5;;
3011000;"Powiat kościański";1893,98;2024,17;2256,12;2528,66;2630,27;2746,53;2855,66;2955,65;3149,89;3257,11;3398,70;3491,93;3718,79;4085,02;4383,66;4582,74;5127,41;5931,56;6677,52;7641,79;;75,5;76,8;78,7;80,1;79,3;80,0;78,8;78,9;81,2;81,3;81,9;81,4;82,1;84,5;84,6;83,0;85,4;88,5;87,9;88,5;;
3012000;"Powiat krotoszyński";1825,31;1954,07;2171,84;2384,97;2368,56;2499,96;2635,10;2729,22;2807,81;2849,87;2931,62;3202,47;3478,90;3722,41;3670,08;4020,71;4285,52;4772,92;5440,35;6138,30;;72,8;74,1;75,8;75,5;71,4;72,8;72,7;72,9;72,4;71,2;70,6;74,6;76,8;77,0;70,8;72,8;71,4;71,2;71,6;71,1;;
3013000;"Powiat leszczyński";2152,29;2299,48;2550,36;2749,10;2853,97;3005,53;3194,85;3450,36;3533,58;3678,43;3812,62;3924,99;4213,65;4304,66;4578,34;4953,38;5274,63;6002,93;6713,55;7612,69;;85,9;87,2;89,0;87,0;86,1;87,5;88,1;92,1;91,1;91,9;91,9;91,5;93,1;89,0;88,4;89,7;87,9;89,5;88,4;88,2;;
3014000;"Powiat międzychodzki";1794,89;1919,32;2153,50;2334,46;2592,09;2642,45;2790,82;2839,46;2996,65;3172,75;3207,93;3406,58;3623,06;3880,47;4097,52;4519,70;4891,36;5620,61;6176,39;7213,73;;71,6;72,8;75,1;73,9;78,2;76,9;77,0;75,8;77,3;79,2;77,3;79,4;80,0;80,3;79,1;81,8;81,5;83,8;81,3;83,6;;
3015000;"Powiat nowotomyski";1986,01;2141,58;2397,58;2582,17;2742,29;2882,44;3038,62;3167,43;3283,41;3466,29;3547,42;3768,93;3989,83;4319,19;4434,29;4807,23;5215,49;5753,37;6461,00;7491,99;;79,2;81,2;83,7;81,8;82,7;83,9;83,8;84,6;84,7;86,6;85,5;87,8;88,1;89,3;85,6;87,0;86,9;85,8;85,1;86,8;;
3016000;"Powiat obornicki";2064,42;2157,39;2347,03;2476,16;2678,83;2893,44;3031,88;3197,81;3214,37;3595,79;3620,93;3867,54;4101,05;4259,36;4484,38;4854,35;5236,25;5821,90;6446,61;7342,60;;82,3;81,8;81,9;78,4;80,8;84,2;83,6;85,4;82,9;89,8;87,2;90,1;90,6;88,1;86,5;87,9;87,3;86,8;84,9;85,1;;
3017000;"Powiat ostrowski";1945,19;2086,69;2303,28;2510,43;2616,26;2779,34;2896,13;3002,27;3086,65;3212,43;3357,37;3576,57;3764,42;4080,99;4303,12;4542,09;4944,70;5499,39;6197,61;7020,52;;77,6;79,1;80,4;79,5;78,9;80,9;79,9;80,2;79,6;80,2;80,9;83,4;83,1;84,4;83,0;82,2;82,4;82,0;81,6;81,3;;
3018000;"Powiat ostrzeszowski";1867,94;2003,16;2223,45;2431,97;2576,64;2700,86;2875,32;3010,05;3032,51;3193,68;3338,34;3509,40;3713,45;3905,96;4195,18;4488,82;4936,59;5479,65;6071,58;7165,32;;74,5;76,0;77,6;77,0;77,7;78,6;79,3;80,4;78,2;79,8;80,4;81,8;82,0;80,8;81,0;81,3;82,3;81,7;79,9;83,0;;
3019000;"Powiat pilski";2185,11;2303,62;2567,82;2765,46;2873,28;3059,54;3186,50;3263,28;3539,58;3635,85;3569,05;3772,08;4006,13;4383,06;4628,67;4928,72;5371,98;6004,37;6794,93;7730,59;;87,2;87,4;89,6;87,6;86,7;89,1;87,9;87,2;91,3;90,8;86,0;87,9;88,5;90,7;89,3;89,2;89,5;89,5;89,5;89,6;;
3020000;"Powiat pleszewski";1759,81;1873,20;2044,54;2329,23;2377,36;2541,49;2722,15;2881,88;3079,05;3190,51;3308,08;3399,21;3621,86;3869,29;4220,36;4471,48;4921,89;5559,50;6214,03;7279,11;;70,2;71,0;71,3;73,7;71,7;74,0;75,1;77,0;79,4;79,7;79,7;79,2;80,0;80,0;81,4;81,0;82,0;82,9;81,8;84,3;;
3021000;"Powiat poznański";2245,02;2362,00;2596,78;2901,70;2909,66;3161,97;3313,05;3405,01;3513,25;3520,37;3676,21;3855,60;4018,59;4241,36;4624,14;4776,27;5054,35;5737,99;6458,00;7385,74;;89,6;89,6;90,6;91,9;87,8;92,1;91,4;90,9;90,6;87,9;88,6;89,9;88,8;87,7;89,2;86,5;84,2;85,6;85,0;85,6;;
3022000;"Powiat rawicki";1633,32;1738,20;1898,14;2155,03;2287,60;2426,25;2574,75;2716,43;2829,57;2920,61;3045,68;3182,07;3442,45;3737,75;3976,06;4357,75;4698,39;5294,49;6006,06;7064,12;;65,2;65,9;66,2;68,2;69,0;70,6;71,0;72,5;73,0;72,9;73,4;74,2;76,0;77,3;76,7;78,9;78,3;79,0;79,1;81,9;;
3023000;"Powiat słupecki";1903,07;2018,52;2165,49;2397,67;2532,49;2651,45;2783,93;2886,83;2951,09;3093,66;3171,47;3317,41;3564,41;3862,22;4166,29;4690,36;4990,83;5450,67;6063,01;7155,79;;75,9;76,6;75,6;75,9;76,4;77,2;76,8;77,1;76,1;77,3;76,4;77,3;78,7;79,9;80,4;84,9;83,2;81,3;79,8;82,9;;
3024000;"Powiat szamotulski";2254,24;2335,51;2548,57;2788,34;2880,98;3036,38;3268,61;3569,58;3821,96;3817,63;3975,80;4196,53;4482,73;4680,51;5000,11;5274,57;5726,53;6309,72;6930,64;7901,80;;89,9;88,6;88,9;88,3;86,9;88,4;90,2;95,3;98,6;95,3;95,8;97,8;99,0;96,8;96,5;95,5;95,4;94,1;91,2;91,6;;
3025000;"Powiat średzki";2162,07;2279,84;2548,58;2791,95;2934,94;3053,97;3195,94;3238,52;3310,35;3466,94;3626,56;3785,23;4102,74;4440,62;4718,06;5004,44;5473,17;6078,30;6736,22;7636,09;;86,2;86,5;88,9;88,4;88,5;88,9;88,2;86,5;85,4;86,6;87,4;88,2;90,6;91,8;91,1;90,6;91,2;90,6;88,7;88,5;;
3026000;"Powiat śremski";1951,11;2029,89;2214,05;2502,48;2633,30;2758,09;2893,71;2998,45;3060,02;3108,41;3250,33;3411,22;3639,72;3861,64;4154,88;4480,42;4935,64;5376,46;6062,53;7046,48;;77,8;77,0;77,3;79,2;79,4;80,3;79,8;80,1;78,9;77,6;78,3;79,5;80,4;79,9;80,2;81,1;82,2;80,2;79,8;81,6;;
3027000;"Powiat turecki";2067,64;2145,13;2290,49;2478,11;2668,35;2768,39;2958,85;2977,38;2959,12;3025,00;2999,24;3167,19;3391,97;3579,72;3862,59;4266,25;4404,21;5049,40;5751,05;6623,58;;82,5;81,4;79,9;78,5;80,5;80,6;81,6;79,5;76,3;75,5;72,3;73,8;74,9;74,0;74,5;77,2;73,4;75,3;75,7;76,7;;
3028000;"Powiat wągrowiecki";1875,56;1967,28;2143,67;2403,16;2540,06;2679,02;2897,22;3084,27;3074,53;3135,77;3346,90;3488,88;3679,03;3912,65;4177,82;4491,29;4879,33;5319,73;6130,17;7049,83;;74,8;74,6;74,8;76,1;76,6;78,0;79,9;82,4;79,3;78,3;80,6;81,3;81,3;80,9;80,6;81,3;81,3;79,3;80,7;81,7;;
3029000;"Powiat wolsztyński";1790,57;1906,04;2180,60;2328,31;2394,07;2490,09;2594,94;2708,32;2812,19;3013,55;3189,94;3315,96;3517,60;3856,99;4122,57;4489,74;4899,60;5635,22;6226,06;7179,52;;71,4;72,3;76,1;73,7;72,2;72,5;71,6;72,3;72,5;75,3;76,9;77,3;77,7;79,8;79,6;81,3;81,6;84,0;82,0;83,2;;
3030000;"Powiat wrzesiński";1861,79;1972,45;2207,24;2457,00;2543,08;2653,68;2816,34;2932,62;3083,46;3264,85;3406,61;3607,50;3928,55;4246,77;4534,94;4779,96;5142,47;5758,50;6441,44;7373,89;;74,3;74,8;77,0;77,8;76,7;77,3;77,7;78,3;79,5;81,5;82,1;84,1;86,8;87,8;87,5;86,5;85,7;85,9;84,8;85,4;;
3031000;"Powiat złotowski";1797,70;1950,95;2192,99;2448,80;2610,42;2675,54;2788,01;2922,82;2969,30;3019,42;3114,52;3221,67;3397,81;3553,95;3823,24;4041,17;4301,59;4964,93;5550,19;6481,66;;71,7;74,0;76,5;77,5;78,7;77,9;76,9;78,1;76,6;75,4;75,0;75,1;75,0;73,5;73,8;73,2;71,7;74,0;73,1;75,1;;
3061000;"Powiat m. Kalisz";2139,04;2223,29;2418,10;2662,95;2777,37;2856,06;3030,68;3150,01;3264,40;3395,84;3532,30;3648,00;3889,60;4124,83;4430,37;4718,01;5158,07;5781,36;6617,76;7664,70;;85,3;84,3;84,4;84,3;83,8;83,1;83,6;84,1;84,2;84,8;85,1;85,0;85,9;85,3;85,5;85,4;86,0;86,2;87,1;88,8;;
3062000;"Powiat m. Konin";2403,22;2539,66;2717,53;2925,27;3073,39;3225,51;3397,78;3483,18;3546,68;3653,29;3790,14;3785,02;3930,94;4215,68;4512,50;4858,06;5369,58;5913,95;6634,81;7676,93;;95,9;96,3;94,8;92,6;92,7;93,9;93,7;93,0;91,5;91,2;91,3;88,2;86,8;87,2;87,1;88,0;89,5;88,2;87,4;89,0;;
3063000;"Powiat m. Leszno";2047,01;2095,97;2276,53;2489,99;2593,63;2689,37;2892,51;2977,96;3225,98;3362,89;3427,70;3406,02;3745,94;4083,89;4271,73;4824,14;5000,33;5831,34;6736,54;7824,59;;81,7;79,5;79,4;78,8;78,2;78,3;79,8;79,5;83,2;84,0;82,6;79,4;82,7;84,5;82,4;87,3;83,3;87,0;88,7;90,7;;
3064000;"Powiat m. Poznań";2734,73;2889,84;3156,71;3517,34;3668,55;3814,08;3987,13;4119,68;4256,82;4354,40;4549,11;4770,94;5062,37;5355,57;5713,03;6104,97;6662,69;7362,74;8303,38;9495,07;;109,1;109,6;110,1;111,4;110,7;111,0;110,0;110,0;109,8;108,8;109,6;111,2;111,8;110,8;110,3;110,5;111,0;109,8;109,3;110,0;;
3200000;"ZACHODNIOPOMORSKIE";2307,99;2406,98;2615,83;2881,00;3021,51;3120,15;3289,56;3417,76;3539,12;3649,27;3793,68;3946,28;4154,25;4431,95;4769,71;5099,49;5549,85;6169,94;7007,40;8027,37;;92,1;91,3;91,3;91,2;91,1;90,8;90,7;91,3;91,3;91,1;91,4;92,0;91,7;91,7;92,1;92,3;92,5;92,0;92,3;93,0;;
3201000;"Powiat białogardzki";1930,55;2027,16;2194,67;2520,14;2595,81;2733,21;2939,20;3090,04;3185,19;3340,94;3394,74;3607,49;3756,70;4093,01;4287,47;4672,61;5146,91;5746,07;6472,12;7482,25;;77,0;76,9;76,6;79,8;78,3;79,6;81,1;82,5;82,1;83,4;81,8;84,1;83,0;84,7;82,7;84,6;85,8;85,7;85,2;86,7;;
3202000;"Powiat choszczeński";1912,19;2027,08;2228,60;2447,98;2676,39;2811,79;2987,64;3151,12;3163,56;3305,47;3397,02;3514,69;3775,03;3951,70;4160,89;4599,57;4981,01;5575,63;6256,58;7346,76;;76,3;76,9;77,8;77,5;80,7;81,9;82,4;84,2;81,6;82,6;81,8;81,9;83,4;81,7;80,3;83,3;83,0;83,1;82,4;85,1;;
3203000;"Powiat drawski";1990,13;1949,77;2158,84;2416,31;2477,64;2589,60;2719,38;2827,94;2909,17;2999,87;3068,19;3197,08;3402,35;3751,47;3982,85;4416,33;4789,08;5323,36;6073,21;7027,57;;79,4;73,9;75,3;76,5;74,7;75,4;75,0;75,5;75,0;74,9;73,9;74,5;75,1;77,6;76,9;80,0;79,8;79,4;80,0;81,4;;
3204000;"Powiat goleniowski";2107,42;2220,20;2450,32;2690,22;2868,19;3029,67;3151,40;3265,66;3411,12;3511,95;3681,15;3872,80;4220,58;4574,30;4775,51;5102,94;5439,72;5991,11;6734,89;7679,18;;84,1;84,2;85,5;85,2;86,5;88,2;86,9;87,2;88,0;87,7;88,7;90,3;93,2;94,6;92,2;92,4;90,6;89,3;88,7;89,0;;
3205000;"Powiat gryficki";1905,94;1984,91;2203,07;2422,35;2522,96;2680,43;2731,19;2831,03;2935,53;3057,57;3184,98;3333,02;3500,89;3776,55;4052,14;4388,97;4745,48;5364,42;6157,01;7348,49;;76,0;75,3;76,9;76,7;76,1;78,0;75,3;75,6;75,7;76,4;76,7;77,7;77,3;78,1;78,2;79,5;79,1;80,0;81,1;85,1;;
3206000;"Powiat gryfiński";2600,67;2690,10;2928,92;3199,74;3402,32;2918,12;3068,98;3222,07;3327,05;3399,34;3534,88;3682,14;3848,29;4170,81;4465,67;4898,41;5297,93;5878,75;6665,53;7694,24;;103,7;102,0;102,2;101,3;102,6;85,0;84,7;86,1;85,8;84,9;85,2;85,8;85,0;86,3;86,2;88,7;88,3;87,7;87,8;89,2;;
3207000;"Powiat kamieński";1983,01;2068,45;2209,45;2409,50;2590,04;2757,00;2898,73;2968,40;3041,77;3123,30;3201,23;3329,25;3525,59;3706,74;4034,80;4304,58;4623,87;5326,89;6058,19;7173,89;;79,1;78,4;77,1;76,3;78,1;80,3;80,0;79,3;78,4;78,0;77,1;77,6;77,9;76,7;77,9;77,9;77,1;79,4;79,8;83,1;;
3208000;"Powiat kołobrzeski";2056,36;2153,82;2336,90;2648,42;2743,18;2844,96;2952,43;3130,38;3199,39;3311,54;3391,16;3504,44;3751,26;3988,20;4331,04;4575,02;5000,76;5585,13;6427,16;7403,44;;82,0;81,7;81,5;83,9;82,7;82,8;81,4;83,6;82,5;82,7;81,7;81,7;82,8;82,5;83,6;82,8;83,3;83,3;84,6;85,8;;
3209000;"Powiat koszaliński";2037,72;2114,31;2296,30;2503,35;2612,20;2766,65;2999,02;3118,05;3200,10;3310,28;3430,31;3558,15;3677,01;3919,20;4204,61;4616,89;5100,02;5601,77;6355,69;7193,17;;81,3;80,2;80,1;79,3;78,8;80,5;82,7;83,3;82,5;82,7;82,6;82,9;81,2;81,1;81,1;83,6;85,0;83,5;83,7;83,3;;
3210000;"Powiat myśliborski";1998,57;2017,82;2206,57;2453,22;2565,77;2680,21;2943,01;3143,15;3315,48;3344,71;3382,88;3543,66;3810,17;3956,46;4206,22;4503,53;4927,15;5671,63;6403,68;7410,34;;79,7;76,5;77,0;77,7;77,4;78,0;81,2;83,9;85,5;83,5;81,5;82,6;84,1;81,8;81,2;81,5;82,1;84,6;84,3;85,9;;
3211000;"Powiat policki";2814,30;2913,87;3035,02;3463,16;3439,16;3568,57;3721,07;3921,50;4006,56;4139,86;4309,12;4506,56;4624,12;4908,94;5169,21;5535,45;5844,37;6622,81;7366,79;7944,85;;112,3;110,5;105,9;109,6;103,7;103,9;102,6;104,7;103,3;103,4;103,8;105,0;102,1;101,5;99,8;100,2;97,4;98,8;97,0;92,1;;
3212000;"Powiat pyrzycki";1918,41;2013,60;2112,50;2377,42;2609,36;2649,26;2735,56;2768,91;2964,75;3091,46;3189,06;3429,38;3612,65;3923,66;4134,08;4428,81;5265,00;5694,42;6341,32;7288,59;;76,5;76,4;73,7;75,3;78,7;77,1;75,5;73,9;76,5;77,2;76,8;79,9;79,8;81,2;79,8;80,2;87,7;84,9;83,5;84,5;;
3213000;"Powiat sławieński";1773,70;1856,78;2124,21;2401,03;2521,60;2630,46;2796,72;2905,46;2958,67;3057,18;3120,70;3252,37;3472,79;3770,34;4010,20;4350,66;4747,64;5260,40;5911,21;7112,26;;70,8;70,4;74,1;76,0;76,1;76,6;77,1;77,6;76,3;76,4;75,2;75,8;76,7;78,0;77,4;78,8;79,1;78,4;77,8;82,4;;
3214000;"Powiat stargardzki";2056,89;2130,66;2322,96;2565,94;2790,80;2866,72;3110,83;3171,47;3274,44;3328,64;3523,62;3609,29;3817,60;4104,49;4460,30;4750,37;5126,31;5605,44;6404,24;7224,63;;82,0;80,8;81,1;81,2;84,2;83,5;85,8;84,7;84,4;83,1;84,9;84,1;84,3;84,9;86,1;86,0;85,4;83,6;84,3;83,7;;
3215000;"Powiat szczecinecki";2187,41;2343,44;2569,09;2628,48;2764,65;2894,86;3105,57;3244,82;3355,74;3514,38;3574,91;3705,74;3880,91;4185,96;4452,12;4827,82;5255,69;5799,80;6474,24;7520,84;;87,3;88,9;89,6;83,2;83,4;84,3;85,7;86,7;86,5;87,8;86,1;86,4;85,7;86,6;85,9;87,4;87,6;86,5;85,2;87,1;;
3216000;"Powiat świdwiński";1886,16;1922,03;2075,56;2263,03;2415,92;2482,27;2772,14;2892,61;2916,21;3033,78;3162,58;3223,10;3470,74;3703,91;3984,99;4339,70;4704,50;5239,03;6050,51;7057,15;;75,2;72,9;72,4;71,6;72,9;72,3;76,5;77,3;75,2;75,8;76,2;75,1;76,7;76,6;76,9;78,6;78,4;78,1;79,7;81,8;;
3217000;"Powiat wałecki";2017,06;2131,65;2383,47;2538,35;2678,58;2827,15;2978,86;3093,47;3228,77;3336,50;3447,21;3557,62;3761,59;4045,65;4363,14;4678,73;5224,57;5886,05;6651,30;7568,91;;80,5;80,8;83,2;80,4;80,8;82,3;82,2;82,6;83,3;83,3;83,0;82,9;83,1;83,7;84,2;84,7;87,1;87,8;87,6;87,7;;
3218000;"Powiat łobeski";1933,33;1992,79;2124,98;2358,34;2500,41;2642,12;2841,15;3082,29;3122,22;3289,68;3419,11;3594,16;3662,40;4083,38;4321,83;4713,45;4962,09;5630,58;6257,92;7375,31;;77,1;75,6;74,1;74,7;75,4;76,9;78,4;82,3;80,5;82,2;82,4;83,8;80,9;84,5;83,4;85,3;82,7;84,0;82,4;85,5;;
3261000;"Powiat m. Koszalin";2219,75;2352,94;2534,90;2774,00;2931,88;3070,78;3181,23;3323,31;3492,03;3568,03;3644,39;3820,63;3999,59;4184,46;4625,35;4973,23;5496,02;6054,77;6828,27;7872,25;;88,5;89,2;88,4;87,8;88,4;89,4;87,8;88,8;90,1;89,1;87,8;89,0;88,3;86,5;89,3;90,0;91,6;90,3;89,9;91,2;;
3262000;"Powiat m. Szczecin";2630,23;2734,68;2975,73;3290,65;3472,49;3586,82;3761,89;3881,46;4029,51;4176,65;4381,58;4539,15;4732,93;5007,48;5408,91;5695,84;6244,67;6943,84;7933,31;9044,66;;104,9;103,7;103,8;104,2;104,7;104,4;103,8;103,7;103,9;104,3;105,6;105,8;104,5;103,6;104,4;103,1;104,1;103,6;104,5;104,8;;
3263000;"Powiat m. Świnoujście";2319,39;2472,34;2666,05;2936,78;3087,66;3261,27;3598,11;3729,48;3903,93;4127,79;4344,85;4306,81;4536,08;4779,09;5222,62;5517,68;5564,41;6061,29;6847,78;7897,89;;92,5;93,8;93,0;93,0;93,1;94,9;99,3;99,6;100,7;103,1;104,7;100,4;100,2;98,8;100,8;99,9;92,7;90,4;90,2;91,5;;
